Frequency,S21_Magnitude,
0.0,-35.70188133140377,
5994005.994005994,-33.30398777938558,
11988011.988011988,-28.883628250668462,
17982017.982017983,-26.51720145558325,
23976023.976023976,-25.6911839542311,
29970029.97002997,-24.7658224425426,
35964035.964035966,-21.876343025039507,
41958041.95804196,-23.21076722361112,
47952047.95204795,-25.03771198651825,
53946053.946053945,-25.964913009851216,
59940059.94005994,-26.31933706888651,
65934065.93406593,-26.673761127921804,
71928071.92807193,-27.028185186957096,
77922077.92207792,-27.738630699177087,
83916083.91608392,-28.479459756757226,
89910089.91008991,-28.999115891501702,
95904095.9040959,-29.07739149025015,
101898101.8981019,-29.155667088998598,
107892107.89210789,-29.233942687747046,
113886113.88611388,-29.312218286495494,
119880119.88011988,-28.47807854229685,
125874125.87412587,-28.99721499757703,
131868131.86813186,-31.28305626677575,
137862137.86213785,-33.568897535974465,
143856143.85614386,-34.350554414229826,
149850149.85014984,-29.630748147174078,
155844155.84415585,-25.269891845371017,
161838161.83816183,-21.748911875629844,
167832167.83216783,-20.487211112572467,
173826173.8261738,-17.43103361382818,
179820179.82017982,-17.206773291084026,
185814185.8141858,-16.982512968339872,
191808191.8081918,-16.758252645595718,
197802197.8021978,-16.533992322851564,
203796203.7962038,-16.309732000107413,
209790209.7902098,-16.529881890064075,
215784215.78421578,-16.794399430662278,
221778221.7782218,-17.043600773945293,
227772227.77222776,-16.362854365804804,
233766233.76623377,-15.682107957664314,
239760239.76023975,-15.001361549523825,
245754245.75424576,-15.545391588560316,
251748251.74825174,-16.241447330827086,
257742257.74225774,-16.937503073093858,
263736263.73626372,-16.19474593986161,
269730269.73026973,-14.50531522716292,
275724275.7242757,-13.765950110329925,
281718281.7182817,-13.4691743330734,
287712287.7122877,-13.172398555816876,
293706293.7062937,-12.875622778560354,
299700299.7002997,-12.578847001303831,
305694305.6943057,-12.362953195316521,
311688311.6883117,-12.211295973925601,
317682317.6823177,-12.05963875253468,
323676323.67632365,-11.90798153114376,
329670329.6703297,-11.756324309752838,
335664335.66433567,-11.597067560362547,
341658341.65834165,-11.424548708964874,
347652347.6523476,-11.252029857567202,
353646353.64635366,-10.52679581633985,
359640359.64035964,-9.37085746957785,
365634365.6343656,-7.456463179627962,
371628371.6283716,-6.914149479222542,
377622377.62237763,-6.3718357788171165,
383616383.6163836,-5.822493486186731,
389610389.6103896,-5.20882271993849,
395604395.6043956,-4.595151953690243,
401598401.5984016,-3.7122109132368926,
407592407.5924076,-1.725391734577756,
413586413.58641356,-1.254992033211972,
419580419.5804196,-0.7845923318461835,
425574425.5744256,-0.31419263048039947,
431568431.56843156,0.15620707088538466,
437562437.56243753,1.9223141691884422,
443556443.5564436,2.5067022864028097,
449550449.55044955,3.013149672134599,
455544455.5444555,3.5195970578663878,
461538461.5384615,4.0899448765879205,
467532467.53246754,4.69264449396283,
473526473.5264735,5.295344111337734,
479520479.5204795,5.699319077168235,
485514485.51448554,6.08214973541496,
491508491.5084915,6.464980393661682,
497502497.5024975,6.847811051908403,
503496503.4965035,7.385588072394695,
509490509.4905095,8.093767308070321,
515484515.4845155,8.944376227299664,
521478521.47852147,10.323946166927486,
527472527.47252744,10.897239023505342,
533466533.4665335,11.332334158311044,
539460539.4605395,11.767429293116741,
545454545.4545455,12.202524427922441,
551448551.4485514,12.655316117327734,
557442557.4425575,13.109455627183603,
563436563.4365634,13.563595137039464,
569430569.4305694,14.009939675120192,
575424575.4245754,14.426245192196124,
581418581.4185814,14.842550709272045,
587412587.4125874,15.258856226347977,
593406593.4065934,15.640774240231595,
599400599.4005994,16.013258123931102,
605394605.3946054,16.38574200763062,
611388611.3886114,16.75822589133013,
617382617.3826174,17.077727064702483,
623376623.3766234,17.301854119509713,
629370629.3706293,17.525981174316932,
635364635.3646353,17.750108229124162,
641358641.3586414,17.97423528393139,
647352647.3526473,18.19836233873861,
653346653.3466533,18.546300559867877,
659340659.3406594,18.935339282842932,
665334665.3346653,19.324378005817977,
671328671.3286713,19.71341672879303,
677322677.3226774,19.92695664434993,
683316683.3166833,20.095953961954336,
689310689.3106893,20.264951279558744,
695304695.3046952,20.433948597163152,
701298701.2987013,20.60294591476756,
707292707.2927073,20.77194323237197,
713286713.2867132,20.883277876449007,
719280719.2807193,20.976398847373886,
725274725.2747253,21.069519818298765,
731268731.2687312,21.16264078922364,
737262737.2627373,21.255761760148523,
743256743.2567432,21.3488827310734,
749250749.2507492,21.37224740774849,
755244755.2447553,21.368798482899418,
761238761.2387612,21.36534955805035,
767232767.2327672,21.36190063320128,
773226773.2267733,21.358451708352213,
779220779.2207792,21.355002783503142,
785214785.2147852,21.356276982317137,
791208791.2087913,21.359725907166208,
797202797.2027972,21.363174832015275,
803196803.1968032,21.366623756864346,
809190809.1908091,21.370072681713417,
815184815.1848152,21.373521606562484,
821178821.1788212,21.33902946493394,
827172827.1728271,21.28384666734883,
833166833.1668332,21.228663869763714,
839160839.1608392,21.1734810721786,
845154845.1548451,21.11829827459349,
851148851.1488512,21.063115477008374,
857142857.1428571,21.026851516856937,
863136863.1368631,21.002709042913448,
869130869.1308692,20.97856656896996,
875124875.1248751,20.954424095026475,
881118881.1188811,20.930281621082987,
887112887.1128871,20.9061391471395,
893106893.1068931,20.864245445287402,
899100899.1008991,20.809062647702287,
905094905.0949051,20.753879850117176,
911088911.088911,20.69869705253206,
917082917.0829171,20.64351425494695,
923076923.076923,20.588331457361836,
929070929.070929,20.577371642132853,
935064935.0649351,20.60496304092541,
941058941.058941,20.632554439717968,
947052947.052947,20.660145838510523,
953046953.0469531,20.687737237303082,
959040959.040959,20.715328636095638,
965034965.034965,20.777177832351498,
971028971.0289711,20.873747728125444,
977022977.022977,20.97031762389939,
983016983.016983,21.066887519673337,
989010989.010989,21.163457415447283,
995004995.004995,21.26002731122123,
1000999000.999001,21.36767929536562,
1006993006.993007,21.488391665083054,
1012987012.987013,21.60910403480049,
1018981018.981019,21.72981640451793,
1024975024.9750249,21.850528774235364,
1030969030.969031,21.971241143952803,
1036963036.9630369,22.087593250400783,
1042957042.9570429,22.19795884557101,
1048951048.951049,22.308324440741234,
1054945054.9450549,22.418690035911457,
1060939060.9390609,22.529055631081683,
1066933066.933067,22.63942122625191,
1072927072.9270729,22.78287898887574,
1078921078.921079,22.979467705272707,
1084915084.9150848,23.17605642166967,
1090909090.909091,23.372645138066645,
1096903096.903097,23.569233854463608,
1102897102.8971028,23.76582257086057,
1108891108.891109,23.934950384208715,
1114885114.885115,24.05221382907708,
1120879120.8791208,24.169477273945443,
1126873126.8731267,24.286740718813807,
1132867132.867133,24.404004163682178,
1138861138.8611388,24.52126760855054,
1144855144.8551447,24.623632002611746,
1150849150.849151,24.69261049959314,
1156843156.8431568,24.761588996574527,
1162837162.8371627,24.830567493555918,
1168831168.831169,24.899545990537312,
1174825174.8251748,24.9685244875187,
1180819180.8191807,25.039371951546336,
1186813186.813187,25.115248298225872,
1192807192.8071928,25.1911246449054,
1198801198.8011987,25.26700099158493,
1204795204.7952049,25.342877338264465,
1210789210.7892108,25.418753684943994,
1216783216.7832167,25.489801536834825,
1222777222.7772229,25.54498433441994,
1228771228.7712288,25.60016713200505,
1234765234.7652347,25.655349929590162,
1240759240.7592406,25.710532727175273,
1246753246.7532468,25.765715524760385,
1252747252.7472527,25.830348528702363,
1258741258.7412586,25.93381627417445,
1264735264.7352648,26.03728401964654,
1270729270.7292707,26.140751765118626,
1276723276.7232766,26.24421951059071,
1282717282.7172828,26.3476872560628,
1288711288.7112887,26.448428599794372,
1294705294.7052946,26.534651721021113,
1300699300.6993008,26.620874842247854,
1306693306.6933067,26.70709796347459,
1312687312.6873126,26.79332108470133,
1318681318.6813188,26.879544205928074,
1324675324.6753247,26.967429510980526,
1330669330.6693306,27.067448331603543,
1336663336.6633368,27.167467152226564,
1342657342.6573427,27.267485972849578,
1348651348.6513486,27.367504793472595,
1354645354.6453547,27.467523614095615,
1360639360.6393607,27.57011473880143,
1366633366.6333666,27.701173883066073,
1372627372.6273725,27.832233027330716,
1378621378.6213787,27.963292171595363,
1384615384.6153846,28.094351315860006,
1390609390.6093905,28.22541046012465,
1396603396.6033967,28.35568921852389,
1402597402.5974026,28.46950373854318,
1408591408.5914085,28.583318258562475,
1414585414.5854146,28.697132778581775,
1420579420.5794206,28.810947298601068,
1426573426.5734265,28.92476181862036,
1432567432.5674326,29.03828656804417,
1438561438.5614386,29.1141629147237,
1444555444.5554445,29.19003926140323,
1450549450.5494506,29.265915608082757,
1456543456.5434566,29.341791954762286,
1462537462.5374625,29.417668301441815,
1468531468.5314686,29.493544648121347,
1474525474.5254745,29.609567393666527,
1480519480.5194805,29.72683083853489,
1486513486.5134864,29.844094283403255,
1492507492.5074925,29.961357728271622,
1498501498.5014985,30.07862117313999,
1504495504.4955044,30.195884618008353,
1510489510.4895105,30.30993226402959,
1516483516.4835165,30.423746784048884,
1522477522.4775224,30.537561304068177,
1528471528.4715285,30.651375824087477,
1534465534.4655344,30.76519034410677,
1540459540.4595404,30.879004864126063,
1546453546.4535465,30.97430299741262,
1552447552.4475524,31.0674239683375,
1558441558.4415584,31.160544939262376,
1564435564.4355645,31.25366591018726,
1570429570.4295704,31.346786881112134,
1576423576.4235764,31.439907852037013,
1582417582.4175825,31.488683872005144,
1588411588.4115884,31.53007097019398,
1594405594.4055943,31.571458068382814,
1600399600.3996003,31.612845166571645,
1606393606.3936064,31.654232264760484,
1612387612.3876123,31.695619362949316,
1618381618.3816183,31.703087313072835,
1624375624.3756244,31.703087313072835,
1630369630.3696303,31.703087313072835,
1636363636.3636363,31.703087313072835,
1642357642.3576424,31.703087313072835,
1648351648.3516483,31.703087313072835,
1654345654.3456542,31.77590256764461,
1660339660.3396604,31.86902353856949,
1666333666.3336663,31.96214450949437,
1672327672.3276722,32.055265480419244,
1678321678.3216784,32.14838645134413,
1684315684.3156843,32.241507422269,
1690309690.3096902,32.28071872852987,
1696303696.3036964,32.30141227762429,
1702297702.2977023,32.322105826718705,
1708291708.2917082,32.34279937581312,
1714285714.2857141,32.36349292490754,
1720279720.2797203,32.38418647400196,
1726273726.2737262,32.40244263059928,
1732267732.2677321,32.41968725484463,
1738261738.2617383,32.436931879089975,
1744255744.2557442,32.454176503335326,
1750249750.2497501,32.471421127580676,
1756243756.2437563,32.48866575182602,
1762237762.2377622,32.5105256922822,
1768231768.2317681,32.534668166225686,
1774225774.2257743,32.55881064016917,
1780219780.2197802,32.58295311411266,
1786213786.2137861,32.60709558805615,
1792207792.2077923,32.63123806199963,
1798201798.2017982,32.67280392565306,
1804195804.195804,32.7245377983891,
1810189810.1898103,32.776271671125144,
1816183816.1838162,32.82800554386119,
1822177822.177822,32.87973941659723,
1828171828.1718283,32.931473289333276,
1834165834.1658342,32.97501440478105,
1840159840.15984,33.01295257812081,
1846153846.153846,33.05089075146058,
1852147852.1478522,33.08882892480034,
1858141858.141858,33.12676709814011,
1864135864.135864,33.16470527147987,
1870129870.1298702,33.194969625098054,
1876123876.123876,33.219112099041546,
1882117882.117882,33.24325457298503,
1888111888.1118882,33.26739704692852,
1894105894.105894,33.29153952087201,
1900099900.0999,33.3156819948155,
1906093906.0939062,33.32909214552666,
1912087912.087912,33.332541070375726,
1918081918.081918,33.3359899952248,
1924075924.0759242,33.33943892007387,
1930069930.06993,33.342887844922934,
1936063936.063936,33.346336769772,
1942057942.0579422,33.36305758379745,
1948051948.051948,33.394097907439075,
1954045954.045954,33.4251382310807,
1960039960.03996,33.45617855472233,
1966033966.033966,33.487218878363954,
1972027972.027972,33.51825920200558,
1978021978.021978,33.53706551160422,
1984015984.015984,33.540514436453286,
1990009990.00999,33.54396336130236,
1996003996.003996,33.54741228615143,
2001998001.998002,33.550861211000495,
2007992007.992008,33.55431013584957,
2013986013.986014,33.571754234335636,
2019980019.98002,33.6096924076754,
2025974025.974026,33.647630581015164,
2031968031.968032,33.68556875435493,
2037962037.962038,33.72350692769469,
2043956043.956044,33.76144510103446,
2049950049.9500499,33.77652718087776,
2055944055.944056,33.752384706934265,
2061938061.938062,33.72824223299078,
2067932067.9320679,33.704099759047295,
2073926073.9260738,33.679957285103804,
2079920079.92008,33.65581481116032,
2085914085.9140859,33.64307282302036,
2091908091.9080918,33.65341959756757,
2097902097.902098,33.66376637211478,
2103896103.8961039,33.67411314666198,
2109890109.8901098,33.68445992120919,
2115884115.884116,33.6948066957564,
2121878121.8781219,33.70616378449229,
2127872127.8721278,33.719959483888566,
2133866133.866134,33.73375518328484,
2139860139.8601398,33.747550882681125,
2145854145.8541458,33.7613465820774,
2151848151.8481517,33.775142281473684,
2157842157.842158,33.789818560666966,
2163836163.836164,33.807063184912316,
2169830169.8301697,33.82430780915766,
2175824175.824176,33.84155243340301,
2181818181.818182,33.85879705764835,
2187812187.8121877,33.8760416818937,
2193806193.806194,33.88577785208573,
2199800199.8002,33.86853322784039,
2205794205.7942057,33.85128860359504,
2211788211.788212,33.83404397934969,
2217782217.782218,33.816799355104344,
2223776223.7762237,33.79955473085899,
2229770229.77023,33.78106788458633,
2235764235.764236,33.75692541064284,
2241758241.7582417,33.73278293669936,
2247752247.752248,33.70864046275587,
2253746253.7462535,33.68449798881238,
2259740259.7402596,33.6603555148689,
2265734265.734266,33.6396526772793,
2271728271.7282715,33.6396526772793,
2277722277.7222776,33.6396526772793,
2283716283.716284,33.6396526772793,
2289710289.7102895,33.6396526772793,
2295704295.7042956,33.6396526772793,
2301698301.698302,33.64543895296428,
2307692307.6923075,33.70062175054939,
2313686313.6863136,33.755804548134506,
2319680319.68032,33.81098734571962,
2325674325.6743255,33.86617014330473,
2331668331.6683316,33.92135294088984,
2337662337.662338,33.97212948954085,
2343656343.6563435,33.96178271499364,
2349650349.6503496,33.95143594044643,
2355644355.644356,33.94108916589922,
2361638361.6383615,33.93074239135201,
2367632367.6323676,33.920395616804804,
2373626373.626374,33.910253189151526,
2379620379.6203794,33.90680426430245,
2385614385.6143856,33.903355339453384,
2391608391.608392,33.89990641460431,
2397602397.6023974,33.89645748975524,
2403596403.5964036,33.893008564906175,
2409590409.5904098,33.8895596400571,
2415584415.5844154,33.86216116787752,
2421578421.5784216,33.83456976908496,
2427572427.5724277,33.8069783702924,
2433566433.5664334,33.77938697149985,
2439560439.5604396,33.75179557270729,
2445554445.5544457,33.724204173914735,
2451548451.5484514,33.68673788658412,
2457542457.5424576,33.64879971324435,
2463536463.5364637,33.61086153990458,
2469530469.5304694,33.57292336656482,
2475524475.5244756,33.534985193225054,
2481518481.5184813,33.497047019885294,
2487512487.5124874,33.5286705392078,
2493506493.5064936,33.56660871254757,
2499500499.5004992,33.60454688588733,
2505494505.4945054,33.6424850592271,
2511488511.4885116,33.680423232566866,
2517482517.4825172,33.71836140590663,
2523476523.4765234,33.71688148976499,
2529470529.4705296,33.709983640066845,
2535464535.464535,33.70308579036871,
2541458541.4585414,33.69618794067057,
2547452547.4525476,33.68929009097243,
2553446553.446553,33.682392241274286,
2559440559.4405594,33.68710409692681,
2565434565.4345655,33.69400194662495,
2571428571.428571,33.70089979632309,
2577422577.4225774,33.70779764602123,
2583416583.4165835,33.71469549571937,
2589410589.410589,33.72159334541751,
2595404595.4045954,33.734036579007636,
2601398601.3986015,33.74783227840391,
2607392607.392607,33.76162797780019,
2613386613.3866134,33.775423677196464,
2619380619.3806195,33.78921937659274,
2625374625.374625,33.803015075989016,
2631368631.3686314,33.74545092141871,
2637362637.3626375,33.666125649890105,
2643356643.356643,33.58680037836151,
2649350649.3506494,33.507475106832906,
2655344655.3446555,33.4281498353043,
2661338661.338661,33.34882456377571,
2667332667.3326674,33.33232987131323,
2673326673.3266735,33.33922772101137,
2679320679.320679,33.3461255707095,
2685314685.3146853,33.353023420407645,
2691308691.3086915,33.35992127010578,
2697302697.302697,33.366819119803914,
2703296703.2967033,33.35226557056332,
2709290709.2907095,33.328123096619834,
2715284715.284715,33.30398062267635,
2721278721.2787213,33.279838148732864,
2727272727.272727,33.25569567478938,
2733266733.266733,33.23155320084589,
2739260739.2607393,33.23896328821257,
2745254745.254745,33.26310576215605,
2751248751.248751,33.287248236099536,
2757242757.2427573,33.31139071004302,
2763236763.236763,33.335533183986506,
2769230769.230769,33.35967565792999,
2775224775.2247753,33.37744607191061,
2781218781.218781,33.39124177130689,
2787212787.212787,33.405037470703164,
2793206793.2067933,33.41883317009945,
2799200799.200799,33.43262886949572,
2805194805.194805,33.446424568892006,
2811188811.1888113,33.44027741232878,
2817182817.182817,33.419583863234365,
2823176823.176823,33.39889031413995,
2829170829.1708293,33.37819676504553,
2835164835.164835,33.35750321595111,
2841158841.158841,33.336809666856695,
2847152847.1528473,33.32357432257938,
2853146853.146853,33.31667647288125,
2859140859.140859,33.30977862318311,
2865134865.1348653,33.302880773484965,
2871128871.128871,33.29598292378683,
2877122877.122877,33.28908507408869,
2883116883.1168833,33.27177832351493,
2889110889.110889,33.24418692472238,
2895104895.104895,33.21659552592982,
2901098901.0989013,33.18900412713726,
2907092907.092907,33.16141272834471,
2913086913.086913,33.13382132955215,
2919080919.0809193,33.10301976591773,
2925074925.074925,33.068530517427035,
2931068931.068931,33.03404126893634,
2937062937.0629373,32.99955202044565,
2943056943.056943,32.965062771954955,
2949050949.050949,32.930573523464254,
2955044955.044955,32.90936240723686,
2961038961.038961,32.90591348238779,
2967032967.032967,32.90246455753872,
2973026973.026973,32.899015632689654,
2979020979.020979,32.89556670784059,
2985014985.014985,32.89211778299151,
2991008991.008991,32.883286403592116,
2997002997.002997,32.86604177934677,
3002997002.997003,32.84879715510142,
3008991008.9910088,32.83155253085608,
3014985014.985015,32.81430790661073,
3020979020.979021,32.79706328236538,
3026973026.9730268,32.76644398641504,
3032967032.967033,32.71126118882993,
3038961038.961039,32.65607839124481,
3044955044.9550447,32.6008955936597,
3050949050.949051,32.54571279607458,
3056943056.943057,32.490529998489464,
3062937062.9370627,32.45381166342634,
3068931068.931069,32.45726058827541,
3074925074.925075,32.460709513124485,
3080919080.9190807,32.46415843797355,
3086913086.913087,32.46760736282262,
3092907092.907093,32.471056287671686,
3098901098.9010987,32.45920264511979,
3104895104.895105,32.40746877238374,
3110889110.889111,32.35573489964769,
3116883116.8831167,32.304001026911656,
3122877122.877123,32.252267154175605,
3128871128.871129,32.20053328143956,
3134865134.8651347,32.1702929865466,
3140859140.859141,32.20823115988636,
3146853146.853147,32.24616933322613,
3152847152.8471527,32.28410750656589,
3158841158.841159,32.322045679905656,
3164835164.835165,32.35998385324542,
3170829170.8291707,32.39025566811383,
3176823176.823177,32.39025566811383,
3182817182.817183,32.39025566811383,
3188811188.8111887,32.39025566811383,
3194805194.805195,32.39025566811383,
3200799200.7992005,32.39025566811383,
3206793206.7932067,32.39025566811383,
3212787212.787213,32.39025566811383,
3218781218.7812185,32.39025566811383,
3224775224.7752247,32.39025566811383,
3230769230.769231,32.39025566811383,
3236763236.7632365,32.39025566811383,
3242757242.7572427,32.39419292417663,
3248751248.751249,32.425233247818255,
3254745254.7452545,32.45627357145988,
3260739260.7392607,32.48731389510151,
3266733266.733267,32.518354218743134,
3272727272.7272725,32.54939454238476,
3278721278.7212787,32.581973558547354,
3284715284.715285,32.63025850643433,
3290709290.7092905,32.6785434543213,
3296703296.7032967,32.72682840220828,
3302697302.697303,32.775113350095246,
3308691308.6913085,32.82339829798222,
3314685314.6853147,32.86723314305621,
3320679320.679321,32.82929496971644,
3326673326.6733265,32.79135679637668,
3332667332.6673326,32.753418623036914,
3338661338.661339,32.71548044969715,
3344655344.6553445,32.677542276357386,
3350649350.6493506,32.64013506994692,
3356643356.643357,32.64013506994692,
3362637362.6373625,32.64013506994692,
3368631368.6313686,32.64013506994692,
3374625374.625375,32.64013506994692,
3380619380.6193805,32.64013506994692,
3386613386.6133866,32.64013506994692,
3392607392.607393,32.66370729119461,
3398601398.6013985,32.687849765138104,
3404595404.5954046,32.71199223908159,
3410589410.589411,32.73613471302508,
3416583416.5834165,32.760277186968565,
3422577422.5774226,32.78441966091206,
3428571428.5714283,32.76647169963016,
3434565434.5654345,32.74577815053574,
3440559440.5594406,32.72508460144132,
3446553446.5534463,32.70439105234691,
3452547452.5474524,32.68369750325248,
3458541458.5414586,32.663003954158064,
3464535464.5354643,32.67649831040749,
3470529470.5294704,32.69374293465284,
3476523476.5234766,32.71098755889818,
3482517482.5174823,32.72823218314353,
3488511488.5114884,32.74547680738888,
3494505494.5054946,32.762721431634226,
3500499500.4995003,32.806770368908566,
3506493506.4935064,32.855055316795536,
3512487512.4875126,32.90334026468251,
3518481518.4815183,32.95162521256948,
3524475524.4755244,32.99991016045646,
3530469530.4695306,33.048195108343435,
3536463536.4635363,33.02241846833018,
3542457542.4575424,32.981031370141345,
3548451548.4515486,32.93964427195251,
3554445554.4455543,32.898257173763675,
3560439560.4395604,32.85687007557484,
3566433566.4335666,32.815482977386004,
3572427572.4275723,32.83119043181451,
3578421578.4215784,32.86223075545614,
3584415584.4155846,32.893271079097765,
3590409590.4095902,32.92431140273939,
3596403596.4035964,32.95535172638102,
3602397602.3976026,32.986392050022644,
3608391608.391608,32.95011697413107,
3614385614.3856144,32.891485251696885,
3620379620.3796206,32.8328535292627,
3626373626.373626,32.77422180682852,
3632367632.3676324,32.71559008439434,
3638361638.3616385,32.65695836196016,
3644355644.355644,32.677024861494814,
3650349650.3496504,32.72875873423086,
3656343656.3436565,32.78049260696691,
3662337662.337662,32.832226479702946,
3668331668.3316684,32.883960352439,
3674325674.325674,32.935694225175034,
3680319680.31968,32.95248432223829,
3686313686.3136864,32.95248432223829,
3692307692.307692,32.95248432223829,
3698301698.301698,32.95248432223829,
3704295704.2957044,32.95248432223829,
3710289710.28971,32.95248432223829,
3716283716.283716,32.96128372485101,
3722277722.2777224,32.975079424247284,
3728271728.271728,32.98887512364357,
3734265734.265734,33.00267082303984,
3740259740.2597404,33.016466522436126,
3746253746.253746,33.0302622218324,
3752247752.247752,33.031637223659644,
3758241758.2417583,33.0247393739615,
3764235764.235764,33.01784152426337,
3770229770.22977,33.010943674565226,
3776223776.2237763,33.004045824867084,
3782217782.217782,32.99714797516894,
3788211788.211788,32.96502516116299,
3794205794.2057943,32.91329128842695,
3800199800.1998,32.8615574156909,
3806193806.193806,32.80982354295486,
3812187812.1878123,32.758089670218816,
3818181818.181818,32.70635579748277,
3824175824.175824,32.70033568748181,
3830169830.1698303,32.735677479193626,
3836163836.163836,32.771019270905434,
3842157842.157842,32.80636106261725,
3848151848.1518483,32.84170285432907,
3854145854.145854,32.87704464604088,
3860139860.13986,32.90958100581834,
3866133866.1338663,32.923003848474174,
3872127872.127872,32.93642669113001,
3878121878.121878,32.94984953378585,
3884115884.1158843,32.96327237644169,
3890109890.10989,32.97669521909752,
3896103896.103896,32.9916739838588,
3902097902.097902,33.00701976183893,
3908091908.091908,33.02236553981906,
3914085914.085914,33.03771131779919,
3920079920.07992,33.05305709577932,
3926073926.073926,33.06840287375945,
3932067932.067932,33.064631024426596,
3938061938.061938,33.03359070078497,
3944055944.055944,33.00255037714334,
3950049950.04995,32.97151005350172,
3956043956.043956,32.9404697298601,
3962037962.037962,32.90942940621847,
3968031968.031968,32.89001447178002,
3974025974.025974,32.89001447178002,
3980019980.01998,32.89001447178002,
3986013986.013986,32.89001447178002,
3992007992.007992,32.89001447178002,
3998001998.001998,32.89001447178002,
4003996003.996004,32.89001447178002,
4009990009.99001,32.89001447178002,
4015984015.984016,32.89001447178002,
4021978021.978022,32.89001447178002,
4027972027.972028,32.89001447178002,
4033966033.966034,32.89001447178002,
4039960039.96004,32.89414343629249,
4045954045.954046,32.907939135688764,
4051948051.948052,32.92173483508505,
4057942057.942058,32.93553053448132,
4063936063.936064,32.9493262338776,
4069930069.93007,32.96312193327388,
4075924075.924076,32.97691763267016,
4081918081.9180818,32.990713332066434,
4087912087.912088,33.00450903146271,
4093906093.906094,33.01830473085899,
4099900099.9000998,33.03210043025527,
4105894105.894106,33.045896129651545,
4111888111.888112,33.064328463116446,
4117882117.8821177,33.09881771160713,
4123876123.876124,33.13330696009783,
4129870129.87013,33.16779620858853,
4135864135.8641357,33.20228545707922,
4141858141.858142,33.236774705569914,
4147852147.8521476,33.2584031949987,
4153846153.8461537,33.223913946508,
4159840159.84016,33.189424698017305,
4165834165.8341656,33.15493544952661,
4171828171.8281717,33.12044620103591,
4177822177.822178,33.08595695254522,
4183816183.8161836,33.0555741325459,
4189810189.8101897,33.04867628284776,
4195804195.804196,33.041778433149624,
4201798201.7982016,33.03488058345148,
4207792207.7922077,33.02798273375334,
4213786213.786214,33.021084884055206,
4219780219.7802196,33.01610488020581,
4225774225.7742257,33.02645165475302,
4231768231.768232,33.03679842930023,
4237762237.7622375,33.047145203847435,
4243756243.7562437,33.057491978394644,
4249750249.75025,33.06783875294185,
4255744255.7442555,33.07793169271098,
4261738261.7382617,33.084829542409125,
4267732267.732268,33.09172739210726,
4273726273.7262735,33.0986252418054,
4279720279.7202797,33.10552309150354,
4285714285.714286,33.11242094120168,
4291708291.7082915,33.11956699167262,
4297702297.702297,33.133362691068896,
4303696303.696303,33.14715839046518,
4309690309.69031,33.160954089861455,
4315684315.684316,33.17474978925774,
4321678321.678322,33.188545488654015,
4327672327.672328,33.20234118805029,
4333666333.666333,33.22302346913416,
4339660339.660339,33.24371701822859,
4345654345.6543455,33.264410567323004,
4351648351.648352,33.28510411641742,
4357642357.642358,33.30579766551184,
4363636363.636364,33.32649121460626,
4369630369.630369,33.35381187660492,
4375624375.624375,33.381403275397474,
4381618381.6183815,33.40899467419003,
4387612387.612388,33.43658607298259,
4393606393.606394,33.464177471775145,
4399600399.6004,33.491768870567704,
4405594405.594405,33.46523529433261,
4411588411.588411,33.43419497069098,
4417582417.5824175,33.403154647049355,
4423576423.576424,33.37211432340773,
4429570429.57043,33.3410739997661,
4435564435.564436,33.310033676124476,
4441558441.558441,33.33396693052082,
4447552447.552447,33.36500725416245,
4453546453.546453,33.396047577804076,
4459540459.54046,33.4270879014457,
4465534465.534466,33.45812822508733,
4471528471.528472,33.489168548728955,
4477522477.522477,33.47341921993694,
4483516483.516483,33.44927674599345,
4489510489.510489,33.42513427204997,
4495504495.504496,33.400991798106475,
4501498501.498502,33.37684932416299,
4507492507.492507,33.352706850219505,
4513486513.486513,33.320180519619726,
4519480519.480519,33.28569127112903,
4525474525.474525,33.25120202263834,
4531468531.468532,33.21671277414764,
4537462537.462538,33.182223525656944,
4543456543.456543,33.14773427716625,
4549450549.450549,33.15321829608189,
4555444555.444555,33.17046292032724,
4561438561.438561,33.18770754457258,
4567432567.432568,33.20495216881793,
4573426573.426574,33.22219679306328,
4579420579.420579,33.239441417308626,
4585414585.414585,33.23386969063524,
4591408591.408591,33.220073991238955,
4597402597.402597,33.20627829184268,
4603396603.396604,33.1924825924464,
4609390609.39061,33.17868689305012,
4615384615.384615,33.164891193653844,
4621378621.378621,33.127041337153486,
4627372627.372627,33.078756389266516,
4633366633.366633,33.03047144137954,
4639360639.36064,32.98218649349256,
4645354645.354646,32.933901545605586,
4651348651.348651,32.88561659771862,
4657342657.342657,32.86691550697519,
4663336663.336663,32.86346658212612,
4669330669.330669,32.860017657277055,
4675324675.324676,32.85656873242798,
4681318681.318682,32.85311980757891,
4687312687.312687,32.849670882729846,
4693306693.306693,32.850513851734895,
4699300699.300699,32.85396277658397,
4705294705.294705,32.85741170143304,
4711288711.288712,32.860860626282104,
4717282717.282718,32.86430955113117,
4723276723.276723,32.867758475980246,
4729270729.270729,32.84701285040466,
4735264735.264735,32.80907467706489,
4741258741.258741,32.77113650372513,
4747252747.252748,32.73319833038536,
4753246753.246753,32.6952601570456,
4759240759.240759,32.657321983705835,
4765234765.234765,32.64013506994692,
4771228771.228771,32.64013506994692,
4777222777.222777,32.64013506994692,
4783216783.216784,32.64013506994692,
4789210789.210789,32.64013506994692,
4795204795.204795,32.64013506994692,
4801198801.198801,32.6348648386908,
4807192807.192807,32.624518064143594,
4813186813.186813,32.614171289596385,
4819180819.1808195,32.603824515049176,
4825174825.174825,32.59347774050197,
4831168831.168831,32.58313096595476,
4837162837.162837,32.55488708844352,
4843156843.156843,32.506602140556545,
4849150849.150849,32.45831719266957,
4855144855.1448555,32.41003224478259,
4861138861.138861,32.36174729689562,
4867132867.132867,32.313462349008645,
4873126873.126873,32.26817195105906,
4879120879.120879,32.226784852870225,
4885114885.114885,32.18539775468139,
4891108891.1088915,32.144010656492554,
4897102897.102897,32.102623558303726,
4903096903.096903,32.06123646011489,
4909090909.090909,32.01711428077201,
4915084915.084915,31.968829332885036,
4921078921.078921,31.92054438499806,
4927072927.072927,31.872259437111087,
4933066933.066933,31.823974489224117,
4939060939.060939,31.77568954133714,
4945054945.054945,31.73606923674759,
4951048951.048951,31.7119267628041,
4957042957.042957,31.687784288860612,
4963036963.0369625,31.663641814917128,
4969030969.030969,31.639499340973643,
4975024975.024975,31.615356867030155,
4981018981.018981,31.591214393086666,
4987012987.012987,31.567071919143178,
4993006993.006993,31.542929445199693,
4999000999.0009985,31.51878697125621,
5004995004.995005,31.49464449731272,
5010989010.989011,31.470502023369235,
5016983016.983017,31.444402874621748,
5022977022.977023,31.41336255098012,
5028971028.971029,31.382322227338495,
5034965034.9650345,31.351281903696872,
5040959040.959041,31.320241580055246,
5046953046.953047,31.28920125641362,
5052947052.947053,31.255615123741016,
5058941058.941059,31.21422802555218,
5064935064.935065,31.172840927363346,
5070929070.92907,31.131453829174514,
5076923076.923077,31.09006673098568,
5082917082.917083,31.04867963279684,
5088911088.911089,31.003698191514747,
5094905094.905095,30.94506646908056,
5100899100.899101,30.88643474664638,
5106893106.893106,30.827803024212205,
5112887112.887113,30.769171301778023,
5118881118.881119,30.710539579343838,
5124875124.875125,30.657799199179436,
5130869130.869131,30.633656725235948,
5136863136.863137,30.60951425129246,
5142857142.857142,30.585371777348975,
5148851148.851149,30.56122930340549,
5154845154.845155,30.537086829462,
5160839160.839161,30.506512757824254,
5166833166.833167,30.434085335993792,
5172827172.827173,30.361657914163327,
5178821178.821178,30.289230492332873,
5184815184.815185,30.21680307050241,
5190809190.809191,30.144375648671947,
5196803196.803197,30.069310903292433,
5202797202.797203,29.96929208266942,
5208791208.791208,29.869273262046416,
5214785214.785214,29.769254441423403,
5220779220.779221,29.669235620800386,
5226773226.773227,29.56921680017737,
5232767232.767233,29.473596462697397,
5238761238.761239,29.44945398875391,
5244755244.755244,29.425311514810424,
5250749250.74925,29.401169040866936,
5256743256.743257,29.377026566923444,
5262737262.737263,29.352884092979956,
5268731268.731269,29.327618472471933,
5274725274.725275,29.24829320094333,
5280719280.71928,29.168967929414745,
5286713286.713286,29.08964265788614,
5292707292.707293,29.010317386357542,
5298701298.701299,28.930992114828943,
5304695304.695305,28.85166684330034,
5310689310.689311,28.81640360430157,
5316683316.683316,28.781914355810876,
5322677322.677322,28.74742510732018,
5328671328.671329,28.71293585882948,
5334665334.665335,28.67844661033878,
5340659340.659341,28.643957361848084,
5346653346.653347,28.576871586097326,
5352647352.647352,28.507893089115946,
5358641358.641358,28.438914592134555,
5364635364.635365,28.36993609515316,
5370629370.629371,28.30095759817177,
5376623376.623377,28.23197910119038,
5382617382.617383,28.11292191085967,
5388611388.611388,27.98876061629318,
5394605394.605394,27.864599321726676,
5400599400.5994005,27.74043802716017,
5406593406.593407,27.61627673259366,
5412587412.587413,27.492115438027156,
5418581418.581419,27.442958742027113,
5424575424.575424,27.40502056868735,
5430569430.56943,27.36708239534758,
5436563436.5634365,27.329144222007812,
5442557442.557443,27.291206048668045,
5448551448.551449,27.253267875328273,
5454545454.545454,27.20671835333556,
5460539460.53946,27.158433405448587,
5466533466.533466,27.11014845756161,
5472527472.5274725,27.061863509674637,
5478521478.521479,27.01357856178766,
5484515484.515485,26.965293613900688,
5490509490.50949,26.8621943628275,
5496503496.503496,26.74493091795913,
5502497502.497502,26.62766747309076,
5508491508.4915085,26.510404028222393,
5514485514.485515,26.393140583354025,
5520479520.479521,26.275877138485658,
5526473526.473526,26.200389385899502,
5532467532.467532,26.13830873861625,
5538461538.461538,26.076228091332993,
5544455544.455544,26.014147444049737,
5550449550.449551,25.95206679676648,
5556443556.443557,25.889986149483228,
5562437562.437562,25.77083683555281,
5568431568.431568,25.629430916740954,
5574425574.425574,25.4880249979291,
5580419580.41958,25.346619079117247,
5586413586.413587,25.20521316030539,
5592407592.407593,25.06380724149354,
5598401598.401598,24.924752834665995,
5604395604.395604,24.78679584070321,
5610389610.38961,24.64883884674042,
5616383616.383616,24.510881852777636,
5622377622.377623,24.372924858814848,
5628371628.371629,24.234967864852063,
5634365634.365634,24.06178559705727,
5640359640.35964,23.869147467305595,
5646353646.353646,23.676509337553924,
5652347652.347652,23.483871207802252,
5658341658.341659,23.29123307805058,
5664335664.335665,23.088027492395312,
5670329670.32967,22.799070297767848,
5676323676.323676,22.51011310314034,
5682317682.317682,22.22115590851283,
5688311688.311688,21.932198713885324,
5694305694.305695,21.643241519257813,
5700299700.2997,21.359803260535912,
5706293706.293706,21.080440347761265,
5712287712.287712,20.80107743498662,
5718281718.281718,20.521714522211973,
5724275724.275724,20.24235160943733,
5730269730.269731,19.882669528464447,
5736263736.263736,19.45562992442516,
5742257742.257742,19.028590320385803,
5748251748.251748,18.62080285722015,
5754245754.245754,18.280019729580154,
5760239760.23976,17.939236601940163,
5766233766.233767,17.598453474300168,
5772227772.227772,17.257670346660227,
5778221778.221778,16.80732576713961,
5784215784.215784,16.244637347082904,
5790209790.20979,15.681948927026198,
5796203796.203796,15.115262487059775,
5802197802.197803,14.517971410925462,
5808191808.191808,13.920680334791243,
5814185814.185814,13.323389258656928,
5820179820.17982,12.57747701325858,
5826173826.173826,11.824231826221737,
5832167832.167832,11.232560109714422,
5838161838.161839,10.848788835599757,
5844155844.155844,10.465017561485153,
5850149850.14985,10.12750354968187,
5856143856.143856,10.140388212325565,
5862137862.137862,10.153272874969257,
5868131868.131868,10.166157537612952,
5874125874.1258745,10.179042200256646,
5880119880.11988,10.191926862900338,
5886113886.113886,10.212218823344633,
5892107892.107892,10.5696112789753,
5898101898.101898,10.927003734605965,
5904095904.095904,11.284396190236631,
5910089910.08991,11.641788645867239,
5916083916.083916,12.375330105567588,
5922077922.077922,13.281877639868334,
5928071928.071928,14.0554000905717,
5934065934.065934,14.399166395936106,
5940059940.05994,14.74293270130051,
5946053946.053946,15.08669900666486,
5952047952.047952,15.430465312029266,
5958041958.041958,15.801080632665261,
5964035964.035964,16.232688942348837,
5970029970.02997,16.66429725203241,
5976023976.023976,17.095905561715984,
5982017982.017982,17.402405802912263,
5988011988.011988,17.674378162438888,
5994005994.005994,17.946350521965513,
6000000000.0,18.147129763627568,
