Frequency,S11_Magnitude,S12_Magnitude,S21_Magnitude,S22_Magnitude,
1800000000.0,-6.086485612030442,-20.49,31.45,-10.230156722232701,
1804195804.195804,-6.105311881424433,-20.488951048951048,31.439090909090908,-10.227363894492775,
1808391608.3916085,-6.124138150818425,-20.487902097902097,31.428181818181816,-10.224571066752851,
1812587412.5874126,-6.142964420212416,-20.486853146853147,31.417272727272728,-10.221778239012925,
1816783216.7832167,-6.161790689606407,-20.485804195804196,31.406363636363636,-10.218985411273001,
1820979020.979021,-6.180616959000399,-20.48475524475524,31.395454545454545,-10.216192583533076,
1825174825.1748252,-6.19944322839439,-20.48370629370629,31.384545454545453,-10.213399755793152,
1829370629.3706293,-6.2182694977883815,-20.48265734265734,31.373636363636365,-10.210606928053226,
1833566433.5664337,-6.237095767182373,-20.48160839160839,31.362727272727273,-10.207814100313302,
1837762237.7622378,-6.255922036576364,-20.48055944055944,31.35181818181818,-10.205021272573376,
1841958041.958042,-6.2747483059703555,-20.47951048951049,31.34090909090909,-10.202228444833452,
1846153846.1538463,-6.293574575364347,-20.478461538461538,31.33,-10.199435617093526,
1850349650.3496504,-6.312400844758338,-20.477412587412587,31.319090909090907,-10.196642789353602,
1854545454.5454545,-6.331227114152329,-20.476363636363633,31.30818181818182,-10.193849961613676,
1858741258.7412586,-6.35005338354632,-20.475314685314682,31.297272727272727,-10.191057133873752,
1862937062.937063,-6.368879652940312,-20.47426573426573,31.286363636363635,-10.188264306133826,
1867132867.132867,-6.387705922334303,-20.47321678321678,31.275454545454544,-10.1854714783939,
1871328671.3286712,-6.406532191728294,-20.47216783216783,31.264545454545456,-10.182678650653976,
1875524475.5244756,-6.425358461122286,-20.47111888111888,31.253636363636364,-10.17988582291405,
1879720279.7202797,-6.444184730516277,-20.47006993006993,31.242727272727272,-10.177092995174126,
1883916083.9160838,-6.463010999910268,-20.46902097902098,31.23181818181818,-10.1743001674342,
1888111888.1118882,-6.48183726930426,-20.467972027972024,31.22090909090909,-10.171507339694276,
1892307692.3076923,-6.500663538698251,-20.466923076923074,31.21,-10.16871451195435,
1896503496.5034964,-6.519489808092242,-20.465874125874123,31.19909090909091,-10.165921684214426,
1900699300.6993008,-6.538316077486234,-20.464825174825172,31.188181818181818,-10.1631288564745,
1904895104.895105,-6.557142346880225,-20.46377622377622,31.177272727272726,-10.160336028734577,
1909090909.090909,-6.575968616274216,-20.46272727272727,31.166363636363638,-10.15754320099465,
1913286713.2867134,-6.594794885668208,-20.46167832167832,31.155454545454546,-10.154750373254725,
1917482517.4825175,-6.613621155062199,-20.46062937062937,31.144545454545455,-10.1519575455148,
1921678321.6783216,-6.63244742445619,-20.45958041958042,31.133636363636363,-10.149164717774875,
1925874125.874126,-6.651273693850182,-20.458531468531465,31.12272727272727,-10.14637189003495,
1930069930.06993,-6.670099963244173,-20.457482517482514,31.11181818181818,-10.143579062295025,
1934265734.2657342,-6.688926232638164,-20.456433566433564,31.10090909090909,-10.140786234555101,
1938461538.4615386,-6.7077525020321564,-20.455384615384613,31.09,-10.137993406815175,
1942657342.6573427,-6.726578771426147,-20.454335664335662,31.079090909090908,-10.135200579075251,
1946853146.8531468,-6.745405040820138,-20.45328671328671,31.068181818181817,-10.132407751335325,
1951048951.0489511,-6.7642313102141305,-20.45223776223776,31.057272727272725,-10.129614923595401,
1955244755.2447553,-6.783057579608121,-20.45118881118881,31.046363636363637,-10.126822095855475,
1959440559.4405594,-6.801883849002112,-20.450139860139856,31.035454545454545,-10.124029268115551,
1963636363.6363635,-6.820710118396104,-20.449090909090906,31.024545454545454,-10.121236440375625,
1967832167.8321679,-6.839536387790095,-20.448041958041955,31.013636363636362,-10.1184436126357,
1972027972.027972,-6.858362657184086,-20.446993006993004,31.002727272727274,-10.115650784895776,
1976223776.2237763,-6.877188926578079,-20.445944055944054,30.991818181818182,-10.11285795715585,
1980419580.4195805,-6.896015195972069,-20.444895104895103,30.98090909090909,-10.110065129415926,
1984615384.6153846,-6.91484146536606,-20.443846153846152,30.97,-10.107272301676,
1988811188.8111887,-6.933667734760051,-20.442797202797202,30.95909090909091,-10.104479473936076,
1993006993.006993,-6.952494004154043,-20.44174825174825,30.94818181818182,-10.10168664619615,
1997202797.2027972,-6.971320273548034,-20.440699300699297,30.937272727272727,-10.098893818456226,
2001398601.3986013,-6.989705494317604,-20.437272727272724,30.926153846153845,-10.097031933296275,
2005594405.5944057,-7.00720861783833,-20.429090909090906,30.914615384615384,-10.097031933296275,
2009790209.7902098,-7.024711741359056,-20.42090909090909,30.903076923076924,-10.097031933296275,
2013986013.986014,-7.0422148648797815,-20.41272727272727,30.891538461538463,-10.097031933296275,
2018181818.1818182,-7.059717988400508,-20.404545454545453,30.88,-10.097031933296275,
2022377622.3776224,-7.077221111921234,-20.396363636363635,30.86846153846154,-10.097031933296275,
2026573426.5734265,-7.0947242354419595,-20.388181818181817,30.856923076923078,-10.097031933296275,
2030769230.7692308,-7.112227358962687,-20.38,30.845384615384614,-10.097031933296275,
2034965034.965035,-7.129730482483413,-20.37181818181818,30.833846153846153,-10.097031933296275,
2039160839.160839,-7.147233606004138,-20.36363636363636,30.822307692307692,-10.097031933296275,
2043356643.3566434,-7.164736729524865,-20.355454545454542,30.810769230769232,-10.097031933296275,
2047552447.5524476,-7.182239853045591,-20.347272727272724,30.799230769230768,-10.097031933296275,
2051748251.7482517,-7.199742976566316,-20.339090909090906,30.787692307692307,-10.097031933296275,
2055944055.944056,-7.217246100087043,-20.33090909090909,30.776153846153846,-10.097031933296275,
2060139860.1398602,-7.234749223607769,-20.32272727272727,30.764615384615386,-10.097031933296275,
2064335664.3356643,-7.252252347128494,-20.314545454545453,30.75307692307692,-10.097031933296275,
2068531468.5314684,-7.26975547064922,-20.306363636363635,30.74153846153846,-10.097031933296275,
2072727272.7272727,-7.287258594169947,-20.298181818181817,30.73,-10.097031933296275,
2076923076.9230769,-7.304761717690672,-20.29,30.71846153846154,-10.097031933296275,
2081118881.1188812,-7.3222648412114,-20.281818181818178,30.706923076923076,-10.097031933296275,
2085314685.3146853,-7.3397679647321254,-20.27363636363636,30.695384615384615,-10.097031933296275,
2089510489.5104895,-7.357271088252851,-20.265454545454542,30.683846153846154,-10.097031933296275,
2093706293.7062936,-7.374774211773577,-20.257272727272724,30.67230769230769,-10.097031933296275,
2097902097.902098,-7.392277335294303,-20.249090909090906,30.66076923076923,-10.097031933296275,
2102097902.097902,-7.409780458815029,-20.24090909090909,30.64923076923077,-10.097031933296275,
2106293706.2937064,-7.427283582335756,-20.23272727272727,30.637692307692305,-10.097031933296275,
2110489510.4895105,-7.444786705856481,-20.224545454545453,30.626153846153844,-10.097031933296275,
2114685314.6853147,-7.462289829377207,-20.216363636363635,30.614615384615384,-10.097031933296275,
2118881118.8811188,-7.479792952897933,-20.208181818181817,30.603076923076923,-10.097031933296275,
2123076923.0769231,-7.49729607641866,-20.199999999999996,30.591538461538462,-10.097031933296275,
2127272727.2727273,-7.514799199939386,-20.191818181818178,30.58,-10.097031933296275,
2131468531.4685314,-7.532302323460112,-20.18363636363636,30.568461538461538,-10.097031933296275,
2135664335.6643357,-7.549805446980838,-20.175454545454542,30.556923076923077,-10.097031933296275,
2139860139.8601398,-7.567308570501564,-20.167272727272724,30.545384615384613,-10.097031933296275,
2144055944.055944,-7.58481169402229,-20.159090909090907,30.533846153846152,-10.097031933296275,
2148251748.251748,-7.602314817543015,-20.15090909090909,30.52230769230769,-10.097031933296275,
2152447552.4475527,-7.619817941063743,-20.14272727272727,30.510769230769228,-10.097031933296275,
2156643356.643357,-7.6373210645844685,-20.134545454545453,30.499230769230767,-10.097031933296275,
2160839160.839161,-7.654824188105194,-20.126363636363635,30.487692307692306,-10.097031933296275,
2165034965.034965,-7.67232731162592,-20.118181818181814,30.476153846153846,-10.097031933296275,
2169230769.230769,-7.6898304351466455,-20.109999999999996,30.464615384615385,-10.097031933296275,
2173426573.4265733,-7.707333558667371,-20.101818181818178,30.45307692307692,-10.097031933296275,
2177622377.6223774,-7.724836682188098,-20.09363636363636,30.44153846153846,-10.097031933296275,
2181818181.818182,-7.742339805708825,-20.085454545454542,30.43,-10.097031933296275,
2186013986.013986,-7.759842929229551,-20.077272727272724,30.418461538461536,-10.097031933296275,
2190209790.20979,-7.777346052750277,-20.069090909090907,30.406923076923075,-10.097031933296275,
2194405594.4055943,-7.794849176271002,-20.06090909090909,30.395384615384614,-10.097031933296275,
2198601398.6013985,-7.812352299791728,-20.05272727272727,30.383846153846154,-10.097031933296275,
2202797202.7972026,-7.828261683647509,-20.04207459207459,30.372634032634032,-10.098273190069575,
2206993006.9930067,-7.843374197670817,-20.03018648018648,30.36158508158508,-10.100135075229526,
2211188811.1888113,-7.858486711694128,-20.018298368298364,30.350536130536128,-10.101996960389476,
2215384615.3846154,-7.873599225717436,-20.006410256410252,30.33948717948718,-10.103858845549425,
2219580419.5804195,-7.888711739740745,-19.994522144522143,30.328438228438227,-10.105720730709375,
2223776223.7762237,-7.9038242537640535,-19.98263403263403,30.317389277389278,-10.107582615869326,
2227972027.972028,-7.918936767787363,-19.97074592074592,30.306340326340326,-10.109444501029275,
2232167832.1678324,-7.9340492818106725,-19.958857808857804,30.295291375291374,-10.111306386189225,
2236363636.3636365,-7.949161795833982,-19.946969696969695,30.28424242424242,-10.113168271349176,
2240559440.5594406,-7.964274309857291,-19.935081585081583,30.273193473193473,-10.115030156509125,
2244755244.7552447,-7.979386823880599,-19.92319347319347,30.26214452214452,-10.116892041669075,
2248951048.951049,-7.994499337903908,-19.91130536130536,30.251095571095572,-10.118753926829026,
2253146853.146853,-8.009611851927216,-19.899417249417247,30.24004662004662,-10.120615811988975,
2257342657.342657,-8.024724365950524,-19.887529137529135,30.228997668997668,-10.122477697148925,
2261538461.5384617,-8.039836879973835,-19.875641025641023,30.217948717948715,-10.124339582308876,
2265734265.734266,-8.054949393997143,-19.86375291375291,30.206899766899767,-10.126201467468826,
2269930069.93007,-8.070061908020453,-19.8518648018648,30.195850815850815,-10.128063352628775,
2274125874.125874,-8.08517442204376,-19.839976689976687,30.184801864801866,-10.129925237788726,
2278321678.321678,-8.10028693606707,-19.828088578088575,30.173752913752914,-10.131787122948676,
2282517482.5174823,-8.115399450090377,-19.816200466200463,30.16270396270396,-10.133649008108625,
2286713286.713287,-8.130511964113689,-19.80431235431235,30.15165501165501,-10.135510893268576,
2290909090.909091,-8.145624478136996,-19.79242424242424,30.14060606060606,-10.137372778428526,
2295104895.104895,-8.160736992160306,-19.780536130536127,30.12955710955711,-10.139234663588475,
2299300699.300699,-8.175849506183614,-19.768648018648015,30.118508158508156,-10.141096548748425,
2303496503.4965034,-8.190962020206923,-19.756759906759903,30.107459207459208,-10.142958433908376,
2307692307.6923075,-8.20607453423023,-19.744871794871795,30.096410256410255,-10.144820319068325,
2311888111.888112,-8.221187048253542,-19.73298368298368,30.085361305361303,-10.146682204228275,
2316083916.083916,-8.23629956227685,-19.721095571095567,30.074312354312355,-10.148544089388226,
2320279720.2797203,-8.25141207630016,-19.70920745920746,30.063263403263402,-10.150405974548177,
2324475524.4755244,-8.266524590323467,-19.697319347319347,30.05221445221445,-10.152267859708125,
2328671328.6713285,-8.281637104346776,-19.685431235431235,30.0411655011655,-10.154129744868076,
2332867132.8671327,-8.296749618370086,-19.673543123543123,30.03011655011655,-10.155991630028026,
2337062937.062937,-8.311862132393394,-19.66165501165501,30.0190675990676,-10.157853515187975,
2341258741.2587414,-8.326974646416705,-19.6497668997669,30.00801864801865,-10.159715400347926,
2345454545.4545455,-8.342087160440013,-19.637878787878787,29.996969696969696,-10.161577285507876,
2349650349.6503496,-8.357199674463322,-19.625990675990675,29.985920745920744,-10.163439170667825,
2353846153.8461537,-8.37231218848663,-19.614102564102563,29.974871794871795,-10.165301055827776,
2358041958.041958,-8.38742470250994,-19.60221445221445,29.963822843822843,-10.167162940987726,
2362237762.2377625,-8.402537216533249,-19.59032634032634,29.95277389277389,-10.169024826147675,
2366433566.433566,-8.417649730556557,-19.578438228438227,29.941724941724942,-10.170886711307626,
2370629370.6293707,-8.432762244579866,-19.566550116550115,29.93067599067599,-10.172748596467576,
2374825174.825175,-8.447874758603175,-19.554662004662003,29.919627039627038,-10.174610481627527,
2379020979.020979,-8.462987272626483,-19.54277389277389,29.90857808857809,-10.176472366787475,
2383216783.216783,-8.478099786649793,-19.53088578088578,29.897529137529137,-10.178334251947426,
2387412587.412587,-8.4932123006731,-19.518997668997667,29.88648018648019,-10.180196137107377,
2391608391.608392,-8.508324814696412,-19.507109557109555,29.875431235431236,-10.182058022267325,
2395804195.804196,-8.52343732871972,-19.495221445221443,29.864382284382284,-10.183919907427276,
2400000000.0,-8.538549842743029,-19.48333333333333,29.85333333333333,-10.185781792587226,
2404195804.195804,-8.553662356766337,-19.47144522144522,29.842284382284383,-10.187643677747175,
2408391608.391608,-8.568774870789646,-19.45955710955711,29.83123543123543,-10.189505562907126,
2412587412.587413,-8.583887384812956,-19.447668997668995,29.82018648018648,-10.191367448067076,
2416783216.7832165,-8.598999898836263,-19.435780885780886,29.80913752913753,-10.193229333227025,
2420979020.979021,-8.614112412859573,-19.42389277389277,29.798088578088578,-10.195091218386976,
2425174825.174825,-8.629224926882882,-19.412004662004662,29.787039627039626,-10.196953103546926,
2429370629.3706293,-8.64433744090619,-19.40011655011655,29.775990675990677,-10.198814988706875,
2433566433.5664334,-8.6594499549295,-19.388228438228438,29.764941724941725,-10.200676873866826,
2437762237.7622375,-8.674562468952807,-19.376340326340326,29.753892773892773,-10.202538759026776,
2441958041.958042,-8.689674982976118,-19.364452214452214,29.742843822843824,-10.204400644186727,
2446153846.1538463,-8.704787496999426,-19.352564102564102,29.73179487179487,-10.206262529346676,
2450349650.3496504,-8.719900011022736,-19.34067599067599,29.72074592074592,-10.208124414506626,
2454545454.5454545,-8.735012525046043,-19.328787878787878,29.70969696969697,-10.209986299666577,
2458741258.7412586,-8.750125039069353,-19.316899766899766,29.69864801864802,-10.211848184826525,
2462937062.9370627,-8.76523755309266,-19.305011655011654,29.687599067599066,-10.213710069986476,
2467132867.132867,-8.78035006711597,-19.293123543123542,29.676550116550118,-10.215571955146427,
2471328671.3286715,-8.79546258113928,-19.28123543123543,29.665501165501166,-10.217433840306375,
2475524475.5244756,-8.810575095162589,-19.269347319347318,29.654452214452213,-10.219295725466326,
2479720279.7202797,-8.825687609185897,-19.257459207459206,29.643403263403265,-10.221157610626276,
2483916083.916084,-8.840800123209206,-19.245571095571094,29.632354312354312,-10.223019495786225,
2488111888.111888,-8.855912637232514,-19.233682983682982,29.62130536130536,-10.224881380946176,
2492307692.3076925,-8.871025151255825,-19.22179487179487,29.610256410256408,-10.226743266106126,
2496503496.503496,-8.886137665279131,-19.20990675990676,29.59920745920746,-10.228605151266077,
2500699300.699301,-8.900930114113992,-19.197878787878786,29.588368298368298,-10.230476293701408,
2504895104.895105,-8.914122237006593,-19.185151515151514,29.578578088578087,-10.232393722513642,
2509090909.090909,-8.927314359899196,-19.172424242424242,29.56878787878788,-10.234311151325876,
2513286713.286713,-8.940506482791799,-19.15969696969697,29.55899766899767,-10.23622858013811,
2517482517.4825172,-8.9536986056844,-19.1469696969697,29.54920745920746,-10.238146008950345,
2521678321.678322,-8.966890728577004,-19.134242424242423,29.539417249417248,-10.240063437762581,
2525874125.874126,-8.980082851469607,-19.12151515151515,29.52962703962704,-10.241980866574815,
2530069930.06993,-8.993274974362208,-19.10878787878788,29.51983682983683,-10.24389829538705,
2534265734.265734,-9.006467097254811,-19.096060606060604,29.51004662004662,-10.245815724199284,
2538461538.4615383,-9.019659220147414,-19.083333333333332,29.500256410256412,-10.247733153011518,
2542657342.6573424,-9.032851343040015,-19.07060606060606,29.4904662004662,-10.249650581823753,
2546853146.8531466,-9.046043465932618,-19.05787878787879,29.48067599067599,-10.251568010635987,
2551048951.048951,-9.059235588825223,-19.045151515151513,29.47088578088578,-10.253485439448223,
2555244755.2447553,-9.072427711717824,-19.03242424242424,29.46109557109557,-10.255402868260457,
2559440559.4405594,-9.085619834610426,-19.01969696969697,29.451305361305362,-10.257320297072692,
2563636363.6363635,-9.09881195750303,-19.006969696969698,29.44151515151515,-10.259237725884926,
2567832167.8321676,-9.11200408039563,-18.994242424242422,29.43172494172494,-10.26115515469716,
2572027972.027972,-9.125196203288235,-18.98151515151515,29.42193473193473,-10.263072583509395,
2576223776.2237763,-9.138388326180838,-18.96878787878788,29.412144522144523,-10.264990012321629,
2580419580.4195805,-9.151580449073439,-18.956060606060607,29.402354312354312,-10.266907441133865,
2584615384.6153846,-9.164772571966042,-18.94333333333333,29.3925641025641,-10.2688248699461,
2588811188.8111887,-9.177964694858645,-18.93060606060606,29.382773892773894,-10.270742298758334,
2593006993.006993,-9.191156817751246,-18.917878787878788,29.372983682983683,-10.272659727570568,
2597202797.202797,-9.204348940643849,-18.905151515151516,29.363193473193473,-10.274577156382803,
2601398601.3986015,-9.217541063536451,-18.89242424242424,29.353403263403262,-10.276494585195037,
2605594405.5944057,-9.230733186429054,-18.87969696969697,29.343613053613055,-10.278412014007273,
2609790209.79021,-9.243925309321657,-18.866969696969697,29.333822843822844,-10.280329442819507,
2613986013.986014,-9.25711743221426,-18.854242424242425,29.324032634032633,-10.282246871631742,
2618181818.181818,-9.270309555106861,-18.84151515151515,29.314242424242426,-10.284164300443976,
2622377622.3776226,-9.283501677999466,-18.828787878787878,29.304452214452215,-10.28608172925621,
2626573426.5734262,-9.296693800892067,-18.816060606060606,29.294662004662005,-10.287999158068445,
2630769230.769231,-9.30988592378467,-18.80333333333333,29.284871794871794,-10.289916586880679,
2634965034.965035,-9.323078046677272,-18.79060606060606,29.275081585081587,-10.291834015692915,
2639160839.160839,-9.336270169569875,-18.777878787878787,29.265291375291376,-10.29375144450515,
2643356643.356643,-9.349462292462476,-18.765151515151516,29.255501165501165,-10.295668873317384,
2647552447.5524473,-9.36265441535508,-18.752424242424244,29.245710955710955,-10.297586302129618,
2651748251.748252,-9.375846538247682,-18.73969696969697,29.235920745920744,-10.299503730941852,
2655944055.944056,-9.389038661140285,-18.726969696969697,29.226130536130537,-10.301421159754087,
2660139860.13986,-9.402230784032888,-18.714242424242425,29.216340326340326,-10.303338588566323,
2664335664.3356643,-9.41542290692549,-18.70151515151515,29.206550116550115,-10.305256017378557,
2668531468.5314684,-9.428615029818092,-18.688787878787878,29.196759906759908,-10.307173446190792,
2672727272.7272725,-9.441807152710695,-18.676060606060606,29.186969696969697,-10.309090875003026,
2676923076.9230766,-9.454999275603297,-18.663333333333334,29.177179487179487,-10.31100830381526,
2681118881.118881,-9.4681913984959,-18.65060606060606,29.167389277389276,-10.312925732627495,
2685314685.3146853,-9.481383521388503,-18.637878787878787,29.15759906759907,-10.314843161439729,
2689510489.5104895,-9.494575644281106,-18.625151515151515,29.147808857808858,-10.316760590251965,
2693706293.7062936,-9.507767767173707,-18.612424242424243,29.138018648018647,-10.3186780190642,
2697902097.9020977,-9.52095989006631,-18.599696969696968,29.12822843822844,-10.320595447876434,
2702097902.0979023,-9.534152012958913,-18.586969696969696,29.11843822843823,-10.322512876688668,
2706293706.293706,-9.547344135851514,-18.574242424242424,29.10864801864802,-10.324430305500902,
2710489510.4895105,-9.560536258744118,-18.561515151515152,29.098857808857808,-10.326347734313137,
2714685314.6853147,-9.57372838163672,-18.548787878787877,29.0890675990676,-10.328265163125373,
2718881118.881119,-9.586920504529322,-18.536060606060605,29.07927738927739,-10.330182591937607,
2723076923.076923,-9.600112627421925,-18.523333333333333,29.06948717948718,-10.332100020749841,
2727272727.272727,-9.613304750314528,-18.51060606060606,29.059696969696972,-10.334017449562076,
2731468531.4685316,-9.626496873207131,-18.497878787878786,29.04990675990676,-10.33593487837431,
2735664335.6643357,-9.639688996099734,-18.485151515151514,29.04011655011655,-10.337852307186544,
2739860139.86014,-9.652881118992337,-18.472424242424243,29.03032634032634,-10.339769735998779,
2744055944.055944,-9.666073241884938,-18.45969696969697,29.02053613053613,-10.341687164811015,
2748251748.251748,-9.67926536477754,-18.446969696969695,29.010745920745922,-10.34360459362325,
2752447552.447552,-9.692457487670143,-18.434242424242424,29.00095571095571,-10.345522022435484,
2756643356.6433563,-9.705649610562745,-18.421515151515152,28.9911655011655,-10.347439451247718,
2760839160.839161,-9.71884173345535,-18.408787878787876,28.98137529137529,-10.349356880059952,
2765034965.034965,-9.73203385634795,-18.396060606060605,28.971585081585083,-10.351274308872187,
2769230769.230769,-9.745225979240553,-18.383333333333333,28.961794871794872,-10.353191737684423,
2773426573.4265733,-9.758418102133156,-18.37060606060606,28.95200466200466,-10.355109166496657,
2777622377.6223774,-9.771610225025759,-18.35787878787879,28.942214452214454,-10.357026595308891,
2781818181.818182,-9.784802347918362,-18.345151515151514,28.932424242424243,-10.358944024121126,
2786013986.013986,-9.797994470810965,-18.332424242424242,28.922634032634033,-10.36086145293336,
2790209790.20979,-9.811186593703566,-18.31969696969697,28.912843822843822,-10.362778881745594,
2794405594.4055943,-9.824378716596168,-18.306969696969695,28.903053613053615,-10.364696310557829,
2798601398.6013985,-9.837570839488771,-18.294242424242423,28.893263403263404,-10.366613739370065,
2802797202.7972026,-9.849236694018607,-18.28251748251748,28.884965034965035,-10.36824075505976,
2806993006.9930067,-9.86013941436706,-18.271293706293708,28.87741258741259,-10.36972256418819,
2811188811.1888113,-9.871042134715514,-18.26006993006993,28.86986013986014,-10.371204373316619,
2815384615.3846154,-9.881944855063967,-18.248846153846152,28.86230769230769,-10.372686182445047,
2819580419.5804195,-9.89284757541242,-18.237622377622376,28.854755244755246,-10.374167991573476,
2823776223.7762237,-9.903750295760874,-18.2263986013986,28.847202797202797,-10.375649800701906,
2827972027.972028,-9.914653016109327,-18.215174825174824,28.839650349650352,-10.377131609830334,
2832167832.1678324,-9.925555736457781,-18.203951048951048,28.832097902097903,-10.378613418958762,
2836363636.363636,-9.936458456806232,-18.19272727272727,28.824545454545454,-10.38009522808719,
2840559440.5594406,-9.947361177154686,-18.181503496503495,28.81699300699301,-10.38157703721562,
2844755244.7552447,-9.958263897503139,-18.17027972027972,28.80944055944056,-10.38305884634405,
2848951048.951049,-9.969166617851593,-18.159055944055943,28.80188811188811,-10.384540655472478,
2853146853.146853,-9.980069338200046,-18.147832167832167,28.794335664335666,-10.386022464600906,
2857342657.342657,-9.990972058548499,-18.13660839160839,28.786783216783217,-10.387504273729334,
2861538461.5384617,-10.001874778896953,-18.125384615384615,28.779230769230768,-10.388986082857764,
2865734265.734266,-10.012777499245406,-18.11416083916084,28.771678321678323,-10.390467891986193,
2869930069.93007,-10.023680219593858,-18.102937062937063,28.764125874125874,-10.391949701114621,
2874125874.125874,-10.034582939942313,-18.091713286713286,28.75657342657343,-10.39343151024305,
2878321678.321678,-10.045485660290765,-18.08048951048951,28.74902097902098,-10.394913319371478,
2882517482.5174828,-10.05638838063922,-18.069265734265734,28.74146853146853,-10.396395128499908,
2886713286.7132864,-10.06729110098767,-18.058041958041958,28.733916083916085,-10.397876937628336,
2890909090.909091,-10.078193821336125,-18.046818181818182,28.726363636363637,-10.399358746756764,
2895104895.104895,-10.089096541684578,-18.035594405594406,28.71881118881119,-10.400840555885193,
2899300699.300699,-10.099999262033032,-18.02437062937063,28.711258741258742,-10.402322365013623,
2903496503.4965034,-10.110901982381485,-18.013146853146853,28.703706293706293,-10.403804174142051,
2907692307.6923075,-10.121804702729937,-18.001923076923077,28.696153846153848,-10.40528598327048,
2911888111.888112,-10.132707423078392,-17.9906993006993,28.6886013986014,-10.406767792398908,
2916083916.0839157,-10.143610143426843,-17.979475524475525,28.681048951048954,-10.408249601527336,
2920279720.2797203,-10.154512863775297,-17.96825174825175,28.673496503496505,-10.409731410655766,
2924475524.4755244,-10.165415584123751,-17.957027972027973,28.665944055944056,-10.411213219784194,
2928671328.6713285,-10.176318304472204,-17.945804195804197,28.65839160839161,-10.412695028912623,
2932867132.8671327,-10.187221024820657,-17.93458041958042,28.650839160839162,-10.414176838041051,
2937062937.062937,-10.19812374516911,-17.923356643356644,28.643286713286713,-10.415658647169481,
2941258741.2587414,-10.209026465517564,-17.91213286713287,28.635734265734268,-10.41714045629791,
2945454545.454545,-10.219929185866016,-17.900909090909092,28.62818181818182,-10.418622265426338,
2949650349.6503496,-10.23083190621447,-17.889685314685316,28.62062937062937,-10.420104074554766,
2953846153.8461537,-10.241734626562923,-17.87846153846154,28.613076923076925,-10.421585883683196,
2958041958.041958,-10.252637346911376,-17.867237762237764,28.605524475524476,-10.423067692811625,
2962237762.2377625,-10.26354006725983,-17.856013986013984,28.597972027972027,-10.424549501940053,
2966433566.433566,-10.274442787608281,-17.84479020979021,28.59041958041958,-10.426031311068481,
2970629370.6293707,-10.285345507956736,-17.833566433566435,28.582867132867133,-10.42751312019691,
2974825174.825175,-10.296248228305188,-17.82234265734266,28.575314685314687,-10.42899492932534,
2979020979.020979,-10.307150948653643,-17.811118881118883,28.56776223776224,-10.430476738453768,
2983216783.216783,-10.318053669002095,-17.799895104895107,28.560209790209793,-10.431958547582196,
2987412587.412587,-10.328956389350548,-17.78867132867133,28.552657342657344,-10.433440356710625,
2991608391.608392,-10.339859109699002,-17.77744755244755,28.545104895104895,-10.434922165839055,
2995804195.8041954,-10.350761830047455,-17.76622377622378,28.53755244755245,-10.436403974967483,
3000000000.0,-10.361664550395908,-17.755000000000003,28.53,-10.437885784095911,
3004195804.195804,-10.372567270744362,-17.743776223776226,28.522447552447552,-10.43936759322434,
3008391608.391608,-10.383469991092815,-17.73255244755245,28.514895104895107,-10.440849402352768,
3012587412.587413,-10.39437271144127,-17.72132867132867,28.507342657342658,-10.442331211481198,
3016783216.7832165,-10.40527543178972,-17.710104895104898,28.499790209790213,-10.443813020609626,
3020979020.979021,-10.416178152138174,-17.69888111888112,28.492237762237764,-10.445294829738055,
3025174825.174825,-10.427080872486627,-17.687657342657342,28.484685314685315,-10.446776638866483,
3029370629.3706293,-10.437983592835081,-17.676433566433566,28.47713286713287,-10.448258447994913,
3033566433.5664334,-10.448886313183534,-17.66520979020979,28.46958041958042,-10.449740257123342,
3037762237.7622375,-10.459789033531987,-17.653986013986014,28.462027972027975,-10.45122206625177,
3041958041.958042,-10.470691753880441,-17.642762237762238,28.454475524475527,-10.452703875380198,
3046153846.153846,-10.481594474228892,-17.631538461538465,28.446923076923078,-10.454185684508627,
3050349650.3496504,-10.492497194577346,-17.620314685314685,28.439370629370632,-10.455667493637057,
3054545454.5454545,-10.5033999149258,-17.60909090909091,28.431818181818183,-10.457149302765485,
3058741258.7412586,-10.514302635274253,-17.597867132867133,28.424265734265735,-10.458631111893913,
3062937062.9370627,-10.525205355622706,-17.586643356643357,28.41671328671329,-10.460112921022342,
3067132867.132867,-10.536108075971159,-17.57541958041958,28.40916083916084,-10.461594730150772,
3071328671.3286715,-10.547010796319613,-17.564195804195805,28.40160839160839,-10.4630765392792,
3075524475.524475,-10.557913516668066,-17.552972027972032,28.394055944055946,-10.464558348407628,
3079720279.7202797,-10.56881623701652,-17.541748251748253,28.386503496503497,-10.466040157536057,
3083916083.916084,-10.579718957364973,-17.530524475524476,28.378951048951052,-10.467521966664485,
3088111888.111888,-10.590621677713425,-17.5193006993007,28.371398601398603,-10.469003775792915,
3092307692.3076925,-10.60152439806188,-17.508076923076924,28.363846153846154,-10.470485584921343,
3096503496.503496,-10.61242711841033,-17.496853146853148,28.35629370629371,-10.471967394049772,
3100699300.699301,-10.623329838758785,-17.485629370629372,28.34874125874126,-10.4734492031782,
3104895104.895105,-10.63423255910724,-17.474405594405596,28.34118881118881,-10.47493101230663,
3109090909.090909,-10.645135279455692,-17.46318181818182,28.333636363636366,-10.476412821435058,
3113286713.286713,-10.656037999804145,-17.451958041958044,28.326083916083917,-10.477894630563487,
3117482517.4825172,-10.666940720152597,-17.440734265734267,28.31853146853147,-10.479376439691915,
3121678321.678322,-10.677843440501052,-17.42951048951049,28.310979020979023,-10.480858248820345,
3125874125.8741255,-10.688746160849504,-17.418286713286715,28.303426573426577,-10.482340057948774,
3130069930.06993,-10.699648881197959,-17.40706293706294,28.29587412587413,-10.483821867077202,
3134265734.265734,-10.710551601546412,-17.395839160839163,28.28832167832168,-10.48530367620563,
3138461538.4615383,-10.721454321894864,-17.384615384615387,28.280769230769234,-10.486785485334059,
3142657342.6573424,-10.732357042243317,-17.37339160839161,28.273216783216785,-10.488267294462489,
3146853146.8531466,-10.74325976259177,-17.362167832167835,28.265664335664336,-10.489749103590917,
3151048951.048951,-10.754162482940224,-17.35094405594406,28.25811188811189,-10.491230912719345,
3155244755.244755,-10.765065203288676,-17.339720279720282,28.250559440559442,-10.492712721847774,
3159440559.4405594,-10.77596792363713,-17.328496503496506,28.243006993006993,-10.494194530976202,
3163636363.6363635,-10.786870643985583,-17.31727272727273,28.235454545454548,-10.495676340104632,
3167832167.8321676,-10.797773364334036,-17.306048951048954,28.2279020979021,-10.49715814923306,
3172027972.027972,-10.80867608468249,-17.294825174825178,28.22034965034965,-10.498639958361489,
3176223776.223776,-10.819578805030943,-17.2836013986014,28.212797202797205,-10.500121767489917,
3180419580.4195805,-10.830481525379398,-17.272377622377626,28.205244755244756,-10.501603576618347,
3184615384.6153846,-10.84138424572785,-17.26115384615385,28.19769230769231,-10.503085385746775,
3188811188.8111887,-10.852286966076303,-17.249930069930073,28.190139860139862,-10.504567194875204,
3193006993.006993,-10.863189686424755,-17.238706293706297,28.182587412587413,-10.506049004003632,
3197202797.202797,-10.874092406773208,-17.22748251748252,28.175034965034968,-10.50753081313206,
3201398601.3986015,-10.883680352967236,-17.216993006993007,28.168181818181818,-10.509822329944212,
3205594405.594405,-10.890638750852407,-17.20797202797203,28.162727272727274,-10.513733262123804,
3209790209.79021,-10.89759714873758,-17.198951048951052,28.15727272727273,-10.517644194303397,
3213986013.986014,-10.904555546622753,-17.18993006993007,28.151818181818182,-10.521555126482989,
3218181818.181818,-10.911513944507925,-17.180909090909093,28.14636363636364,-10.525466058662582,
3222377622.3776226,-10.918472342393098,-17.171888111888112,28.14090909090909,-10.529376990842175,
3226573426.5734262,-10.92543074027827,-17.162867132867135,28.135454545454547,-10.533287923021767,
3230769230.769231,-10.932389138163442,-17.153846153846157,28.130000000000003,-10.53719885520136,
3234965034.965035,-10.939347536048615,-17.144825174825176,28.124545454545455,-10.541109787380952,
3239160839.160839,-10.946305933933786,-17.135804195804198,28.11909090909091,-10.545020719560545,
3243356643.356643,-10.953264331818959,-17.12678321678322,28.113636363636367,-10.548931651740137,
3247552447.5524473,-10.96022272970413,-17.11776223776224,28.10818181818182,-10.55284258391973,
3251748251.748252,-10.967181127589305,-17.10874125874126,28.102727272727275,-10.556753516099324,
3255944055.9440556,-10.974139525474476,-17.099720279720284,28.097272727272728,-10.560664448278915,
3260139860.13986,-10.981097923359648,-17.090699300699303,28.091818181818184,-10.564575380458509,
3264335664.3356643,-10.98805632124482,-17.081678321678325,28.086363636363636,-10.5684863126381,
3268531468.5314684,-10.995014719129992,-17.072657342657344,28.080909090909092,-10.572397244817694,
3272727272.7272725,-11.001973117015165,-17.063636363636366,28.075454545454548,-10.576308176997285,
3276923076.9230766,-11.008931514900336,-17.05461538461539,28.07,-10.580219109176879,
3281118881.118881,-11.015889912785509,-17.045594405594407,28.064545454545456,-10.584130041356472,
3285314685.314685,-11.022848310670682,-17.03657342657343,28.059090909090912,-10.588040973536064,
3289510489.5104895,-11.029806708555855,-17.02755244755245,28.053636363636365,-10.591951905715657,
3293706293.7062936,-11.036765106441026,-17.01853146853147,28.04818181818182,-10.595862837895249,
3297902097.9020977,-11.043723504326199,-17.009510489510493,28.042727272727273,-10.599773770074842,
3302097902.0979023,-11.050681902211371,-17.000489510489512,28.03727272727273,-10.603684702254435,
3306293706.293706,-11.057640300096542,-16.991468531468534,28.031818181818185,-10.607595634434027,
3310489510.4895105,-11.064598697981715,-16.982447552447553,28.026363636363637,-10.61150656661362,
3314685314.6853147,-11.071557095866888,-16.973426573426575,28.020909090909093,-10.615417498793212,
3318881118.881119,-11.078515493752061,-16.964405594405598,28.015454545454546,-10.619328430972805,
3323076923.076923,-11.085473891637232,-16.955384615384617,28.01,-10.623239363152397,
3327272727.272727,-11.092432289522405,-16.94636363636364,28.004545454545454,-10.62715029533199,
3331468531.4685316,-11.099390687407578,-16.937342657342658,27.99909090909091,-10.631061227511584,
3335664335.6643353,-11.106349085292749,-16.92832167832168,27.993636363636366,-10.634972159691175,
3339860139.86014,-11.113307483177921,-16.919300699300702,27.98818181818182,-10.638883091870769,
3344055944.055944,-11.120265881063094,-16.91027972027972,27.982727272727274,-10.64279402405036,
3348251748.251748,-11.127224278948265,-16.901258741258744,27.977272727272727,-10.646704956229954,
3352447552.4475527,-11.13418267683344,-16.892237762237762,27.971818181818183,-10.650615888409547,
3356643356.6433563,-11.141141074718611,-16.883216783216785,27.96636363636364,-10.654526820589139,
3360839160.839161,-11.148099472603784,-16.874195804195804,27.96090909090909,-10.658437752768732,
3365034965.0349646,-11.155057870488955,-16.865174825174826,27.955454545454547,-10.662348684948324,
3369230769.230769,-11.162016268374128,-16.85615384615385,27.95,-10.666259617127917,
3373426573.4265733,-11.1689746662593,-16.847132867132867,27.944545454545455,-10.670170549307509,
3377622377.6223774,-11.175933064144472,-16.83811188811189,27.93909090909091,-10.674081481487102,
3381818181.818182,-11.182891462029644,-16.829090909090908,27.933636363636364,-10.677992413666695,
3386013986.0139856,-11.189849859914817,-16.82006993006993,27.92818181818182,-10.681903345846287,
3390209790.20979,-11.19680825779999,-16.811048951048953,27.922727272727272,-10.68581427802588,
3394405594.4055943,-11.203766655685161,-16.80202797202797,27.917272727272728,-10.689725210205472,
3398601398.6013985,-11.210725053570334,-16.793006993006994,27.911818181818184,-10.693636142385065,
3402797202.7972026,-11.217683451455507,-16.783986013986016,27.906363636363636,-10.697547074564657,
3406993006.9930067,-11.224641849340678,-16.774965034965035,27.900909090909092,-10.70145800674425,
3411188811.1888113,-11.23160024722585,-16.765944055944058,27.895454545454545,-10.705368938923844,
3415384615.384615,-11.238558645111024,-16.75692307692308,27.89,-10.709279871103435,
3419580419.5804195,-11.245517042996196,-16.7479020979021,27.884545454545453,-10.713190803283029,
3423776223.7762237,-11.252475440881367,-16.73888111888112,27.87909090909091,-10.71710173546262,
3427972027.972028,-11.25943383876654,-16.72986013986014,27.873636363636365,-10.721012667642214,
3432167832.1678324,-11.266392236651713,-16.720839160839162,27.868181818181817,-10.724923599821807,
3436363636.363636,-11.273350634536884,-16.711818181818185,27.862727272727273,-10.728834532001398,
3440559440.5594406,-11.280309032422057,-16.702797202797203,27.857272727272726,-10.732745464180992,
3444755244.7552447,-11.28726743030723,-16.693776223776226,27.85181818181818,-10.736656396360583,
3448951048.951049,-11.294225828192403,-16.684755244755245,27.846363636363638,-10.740567328540177,
3453146853.146853,-11.301184226077574,-16.675734265734267,27.84090909090909,-10.744478260719768,
3457342657.342657,-11.308142623962746,-16.66671328671329,27.835454545454546,-10.748389192899362,
3461538461.5384617,-11.31510102184792,-16.657692307692308,27.83,-10.752300125078955,
3465734265.7342653,-11.32205941973309,-16.64867132867133,27.824545454545454,-10.756211057258547,
3469930069.93007,-11.329017817618263,-16.63965034965035,27.81909090909091,-10.76012198943814,
3474125874.125874,-11.335976215503436,-16.63062937062937,27.813636363636363,-10.764032921617732,
3478321678.321678,-11.342934613388607,-16.621608391608394,27.80818181818182,-10.767943853797325,
3482517482.5174823,-11.34989301127378,-16.612587412587413,27.80272727272727,-10.771854785976918,
3486713286.7132864,-11.356851409158953,-16.603566433566435,27.797272727272727,-10.77576571815651,
3490909090.909091,-11.363809807044126,-16.594545454545454,27.79181818181818,-10.779676650336103,
3495104895.1048946,-11.370768204929297,-16.585524475524476,27.786363636363635,-10.783587582515695,
3499300699.300699,-11.37772660281447,-16.5765034965035,27.78090909090909,-10.787498514695288,
3503496503.4965034,-11.384685000699642,-16.567482517482517,27.775454545454544,-10.79140944687488,
3507692307.6923075,-11.391643398584813,-16.55846153846154,27.77,-10.795320379054473,
3511888111.888112,-11.398601796469986,-16.54944055944056,27.764545454545452,-10.799231311234067,
3516083916.0839157,-11.405560194355159,-16.54041958041958,27.759090909090908,-10.803142243413658,
3520279720.2797203,-11.412518592240332,-16.5313986013986,27.753636363636364,-10.807053175593252,
3524475524.4755244,-11.419476990125503,-16.522377622377622,27.748181818181816,-10.810964107772843,
3528671328.6713285,-11.426435388010676,-16.513356643356644,27.742727272727272,-10.814875039952437,
3532867132.8671327,-11.433393785895849,-16.504335664335663,27.737272727272728,-10.81878597213203,
3537062937.062937,-11.44035218378102,-16.495314685314685,27.73181818181818,-10.822696904311622,
3541258741.2587414,-11.447310581666192,-16.486293706293704,27.726363636363637,-10.826607836491215,
3545454545.454545,-11.454268979551363,-16.477272727272727,27.72090909090909,-10.830518768670807,
3549650349.6503496,-11.461227377436536,-16.46825174825175,27.715454545454545,-10.8344297008504,
3553846153.8461537,-11.46818577532171,-16.459230769230768,27.709999999999997,-10.838340633029993,
3558041958.041958,-11.475144173206882,-16.45020979020979,27.704545454545453,-10.842251565209585,
3562237762.2377625,-11.482102571092055,-16.44118881118881,27.69909090909091,-10.846162497389178,
3566433566.433566,-11.489060968977226,-16.43216783216783,27.69363636363636,-10.85007342956877,
3570629370.6293707,-11.496019366862399,-16.423146853146854,27.688181818181818,-10.853984361748363,
3574825174.8251743,-11.50297776474757,-16.414125874125876,27.682727272727274,-10.857895293927955,
3579020979.020979,-11.509936162632743,-16.405104895104895,27.677272727272726,-10.861806226107548,
3583216783.216783,-11.516894560517915,-16.396083916083917,27.671818181818182,-10.865717158287142,
3587412587.412587,-11.523852958403088,-16.387062937062936,27.666363636363634,-10.869628090466733,
3591608391.608392,-11.530811356288261,-16.37804195804196,27.66090909090909,-10.873539022646327,
3595804195.8041954,-11.537769754173432,-16.36902097902098,27.655454545454546,-10.877449954825918,
3600000000.0,-11.544728152058605,-16.36,27.65,-10.881360887005512,
3604195804.195804,-11.546622414270171,-16.3513986013986,27.64506993006993,-10.89021354710225,
3608391608.391608,-11.548516676481738,-16.342797202797204,27.640139860139858,-10.899066207198988,
3612587412.5874124,-11.550410938693304,-16.334195804195804,27.63520979020979,-10.907918867295727,
3616783216.7832165,-11.55230520090487,-16.325594405594405,27.63027972027972,-10.916771527392466,
3620979020.979021,-11.554199463116438,-16.316993006993005,27.625349650349648,-10.925624187489205,
3625174825.1748247,-11.556093725328003,-16.30839160839161,27.62041958041958,-10.934476847585943,
3629370629.3706293,-11.55798798753957,-16.29979020979021,27.61548951048951,-10.943329507682684,
3633566433.5664334,-11.559882249751137,-16.29118881118881,27.610559440559438,-10.952182167779421,
3637762237.7622375,-11.561776511962703,-16.28258741258741,27.60562937062937,-10.96103482787616,
3641958041.958042,-11.56367077417427,-16.27398601398601,27.6006993006993,-10.9698874879729,
3646153846.153846,-11.565565036385836,-16.265384615384615,27.59576923076923,-10.978740148069637,
3650349650.3496504,-11.567459298597402,-16.256783216783216,27.59083916083916,-10.987592808166378,
3654545454.5454545,-11.569353560808969,-16.248181818181816,27.58590909090909,-10.996445468263115,
3658741258.7412586,-11.571247823020535,-16.23958041958042,27.58097902097902,-11.005298128359854,
3662937062.9370627,-11.573142085232101,-16.23097902097902,27.57604895104895,-11.014150788456593,
3667132867.132867,-11.575036347443667,-16.22237762237762,27.57111888111888,-11.023003448553332,
3671328671.3286715,-11.576930609655236,-16.21377622377622,27.56618881118881,-11.031856108650071,
3675524475.524475,-11.578824871866802,-16.205174825174826,27.56125874125874,-11.040708768746809,
3679720279.7202797,-11.580719134078368,-16.196573426573426,27.55632867132867,-11.049561428843548,
3683916083.916084,-11.582613396289934,-16.187972027972027,27.5513986013986,-11.058414088940287,
3688111888.111888,-11.5845076585015,-16.17937062937063,27.54646853146853,-11.067266749037026,
3692307692.307692,-11.586401920713067,-16.17076923076923,27.54153846153846,-11.076119409133764,
3696503496.503496,-11.588296182924633,-16.16216783216783,27.53660839160839,-11.084972069230503,
3700699300.699301,-11.5901904451362,-16.153566433566432,27.53167832167832,-11.093824729327242,
3704895104.8951044,-11.592084707347766,-16.144965034965036,27.526748251748252,-11.102677389423981,
3709090909.090909,-11.593978969559334,-16.136363636363637,27.52181818181818,-11.11153004952072,
3713286713.286713,-11.5958732317709,-16.127762237762237,27.51688811188811,-11.12038270961746,
3717482517.4825172,-11.597767493982467,-16.119160839160838,27.511958041958042,-11.129235369714197,
3721678321.678322,-11.599661756194033,-16.110559440559438,27.50702797202797,-11.138088029810937,
3725874125.8741255,-11.6015560184056,-16.101958041958042,27.5020979020979,-11.146940689907675,
3730069930.06993,-11.603450280617166,-16.093356643356643,27.497167832167833,-11.155793350004414,
3734265734.265734,-11.605344542828732,-16.084755244755243,27.49223776223776,-11.164646010101153,
3738461538.4615383,-11.607238805040298,-16.076153846153847,27.48730769230769,-11.17349867019789,
3742657342.6573424,-11.609133067251864,-16.067552447552448,27.482377622377623,-11.18235133029463,
3746853146.8531466,-11.61102732946343,-16.058951048951048,27.47744755244755,-11.191203990391369,
3751048951.048951,-11.612921591674999,-16.05034965034965,27.472517482517482,-11.200056650488108,
3755244755.244755,-11.614815853886565,-16.041748251748253,27.467587412587413,-11.208909310584845,
3759440559.4405594,-11.616710116098131,-16.033146853146853,27.46265734265734,-11.217761970681584,
3763636363.6363635,-11.618604378309698,-16.024545454545454,27.457727272727272,-11.226614630778323,
3767832167.8321676,-11.620498640521264,-16.015944055944054,27.452797202797203,-11.235467290875063,
3772027972.027972,-11.62239290273283,-16.007342657342654,27.44786713286713,-11.244319950971802,
3776223776.223776,-11.624287164944397,-15.998741258741259,27.442937062937062,-11.253172611068539,
3780419580.4195805,-11.626181427155963,-15.990139860139859,27.438006993006994,-11.26202527116528,
3784615384.6153846,-11.62807568936753,-15.981538461538461,27.43307692307692,-11.270877931262017,
3788811188.8111887,-11.629969951579096,-15.972937062937062,27.428146853146853,-11.279730591358756,
3793006993.006993,-11.631864213790662,-15.964335664335664,27.423216783216784,-11.288583251455496,
3797202797.202797,-11.63375847600223,-15.955734265734266,27.41828671328671,-11.297435911552233,
3801398601.3986015,-11.635652738213796,-15.947132867132867,27.413356643356643,-11.306288571648974,
3805594405.594405,-11.637547000425362,-15.938531468531469,27.408426573426574,-11.315141231745711,
3809790209.79021,-11.639441262636929,-15.92993006993007,27.403496503496502,-11.32399389184245,
3813986013.986014,-11.641335524848495,-15.921328671328672,27.398566433566433,-11.33284655193919,
3818181818.181818,-11.643229787060061,-15.912727272727272,27.393636363636364,-11.341699212035929,
3822377622.377622,-11.645124049271628,-15.904125874125874,27.388706293706292,-11.350551872132666,
3826573426.5734262,-11.647018311483194,-15.895524475524475,27.383776223776223,-11.359404532229405,
3830769230.769231,-11.64891257369476,-15.886923076923075,27.378846153846155,-11.368257192326144,
3834965034.9650345,-11.650806835906327,-15.87832167832168,27.373916083916082,-11.377109852422882,
3839160839.160839,-11.652701098117895,-15.86972027972028,27.368986013986014,-11.385962512519622,
3843356643.356643,-11.654595360329461,-15.86111888111888,27.364055944055945,-11.39481517261636,
3847552447.5524473,-11.656489622541027,-15.852517482517483,27.359125874125873,-11.403667832713099,
3851748251.748252,-11.658383884752594,-15.843916083916083,27.354195804195804,-11.412520492809838,
3855944055.9440556,-11.66027814696416,-15.835314685314685,27.349265734265735,-11.421373152906577,
3860139860.13986,-11.662172409175726,-15.826713286713286,27.344335664335663,-11.430225813003316,
3864335664.3356643,-11.664066671387292,-15.818111888111888,27.339405594405594,-11.439078473100055,
3868531468.5314684,-11.665960933598859,-15.809510489510489,27.334475524475526,-11.447931133196793,
3872727272.7272725,-11.667855195810425,-15.80090909090909,27.329545454545453,-11.456783793293532,
3876923076.9230766,-11.669749458021991,-15.792307692307691,27.324615384615385,-11.465636453390271,
3881118881.118881,-11.67164372023356,-15.783706293706294,27.319685314685312,-11.47448911348701,
3885314685.314685,-11.673537982445126,-15.775104895104896,27.314755244755244,-11.483341773583748,
3889510489.5104895,-11.675432244656692,-15.766503496503496,27.309825174825175,-11.492194433680487,
3893706293.7062936,-11.677326506868258,-15.757902097902097,27.304895104895106,-11.501047093777226,
3897902097.9020977,-11.679220769079825,-15.749300699300699,27.299965034965034,-11.509899753873965,
3902097902.097902,-11.681115031291391,-15.740699300699301,27.295034965034965,-11.518752413970704,
3906293706.293706,-11.683009293502957,-15.732097902097902,27.290104895104896,-11.527605074067441,
3910489510.4895105,-11.684903555714524,-15.723496503496502,27.285174825174824,-11.536457734164182,
3914685314.685314,-11.68679781792609,-15.714895104895104,27.280244755244755,-11.54531039426092,
3918881118.881119,-11.688692080137656,-15.706293706293707,27.275314685314687,-11.554163054357659,
3923076923.076923,-11.690586342349224,-15.697692307692307,27.270384615384614,-11.563015714454398,
3927272727.272727,-11.69248060456079,-15.68909090909091,27.265454545454546,-11.571868374551135,
3931468531.4685316,-11.694374866772357,-15.68048951048951,27.260524475524473,-11.580721034647876,
3935664335.6643353,-11.696269128983923,-15.671888111888112,27.255594405594405,-11.589573694744614,
3939860139.86014,-11.69816339119549,-15.663286713286713,27.250664335664336,-11.598426354841353,
3944055944.055944,-11.700057653407056,-15.654685314685315,27.245734265734267,-11.607279014938092,
3948251748.251748,-11.701951915618622,-15.646083916083915,27.240804195804195,-11.61613167503483,
3952447552.447552,-11.703846177830188,-15.637482517482518,27.235874125874126,-11.624984335131568,
3956643356.6433563,-11.705740440041755,-15.628881118881118,27.230944055944057,-11.633836995228307,
3960839160.8391604,-11.707634702253321,-15.62027972027972,27.226013986013985,-11.642689655325047,
3965034965.034965,-11.709528964464889,-15.61167832167832,27.221083916083916,-11.651542315421786,
3969230769.230769,-11.711423226676455,-15.603076923076923,27.216153846153844,-11.660394975518525,
3973426573.4265733,-11.713317488888022,-15.594475524475524,27.211223776223775,-11.669247635615262,
3977622377.6223774,-11.715211751099588,-15.585874125874126,27.206293706293707,-11.678100295712001,
3981818181.8181815,-11.717106013311154,-15.577272727272728,27.201363636363638,-11.68695295580874,
3986013986.0139856,-11.71900027552272,-15.568671328671329,27.196433566433566,-11.695805615905478,
3990209790.20979,-11.720894537734287,-15.560069930069929,27.191503496503497,-11.704658276002219,
3994405594.4055943,-11.722788799945853,-15.551468531468531,27.186573426573425,-11.713510936098956,
3998601398.6013985,-11.72468306215742,-15.542867132867132,27.181643356643356,-11.722363596195695,
4002797202.7972026,-11.725314482894609,-15.536573426573426,27.177832167832168,-11.73238530435509,
4006993006.9930067,-11.725314482894609,-15.531433566433567,27.17458041958042,-11.742991536545812,
4011188811.188811,-11.725314482894609,-15.526293706293705,27.17132867132867,-11.753597768736535,
4015384615.3846154,-11.725314482894609,-15.521153846153846,27.168076923076924,-11.764204000927258,
4019580419.5804195,-11.725314482894609,-15.516013986013986,27.164825174825175,-11.77481023311798,
4023776223.7762237,-11.725314482894609,-15.510874125874125,27.161573426573426,-11.785416465308703,
4027972027.972028,-11.725314482894609,-15.505734265734265,27.158321678321677,-11.796022697499424,
4032167832.167832,-11.725314482894609,-15.500594405594406,27.15506993006993,-11.806628929690147,
4036363636.363636,-11.725314482894609,-15.495454545454546,27.151818181818182,-11.81723516188087,
4040559440.5594406,-11.725314482894609,-15.490314685314685,27.148566433566433,-11.827841394071593,
4044755244.7552447,-11.725314482894609,-15.485174825174825,27.145314685314684,-11.838447626262315,
4048951048.951049,-11.725314482894609,-15.480034965034964,27.14206293706294,-11.849053858453038,
4053146853.146853,-11.725314482894609,-15.474895104895104,27.13881118881119,-11.85966009064376,
4057342657.342657,-11.725314482894609,-15.469755244755245,27.13555944055944,-11.870266322834482,
4061538461.538461,-11.725314482894609,-15.464615384615385,27.13230769230769,-11.880872555025205,
4065734265.7342653,-11.725314482894609,-15.459475524475524,27.129055944055946,-11.891478787215927,
4069930069.93007,-11.725314482894609,-15.454335664335664,27.125804195804196,-11.90208501940665,
4074125874.125874,-11.725314482894609,-15.449195804195803,27.122552447552447,-11.912691251597373,
4078321678.321678,-11.725314482894609,-15.444055944055943,27.119300699300698,-11.923297483788096,
4082517482.5174823,-11.725314482894609,-15.438916083916084,27.116048951048953,-11.933903715978817,
4086713286.7132864,-11.725314482894609,-15.433776223776224,27.112797202797204,-11.94450994816954,
4090909090.9090905,-11.725314482894609,-15.428636363636363,27.109545454545454,-11.955116180360262,
4095104895.104895,-11.725314482894609,-15.423496503496503,27.106293706293705,-11.965722412550985,
4099300699.300699,-11.725314482894609,-15.418356643356644,27.10304195804196,-11.976328644741708,
4103496503.4965034,-11.725314482894609,-15.413216783216782,27.09979020979021,-11.98693487693243,
4107692307.6923075,-11.725314482894609,-15.408076923076923,27.09653846153846,-11.997541109123151,
4111888111.8881116,-11.725314482894609,-15.402937062937063,27.093286713286712,-12.008147341313874,
4116083916.0839157,-11.725314482894609,-15.397797202797204,27.090034965034967,-12.018753573504597,
4120279720.2797203,-11.725314482894609,-15.392657342657342,27.086783216783218,-12.02935980569532,
4124475524.4755244,-11.725314482894609,-15.387517482517483,27.08353146853147,-12.039966037886042,
4128671328.6713285,-11.725314482894609,-15.382377622377621,27.08027972027972,-12.050572270076765,
4132867132.8671327,-11.725314482894609,-15.377237762237762,27.077027972027974,-12.061178502267488,
4137062937.062937,-11.725314482894609,-15.372097902097902,27.073776223776225,-12.071784734458209,
4141258741.258741,-11.725314482894609,-15.366958041958043,27.070524475524476,-12.082390966648932,
4145454545.4545455,-11.725314482894609,-15.361818181818181,27.067272727272726,-12.092997198839656,
4149650349.6503496,-11.725314482894609,-15.356678321678322,27.06402097902098,-12.103603431030377,
4153846153.8461537,-11.725314482894609,-15.351538461538462,27.060769230769232,-12.1142096632211,
4158041958.041958,-11.725314482894609,-15.346398601398601,27.057517482517483,-12.124815895411823,
4162237762.237762,-11.725314482894609,-15.341258741258741,27.054265734265734,-12.135422127602546,
4166433566.433566,-11.725314482894609,-15.336118881118882,27.051013986013988,-12.146028359793267,
4170629370.62937,-11.725314482894609,-15.33097902097902,27.04776223776224,-12.15663459198399,
4174825174.825175,-11.725314482894609,-15.32583916083916,27.04451048951049,-12.167240824174712,
4179020979.020979,-11.725314482894609,-15.320699300699301,27.04125874125874,-12.177847056365435,
4183216783.216783,-11.725314482894609,-15.31555944055944,27.038006993006995,-12.188453288556158,
4187412587.412587,-11.725314482894609,-15.31041958041958,27.034755244755246,-12.19905952074688,
4191608391.6083913,-11.725314482894609,-15.30527972027972,27.031503496503497,-12.209665752937601,
4195804195.8041954,-11.725314482894609,-15.300139860139861,27.028251748251748,-12.220271985128324,
4200000000.0,-11.725314482894609,-15.295,27.025,-12.230878217319049,
4204195804.195804,-11.725314482894609,-15.28986013986014,27.021748251748253,-12.24148444950977,
4208391608.391608,-11.725314482894609,-15.284720279720279,27.018496503496504,-12.252090681700492,
4212587412.5874124,-11.725314482894609,-15.27958041958042,27.015244755244755,-12.262696913891215,
4216783216.7832165,-11.725314482894609,-15.27444055944056,27.01199300699301,-12.273303146081936,
4220979020.9790206,-11.725314482894609,-15.2693006993007,27.00874125874126,-12.283909378272659,
4225174825.174825,-11.725314482894609,-15.264160839160839,27.00548951048951,-12.294515610463383,
4229370629.3706293,-11.725314482894609,-15.25902097902098,27.002237762237762,-12.305121842654104,
4233566433.5664334,-11.725314482894609,-15.25388111888112,26.998986013986016,-12.315728074844827,
4237762237.7622375,-11.725314482894609,-15.248741258741259,26.995734265734267,-12.32633430703555,
4241958041.9580417,-11.725314482894609,-15.243601398601399,26.992482517482518,-12.336940539226273,
4246153846.153846,-11.725314482894609,-15.23846153846154,26.98923076923077,-12.347546771416994,
4250349650.3496504,-11.725314482894609,-15.233321678321678,26.98597902097902,-12.358153003607718,
4254545454.5454545,-11.725314482894609,-15.228181818181818,26.982727272727274,-12.36875923579844,
4258741258.7412586,-11.725314482894609,-15.223041958041959,26.979475524475525,-12.379365467989162,
4262937062.9370627,-11.725314482894609,-15.217902097902098,26.976223776223776,-12.389971700179885,
4267132867.132867,-11.725314482894609,-15.212762237762238,26.97297202797203,-12.400577932370608,
4271328671.328671,-11.725314482894609,-15.207622377622378,26.96972027972028,-12.411184164561329,
4275524475.524475,-11.725314482894609,-15.202482517482519,26.966468531468532,-12.421790396752051,
4279720279.7202797,-11.725314482894609,-15.197342657342658,26.963216783216783,-12.432396628942776,
4283916083.916084,-11.725314482894609,-15.192202797202798,26.959965034965034,-12.443002861133497,
4288111888.111888,-11.725314482894609,-15.187062937062938,26.95671328671329,-12.45360909332422,
4292307692.307692,-11.725314482894609,-15.181923076923077,26.95346153846154,-12.464215325514942,
4296503496.503496,-11.725314482894609,-15.176783216783218,26.95020979020979,-12.474821557705665,
4300699300.699301,-11.725314482894609,-15.171643356643356,26.94695804195804,-12.485427789896388,
4304895104.895105,-11.725314482894609,-15.166503496503497,26.943706293706295,-12.49603402208711,
4309090909.090909,-11.725314482894609,-15.161363636363637,26.940454545454546,-12.506640254277833,
4313286713.286713,-11.725314482894609,-15.156223776223777,26.937202797202797,-12.517246486468554,
4317482517.482517,-11.725314482894609,-15.151083916083916,26.93395104895105,-12.527852718659277,
4321678321.678322,-11.725314482894609,-15.145944055944057,26.930699300699303,-12.53845895085,
4325874125.8741255,-11.725314482894609,-15.140804195804197,26.927447552447553,-12.549065183040721,
4330069930.06993,-11.725314482894609,-15.135664335664336,26.924195804195804,-12.559671415231445,
4334265734.265734,-11.725314482894609,-15.130524475524476,26.92094405594406,-12.570277647422166,
4338461538.461538,-11.725314482894609,-15.125384615384617,26.91769230769231,-12.58088387961289,
4342657342.657343,-11.725314482894609,-15.120244755244755,26.91444055944056,-12.591490111803614,
4346853146.853147,-11.725314482894609,-15.115104895104896,26.91118881118881,-12.602096343994335,
4351048951.04895,-11.725314482894609,-15.109965034965036,26.907937062937066,-12.612702576185056,
4355244755.244755,-11.725314482894609,-15.104825174825177,26.904685314685317,-12.623308808375779,
4359440559.440559,-11.725314482894609,-15.099685314685315,26.901433566433568,-12.633915040566503,
4363636363.636364,-11.725314482894609,-15.094545454545454,26.89818181818182,-12.644521272757226,
4367832167.832168,-11.725314482894609,-15.089405594405596,26.89493006993007,-12.655127504947947,
4372027972.027971,-11.725314482894609,-15.084265734265736,26.891678321678324,-12.665733737138668,
4376223776.223776,-11.725314482894609,-15.079125874125875,26.888426573426575,-12.676339969329392,
4380419580.41958,-11.725314482894609,-15.073986013986014,26.885174825174825,-12.686946201520115,
4384615384.615385,-11.725314482894609,-15.068846153846154,26.881923076923076,-12.69755243371084,
4388811188.811189,-11.725314482894609,-15.063706293706295,26.87867132867133,-12.70815866590156,
4393006993.006992,-11.725314482894609,-15.058566433566435,26.87541958041958,-12.718764898092282,
4397202797.202797,-11.725314482894609,-15.053426573426574,26.872167832167833,-12.729371130283004,
4401398601.398602,-11.724893535736483,-15.047109557109557,26.8686013986014,-12.74345879073344,
4405594405.594405,-11.723630694262106,-15.03843822843823,26.864405594405596,-12.76450930770329,
4409790209.79021,-11.722367852787727,-15.0297668997669,26.86020979020979,-12.785559824673149,
4413986013.986013,-11.72110501131335,-15.021095571095573,26.856013986013988,-12.806610341643001,
4418181818.181818,-11.719842169838973,-15.012424242424244,26.85181818181818,-12.827660858612859,
4422377622.377623,-11.718579328364594,-15.003752913752914,26.84762237762238,-12.848711375582715,
4426573426.573426,-11.717316486890217,-14.995081585081586,26.843426573426576,-12.869761892552567,
4430769230.76923,-11.71605364541584,-14.98641025641026,26.83923076923077,-12.89081240952242,
4434965034.9650345,-11.714790803941462,-14.97773892773893,26.835034965034968,-12.911862926492278,
4439160839.160839,-11.713527962467085,-14.9690675990676,26.83083916083916,-12.932913443462134,
4443356643.356644,-11.712265120992706,-14.96039627039627,26.826643356643356,-12.953963960431992,
4447552447.552447,-11.711002279518329,-14.951724941724942,26.822447552447553,-12.975014477401844,
4451748251.748251,-11.709739438043952,-14.943053613053616,26.81825174825175,-12.996064994371697,
4455944055.944056,-11.708476596569573,-14.934382284382286,26.814055944055944,-13.017115511341553,
4460139860.13986,-11.707213755095196,-14.925710955710956,26.80986013986014,-13.03816602831141,
4464335664.335665,-11.705950913620818,-14.917039627039626,26.805664335664336,-13.059216545281268,
4468531468.531468,-11.70468807214644,-14.908368298368298,26.801468531468533,-13.08026706225112,
4472727272.727272,-11.703425230672064,-14.899696969696972,26.79727272727273,-13.101317579220972,
4476923076.923077,-11.702162389197685,-14.891025641025642,26.793076923076924,-13.12236809619083,
4481118881.118881,-11.700899547723308,-14.882354312354312,26.78888111888112,-13.143418613160687,
4485314685.314685,-11.69963670624893,-14.873682983682984,26.784685314685316,-13.16446913013054,
4489510489.510489,-11.698373864774553,-14.865011655011655,26.78048951048951,-13.185519647100396,
4493706293.706293,-11.697111023300176,-14.856340326340328,26.776293706293707,-13.206570164070248,
4497902097.902098,-11.695848181825797,-14.847668997668999,26.772097902097904,-13.227620681040106,
4502097902.097902,-11.69458534035142,-14.838997668997669,26.7679020979021,-13.248671198009962,
4506293706.293706,-11.693322498877041,-14.83032634032634,26.763706293706296,-13.269721714979815,
4510489510.48951,-11.692059657402664,-14.821655011655015,26.75951048951049,-13.290772231949667,
4514685314.685314,-11.690796815928287,-14.812983682983685,26.755314685314687,-13.311822748919525,
4518881118.881119,-11.689533974453909,-14.804312354312355,26.75111888111888,-13.332873265889381,
4523076923.076923,-11.688271132979532,-14.795641025641025,26.74692307692308,-13.353923782859239,
4527272727.272727,-11.687008291505153,-14.786969696969697,26.742727272727272,-13.374974299829091,
4531468531.468531,-11.685745450030776,-14.77829836829837,26.73853146853147,-13.396024816798944,
4535664335.664335,-11.684482608556399,-14.769627039627041,26.734335664335667,-13.4170753337688,
4539860139.86014,-11.68321976708202,-14.760955710955711,26.73013986013986,-13.438125850738658,
4544055944.055944,-11.681956925607643,-14.752284382284381,26.725944055944055,-13.459176367708515,
4548251748.251748,-11.680694084133265,-14.743613053613053,26.721748251748252,-13.480226884678368,
4552447552.447552,-11.679431242658888,-14.734941724941727,26.71755244755245,-13.50127740164822,
4556643356.643356,-11.67816840118451,-14.726270396270397,26.713356643356644,-13.522327918618076,
4560839160.839161,-11.676905559710132,-14.717599067599068,26.70916083916084,-13.543378435587934,
4565034965.0349655,-11.675642718235755,-14.708927738927738,26.704965034965035,-13.56442895255779,
4569230769.230769,-11.674379876761376,-14.70025641025641,26.700769230769232,-13.585479469527643,
4573426573.426573,-11.673117035287,-14.691585081585083,26.696573426573426,-13.606529986497495,
4577622377.622377,-11.67185419381262,-14.682913752913754,26.692377622377624,-13.627580503467353,
4581818181.818182,-11.670591352338244,-14.674242424242424,26.688181818181818,-13.64863102043721,
4586013986.013986,-11.669328510863867,-14.665571095571096,26.683986013986015,-13.669681537407062,
4590209790.20979,-11.668065669389488,-14.656899766899768,26.67979020979021,-13.69073205437692,
4594405594.405594,-11.666802827915111,-14.64822843822844,26.675594405594406,-13.711782571346772,
4598601398.601398,-11.665539986440733,-14.63955710955711,26.671398601398604,-13.732833088316628,
4602797202.797203,-11.664277144966356,-14.63088578088578,26.667202797202798,-13.753883605286486,
4606993006.993007,-11.663014303491979,-14.622214452214452,26.663006993006995,-13.774934122256338,
4611188811.18881,-11.6617514620176,-14.613543123543126,26.65881118881119,-13.795984639226191,
4615384615.384615,-11.660488620543223,-14.604871794871796,26.654615384615386,-13.817035156196049,
4619580419.58042,-11.659225779068844,-14.596200466200466,26.65041958041958,-13.838085673165905,
4623776223.776224,-11.657962937594467,-14.587529137529136,26.646223776223778,-13.859136190135763,
4627972027.972028,-11.65670009612009,-14.578857808857808,26.64202797202797,-13.880186707105615,
4632167832.167831,-11.655437254645712,-14.570186480186482,26.63783216783217,-13.901237224075468,
4636363636.363636,-11.654174413171335,-14.561515151515152,26.633636363636363,-13.922287741045324,
4640559440.559441,-11.652911571696956,-14.552843822843823,26.62944055944056,-13.943338258015181,
4644755244.755245,-11.651648730222579,-14.544172494172493,26.625244755244754,-13.96438877498504,
4648951048.951049,-11.650385888748202,-14.535501165501167,26.62104895104895,-13.98543929195489,
4653146853.1468525,-11.649123047273823,-14.526829836829839,26.61685314685315,-14.006489808924742,
4657342657.342657,-11.647860205799446,-14.518158508158509,26.612657342657343,-14.0275403258946,
4661538461.538462,-11.646597364325068,-14.509487179487179,26.60846153846154,-14.048590842864456,
4665734265.734265,-11.64533452285069,-14.500815850815851,26.604265734265734,-14.069641359834309,
4669930069.93007,-11.644071681376314,-14.492144522144521,26.60006993006993,-14.090691876804167,
4674125874.125874,-11.642808839901935,-14.483473193473195,26.595874125874126,-14.11174239377402,
4678321678.321678,-11.641545998427558,-14.474801864801865,26.591678321678323,-14.132792910743877,
4682517482.517483,-11.64028315695318,-14.466130536130535,26.587482517482517,-14.153843427713733,
4686713286.713286,-11.639020315478803,-14.457459207459207,26.583286713286714,-14.174893944683586,
4690909090.90909,-11.637757474004426,-14.448787878787881,26.57909090909091,-14.195944461653438,
4695104895.104895,-11.636494632530047,-14.440116550116551,26.574895104895106,-14.216994978623296,
4699300699.300699,-11.63523179105567,-14.431445221445221,26.5706993006993,-14.238045495593152,
4703496503.496504,-11.633968949581291,-14.422773892773892,26.566503496503497,-14.25909601256301,
4707692307.692307,-11.632706108106914,-14.414102564102564,26.562307692307694,-14.280146529532862,
4711888111.888111,-11.631443266632537,-14.405431235431237,26.55811188811189,-14.301197046502715,
4716083916.083916,-11.630180425158159,-14.396759906759907,26.553916083916086,-14.32224756347257,
4720279720.27972,-11.628917583683782,-14.388088578088578,26.54972027972028,-14.343298080442429,
4724475524.475525,-11.627654742209403,-14.379417249417248,26.545524475524477,-14.364348597412285,
4728671328.671329,-11.626391900735026,-14.370745920745922,26.54132867132867,-14.385399114382139,
4732867132.867132,-11.625129059260649,-14.362074592074594,26.53713286713287,-14.40644963135199,
4737062937.062937,-11.62386621778627,-14.353403263403264,26.532937062937062,-14.427500148321847,
4741258741.258741,-11.622603376311893,-14.344731934731934,26.52874125874126,-14.448550665291705,
4745454545.454545,-11.621340534837517,-14.336060606060606,26.524545454545454,-14.469601182261556,
4749650349.65035,-11.620077693363138,-14.327389277389276,26.52034965034965,-14.490651699231414,
4753846153.846153,-11.61881485188876,-14.31871794871795,26.51615384615385,-14.511702216201266,
4758041958.041958,-11.617552010414382,-14.31004662004662,26.511958041958042,-14.532752733171124,
4762237762.237762,-11.616289168940005,-14.30137529137529,26.507762237762236,-14.55380325014098,
4766433566.433566,-11.615026327465628,-14.292703962703962,26.503566433566434,-14.574853767110833,
4770629370.62937,-11.61376348599125,-14.284032634032636,26.49937062937063,-14.595904284080685,
4774825174.825174,-11.612500644516873,-14.275361305361306,26.495174825174825,-14.616954801050543,
4779020979.020979,-11.611237803042494,-14.266689976689976,26.490979020979022,-14.638005318020399,
4783216783.216784,-11.609974961568117,-14.258018648018647,26.486783216783216,-14.659055834990257,
4787412587.412587,-11.60871212009374,-14.249347319347319,26.482587412587414,-14.68010635196011,
4791608391.608391,-11.607449278619361,-14.240675990675992,26.478391608391608,-14.701156868929962,
4795804195.804195,-11.606186437144984,-14.232004662004663,26.474195804195805,-14.722207385899818,
4800000000.0,-11.604923595670606,-14.223333333333333,26.47,-14.743257902869676,
4804195804.195805,-11.603660754196229,-14.214662004662003,26.465804195804196,-14.764308419839534,
4808391608.391608,-11.602397912721852,-14.205990675990675,26.46160839160839,-14.785358936809384,
4812587412.587412,-11.601135071247473,-14.197319347319349,26.457412587412588,-14.806409453779239,
4816783216.783216,-11.599872229773096,-14.188648018648019,26.453216783216785,-14.827459970749095,
4820979020.979021,-11.598609388298717,-14.179976689976689,26.44902097902098,-14.848510487718952,
4825174825.174825,-11.59734654682434,-14.171305361305361,26.444825174825176,-14.869561004688805,
4829370629.370629,-11.596083705349963,-14.162634032634031,26.44062937062937,-14.890611521658661,
4833566433.566433,-11.594820863875585,-14.153962703962705,26.436433566433568,-14.911662038628513,
4837762237.762238,-11.593558022401208,-14.145291375291375,26.43223776223776,-14.932712555598371,
4841958041.958042,-11.592295180926829,-14.136620046620045,26.42804195804196,-14.953763072568227,
4846153846.153846,-11.591032339452452,-14.127948717948717,26.423846153846153,-14.97481358953808,
4850349650.349649,-11.589769497978075,-14.119277389277391,26.41965034965035,-14.995864106507932,
4854545454.545454,-11.588506656503696,-14.110606060606061,26.415454545454544,-15.01691462347779,
4858741258.741259,-11.58724381502932,-14.101934731934731,26.41125874125874,-15.037965140447646,
4862937062.937063,-11.58598097355494,-14.093263403263402,26.407062937062936,-15.059015657417504,
4867132867.132867,-11.584718132080564,-14.084592074592074,26.402867132867133,-15.080066174387357,
4871328671.3286705,-11.583455290606187,-14.075920745920747,26.39867132867133,-15.101116691357209,
4875524475.524475,-11.582192449131808,-14.067249417249418,26.394475524475524,-15.122167208327067,
4879720279.72028,-11.580929607657431,-14.058578088578088,26.39027972027972,-15.143217725296923,
4883916083.916084,-11.579666766183053,-14.049906759906758,26.386083916083916,-15.16426824226678,
4888111888.111888,-11.578403924708676,-14.041235431235432,26.381888111888113,-15.185318759236633,
4892307692.307692,-11.577141083234299,-14.032564102564104,26.377692307692307,-15.206369276206484,
4896503496.503496,-11.57587824175992,-14.023892773892774,26.373496503496504,-15.227419793176342,
4900699300.699301,-11.574615400285543,-14.015221445221444,26.369300699300698,-15.2484703101462,
4904895104.895105,-11.573352558811164,-14.006550116550114,26.365104895104896,-15.269520827116057,
4909090909.090909,-11.572089717336787,-13.997878787878786,26.36090909090909,-15.290571344085908,
4913286713.286713,-11.57082687586241,-13.98920745920746,26.356713286713287,-15.31162186105576,
4917482517.482517,-11.569564034388032,-13.98053613053613,26.35251748251748,-15.332672378025618,
4921678321.678322,-11.568301192913655,-13.9718648018648,26.34832167832168,-15.353722894995474,
4925874125.8741255,-11.567038351439276,-13.963193473193472,26.344125874125876,-15.374773411965329,
4930069930.069929,-11.5657755099649,-13.954522144522146,26.33993006993007,-15.39582392893518,
4934265734.265734,-11.564512668490522,-13.945850815850816,26.335734265734267,-15.416874445905037,
4938461538.461538,-11.563249827016143,-13.937179487179487,26.33153846153846,-15.437924962874895,
4942657342.657343,-11.561986985541767,-13.928508158508157,26.32734265734266,-15.458975479844751,
4946853146.853147,-11.560724144067388,-13.919836829836829,26.323146853146852,-15.480025996814604,
4951048951.04895,-11.55946130259301,-13.911165501165502,26.31895104895105,-15.501076513784456,
4955244755.244755,-11.558198461118634,-13.902494172494173,26.314755244755244,-15.522127030754312,
4959440559.440559,-11.556935619644255,-13.893822843822843,26.31055944055944,-15.54317754772417,
4963636363.636364,-11.555672778169878,-13.885151515151513,26.306363636363635,-15.564228064694028,
4967832167.832168,-11.5544099366955,-13.876480186480187,26.302167832167832,-15.58527858166388,
4972027972.027971,-11.553147095221123,-13.867808857808859,26.29797202797203,-15.606329098633733,
4976223776.223776,-11.551884253746746,-13.859137529137529,26.293776223776224,-15.627379615603589,
4980419580.41958,-11.550621412272367,-13.8504662004662,26.289580419580417,-15.648430132573447,
4984615384.615385,-11.54935857079799,-13.84179487179487,26.285384615384615,-15.669480649543303,
4988811188.811189,-11.548095729323611,-13.833123543123541,26.281188811188812,-15.690531166513157,
4993006993.006992,-11.546832887849234,-13.824452214452215,26.276993006993006,-15.711581683483008,
4997202797.202797,-11.545570046374857,-13.815780885780885,26.272797202797204,-15.732632200452866,
5001398601.398602,-11.545233288648356,-13.80493706293706,26.26793006993007,-15.762014534095186,
5005594405.594405,-11.546748698417609,-13.789748251748252,26.26172027972028,-15.808060501082421,
5009790209.79021,-11.548264108186862,-13.77455944055944,26.25551048951049,-15.854106468069668,
5013986013.986013,-11.549779517956114,-13.75937062937063,26.2493006993007,-15.900152435056905,
5018181818.181818,-11.551294927725369,-13.744181818181818,26.24309090909091,-15.946198402044152,
5022377622.377623,-11.552810337494622,-13.728993006993004,26.23688111888112,-15.992244369031397,
5026573426.573426,-11.554325747263874,-13.713804195804196,26.230671328671328,-16.038290336018633,
5030769230.76923,-11.555841157033129,-13.698615384615387,26.22446153846154,-16.08433630300587,
5034965034.9650345,-11.557356566802381,-13.683426573426575,26.21825174825175,-16.130382269993117,
5039160839.160839,-11.558871976571634,-13.668237762237762,26.212041958041958,-16.176428236980364,
5043356643.356644,-11.560387386340889,-13.653048951048948,26.205832167832167,-16.222474203967607,
5047552447.552447,-11.561902796110141,-13.63786013986014,26.19962237762238,-16.268520170954844,
5051748251.748251,-11.563418205879394,-13.62267132867133,26.19341258741259,-16.31456613794208,
5055944055.944056,-11.564933615648647,-13.607482517482518,26.187202797202797,-16.360612104929327,
5060139860.13986,-11.566449025417901,-13.592293706293706,26.180993006993006,-16.406658071916574,
5064335664.335665,-11.567964435187154,-13.577104895104894,26.174783216783215,-16.45270403890382,
5068531468.531468,-11.569479844956406,-13.561916083916083,26.168573426573428,-16.498750005891058,
5072727272.727272,-11.57099525472566,-13.546727272727274,26.162363636363636,-16.544795972878294,
5076923076.923077,-11.572510664494914,-13.531538461538462,26.156153846153845,-16.590841939865538,
5081118881.118881,-11.574026074264166,-13.51634965034965,26.149944055944054,-16.636887906852785,
5085314685.314685,-11.575541484033419,-13.50116083916084,26.143734265734267,-16.68293387384002,
5089510489.510489,-11.577056893802673,-13.485972027972027,26.137524475524476,-16.728979840827268,
5093706293.706293,-11.578572303571926,-13.470783216783218,26.131314685314685,-16.775025807814504,
5097902097.902098,-11.580087713341179,-13.455594405594406,26.125104895104894,-16.82107177480175,
5102097902.097902,-11.581603123110431,-13.440405594405593,26.118895104895106,-16.867117741789,
5106293706.293706,-11.583118532879686,-13.425216783216785,26.112685314685315,-16.91316370877623,
5110489510.48951,-11.584633942648939,-13.410027972027974,26.106475524475524,-16.959209675763468,
5114685314.685314,-11.586149352418191,-13.394839160839162,26.100265734265736,-17.005255642750715,
5118881118.881119,-11.587664762187446,-13.37965034965035,26.094055944055945,-17.051301609737962,
5123076923.076923,-11.589180171956698,-13.364461538461537,26.087846153846154,-17.09734757672521,
5127272727.272727,-11.590695581725951,-13.349272727272728,26.081636363636363,-17.143393543712445,
5131468531.468531,-11.592210991495204,-13.334083916083918,26.075426573426576,-17.189439510699682,
5135664335.664335,-11.593726401264458,-13.318895104895105,26.069216783216785,-17.23548547768693,
5139860139.86014,-11.595241811033711,-13.303706293706293,26.063006993006994,-17.281531444674172,
5144055944.055944,-11.596757220802964,-13.28851748251748,26.056797202797203,-17.32757741166142,
5148251748.251748,-11.598272630572216,-13.273328671328672,26.05058741258741,-17.373623378648656,
5152447552.447552,-11.59978804034147,-13.258139860139863,26.044377622377624,-17.419669345635892,
5156643356.643356,-11.601303450110724,-13.24295104895105,26.038167832167833,-17.46571531262314,
5160839160.839161,-11.602818859879976,-13.227762237762237,26.031958041958042,-17.511761279610386,
5165034965.034965,-11.60433426964923,-13.212573426573428,26.02574825174825,-17.557807246597623,
5169230769.230769,-11.605849679418483,-13.197384615384616,26.019538461538463,-17.60385321358487,
5173426573.426573,-11.607365089187736,-13.182195804195807,26.013328671328672,-17.649899180572103,
5177622377.622377,-11.608880498956989,-13.167006993006993,26.00711888111888,-17.69594514755935,
5181818181.818182,-11.610395908726243,-13.15181818181818,26.00090909090909,-17.741991114546597,
5186013986.013986,-11.611911318495496,-13.136629370629372,25.994699300699303,-17.788037081533833,
5190209790.209789,-11.613426728264749,-13.121440559440563,25.98848951048951,-17.83408304852107,
5194405594.405594,-11.614942138034001,-13.10625174825175,25.98227972027972,-17.880129015508317,
5198601398.601398,-11.616457547803256,-13.091062937062938,25.97606993006993,-17.926174982495564,
5202797202.797203,-11.617972957572508,-13.075874125874124,25.96986013986014,-17.972220949482807,
5206993006.993007,-11.619488367341761,-13.060685314685315,25.96365034965035,-18.018266916470044,
5211188811.18881,-11.621003777111016,-13.045496503496507,25.95744055944056,-18.06431288345728,
5215384615.384615,-11.622519186880268,-13.030307692307694,25.95123076923077,-18.110358850444527,
5219580419.58042,-11.62403459664952,-13.015118881118882,25.945020979020978,-18.156404817431774,
5223776223.776224,-11.625550006418775,-12.999930069930068,25.93881118881119,-18.20245078441902,
5227972027.972028,-11.627065416188028,-12.98474125874126,25.9326013986014,-18.248496751406257,
5232167832.167831,-11.62858082595728,-12.96955244755245,25.92639160839161,-18.294542718393494,
5236363636.363636,-11.630096235726533,-12.954363636363638,25.92018181818182,-18.340588685380737,
5240559440.559441,-11.631611645495788,-12.939174825174826,25.91397202797203,-18.386634652367984,
5244755244.755244,-11.63312705526504,-12.923986013986017,25.90776223776224,-18.43268061935522,
5248951048.951049,-11.634642465034293,-12.908797202797203,25.901552447552447,-18.478726586342468,
5253146853.1468525,-11.636157874803546,-12.893608391608394,25.89534265734266,-18.524772553329704,
5257342657.342657,-11.6376732845728,-12.878419580419582,25.88913286713287,-18.57081852031695,
5261538461.538462,-11.639188694342053,-12.86323076923077,25.882923076923078,-18.6168644873042,
5265734265.734265,-11.640704104111306,-12.84804195804196,25.876713286713287,-18.662910454291435,
5269930069.930069,-11.642219513880558,-12.83285314685315,25.8705034965035,-18.708956421278668,
5274125874.125874,-11.643734923649813,-12.817664335664338,25.864293706293708,-18.755002388265915,
5278321678.321678,-11.645250333419066,-12.802475524475526,25.858083916083917,-18.80104835525316,
5282517482.517483,-11.646765743188318,-12.787286713286713,25.851874125874126,-18.84709432224041,
5286713286.713286,-11.648281152957573,-12.772097902097904,25.84566433566434,-18.893140289227645,
5290909090.90909,-11.649796562726825,-12.756909090909094,25.839454545454547,-18.93918625621488,
5295104895.104895,-11.651311972496078,-12.741720279720282,25.833244755244756,-18.985232223202125,
5299300699.300699,-11.652827382265333,-12.72653146853147,25.827034965034965,-19.031278190189372,
5303496503.496504,-11.654342792034585,-12.711342657342657,25.820825174825174,-19.07732415717662,
5307692307.692307,-11.655858201803838,-12.696153846153848,25.814615384615387,-19.123370124163856,
5311888111.888111,-11.65737361157309,-12.680965034965038,25.808405594405595,-19.169416091151092,
5316083916.083916,-11.658889021342345,-12.665776223776225,25.802195804195804,-19.21546205813834,
5320279720.27972,-11.660404431111598,-12.650587412587413,25.795986013986013,-19.261508025125586,
5324475524.475525,-11.66191984088085,-12.6353986013986,25.789776223776222,-19.307553992112833,
5328671328.671329,-11.663435250650103,-12.620209790209792,25.783566433566435,-19.353599959100066,
5332867132.867132,-11.664950660419358,-12.605020979020983,25.777356643356644,-19.399645926087302,
5337062937.062937,-11.66646607018861,-12.589832167832169,25.771146853146853,-19.44569189307455,
5341258741.258741,-11.667981479957863,-12.574643356643357,25.764937062937065,-19.491737860061797,
5345454545.454545,-11.669496889727117,-12.559454545454548,25.758727272727274,-19.537783827049033,
5349650349.650349,-11.67101229949637,-12.544265734265739,25.752517482517483,-19.58382979403627,
5353846153.846153,-11.672527709265623,-12.529076923076927,25.746307692307695,-19.629875761023516,
5358041958.041958,-11.674043119034875,-12.513888111888114,25.740097902097904,-19.675921728010763,
5362237762.237762,-11.67555852880413,-12.4986993006993,25.733888111888113,-19.721967694998007,
5366433566.433566,-11.677073938573383,-12.483510489510492,25.727678321678322,-19.768013661985243,
5370629370.62937,-11.678589348342635,-12.468321678321683,25.721468531468535,-19.81405962897248,
5374825174.825174,-11.680104758111888,-12.45313286713287,25.715258741258744,-19.860105595959727,
5379020979.020979,-11.681620167881142,-12.437944055944058,25.709048951048953,-19.906151562946974,
5383216783.216784,-11.683135577650395,-12.422755244755244,25.70283916083916,-19.95219752993422,
5387412587.412587,-11.684650987419648,-12.407566433566435,25.69662937062937,-19.998243496921457,
5391608391.608391,-11.6861663971889,-12.392377622377627,25.690419580419583,-20.04428946390869,
5395804195.804195,-11.687681806958155,-12.377188811188814,25.684209790209792,-20.090335430895937,
5400000000.0,-11.689197216727408,-12.362000000000002,25.678,-20.136381397883184,
5404195804.195805,-11.690712626496662,-12.346811188811188,25.67179020979021,-20.18242736487043,
5408391608.391608,-11.692228036265915,-12.331622377622379,25.665580419580422,-20.228473331857668,
5412587412.587412,-11.693743446035167,-12.31643356643357,25.65937062937063,-20.274519298844904,
5416783216.783216,-11.69525885580442,-12.301244755244758,25.65316083916084,-20.32056526583215,
5420979020.979021,-11.696774265573675,-12.286055944055946,25.64695104895105,-20.366611232819395,
5425174825.174825,-11.698289675342927,-12.270867132867135,25.64074125874126,-20.41265719980663,
5429370629.370629,-11.69980508511218,-12.255678321678323,25.63453146853147,-20.458703166793878,
5433566433.566433,-11.701320494881433,-12.240489510489514,25.62832167832168,-20.504749133781115,
5437762237.762238,-11.702835904650687,-12.225300699300702,25.62211188811189,-20.55079510076836,
5441958041.958042,-11.70435131441994,-12.21011188811189,25.615902097902097,-20.59684106775561,
5446153846.153846,-11.705866724189192,-12.19492307692308,25.60969230769231,-20.642887034742845,
5450349650.349649,-11.707382133958445,-12.17973426573427,25.60348251748252,-20.68893300173008,
5454545454.545454,-11.7088975437277,-12.164545454545458,25.597272727272728,-20.73497896871733,
5458741258.741259,-11.710412953496952,-12.149356643356645,25.591062937062937,-20.781024935704572,
5462937062.937063,-11.711928363266205,-12.134167832167833,25.58485314685315,-20.82707090269182,
5467132867.132867,-11.71344377303546,-12.118979020979024,25.578643356643358,-20.873116869679055,
5471328671.3286705,-11.714959182804712,-12.103790209790215,25.572433566433567,-20.919162836666292,
5475524475.524475,-11.716474592573965,-12.088601398601401,25.56622377622378,-20.96520880365354,
5479720279.72028,-11.717990002343218,-12.073412587412589,25.56001398601399,-21.011254770640786,
5483916083.916084,-11.719505412112472,-12.058223776223777,25.553804195804197,-21.057300737628033,
5488111888.111888,-11.721020821881725,-12.043034965034968,25.547594405594406,-21.10334670461527,
5492307692.307692,-11.722536231650977,-12.02784615384616,25.54138461538462,-21.149392671602502,
5496503496.503496,-11.724051641420232,-12.012657342657345,25.535174825174828,-21.19543863858975,
5500699300.699301,-11.726574481445176,-11.99583216783217,25.528503496503497,-21.237239514774704,
5504895104.895104,-11.734134472748579,-11.97082517482518,25.519524475524477,-21.257814936948183,
5509090909.090909,-11.741694464051985,-11.945818181818185,25.510545454545454,-21.278390359121666,
5513286713.286713,-11.749254455355388,-11.920811188811195,25.501566433566435,-21.298965781295145,
5517482517.482517,-11.756814446658792,-11.8958041958042,25.492587412587415,-21.319541203468628,
5521678321.678322,-11.764374437962198,-11.870797202797204,25.483608391608392,-21.340116625642114,
5525874125.8741255,-11.7719344292656,-11.845790209790215,25.474629370629373,-21.360692047815593,
5530069930.069929,-11.779494420569003,-11.820783216783225,25.465650349650353,-21.381267469989073,
5534265734.265734,-11.78705441187241,-11.79577622377623,25.45667132867133,-21.401842892162556,
5538461538.461538,-11.794614403175814,-11.770769230769233,25.44769230769231,-21.42241831433604,
5542657342.657343,-11.802174394479218,-11.745762237762237,25.438713286713288,-21.442993736509525,
5546853146.853147,-11.809734385782622,-11.720755244755248,25.429734265734268,-21.463569158683004,
5551048951.04895,-11.817294377086025,-11.695748251748258,25.42075524475525,-21.484144580856483,
5555244755.244755,-11.82485436838943,-11.670741258741263,25.411776223776226,-21.504720003029966,
5559440559.440559,-11.832414359692836,-11.645734265734268,25.402797202797203,-21.52529542520345,
5563636363.636364,-11.83997435099624,-11.620727272727272,25.393818181818183,-21.545870847376936,
5567832167.832168,-11.847534342299642,-11.595720279720283,25.384839160839164,-21.566446269550415,
5572027972.027971,-11.855094333603047,-11.570713286713293,25.375860139860144,-21.587021691723894,
5576223776.223776,-11.862654324906451,-11.545706293706298,25.36688111888112,-21.607597113897377,
5580419580.41958,-11.870214316209855,-11.520699300699302,25.357902097902098,-21.62817253607086,
5584615384.615384,-11.87777430751326,-11.495692307692313,25.34892307692308,-21.64874795824434,
5588811188.811189,-11.885334298816664,-11.470685314685317,25.339944055944056,-21.669323380417826,
5593006993.006992,-11.892894290120068,-11.445678321678328,25.330965034965036,-21.689898802591305,
5597202797.202797,-11.900454281423473,-11.420671328671332,25.321986013986017,-21.710474224764788,
5601398601.398602,-11.908014272726877,-11.395664335664337,25.313006993006994,-21.73104964693827,
5605594405.594405,-11.915574264030282,-11.370657342657347,25.304027972027974,-21.75162506911175,
5609790209.790209,-11.923134255333684,-11.345650349650358,25.295048951048955,-21.77220049128523,
5613986013.986013,-11.930694246637088,-11.320643356643362,25.28606993006993,-21.792775913458712,
5618181818.181818,-11.938254237940495,-11.295636363636365,25.277090909090912,-21.8133513356322,
5622377622.377623,-11.945814229243899,-11.27062937062937,25.26811188811189,-21.83392675780568,
5626573426.573426,-11.953374220547301,-11.24562237762238,25.25913286713287,-21.85450217997916,
5630769230.76923,-11.960934211850706,-11.220615384615392,25.25015384615385,-21.87507760215264,
5634965034.9650345,-11.96849420315411,-11.195608391608395,25.241174825174827,-21.895653024326123,
5639160839.160839,-11.976054194457515,-11.1706013986014,25.232195804195804,-21.91622844649961,
5643356643.356644,-11.98361418576092,-11.145594405594405,25.223216783216785,-21.936803868673092,
5647552447.552447,-11.991174177064323,-11.120587412587415,25.214237762237765,-21.95737929084657,
5651748251.748251,-11.998734168367726,-11.095580419580426,25.205258741258746,-21.97795471302005,
5655944055.944056,-12.006294159671132,-11.07057342657343,25.196279720279723,-21.998530135193533,
5660139860.13986,-12.013854150974536,-11.045566433566435,25.1873006993007,-22.01910555736702,
5664335664.335665,-12.02141414227794,-11.02055944055944,25.17832167832168,-22.039680979540503,
5668531468.531468,-12.028974133581345,-10.99555244755245,25.169342657342657,-22.060256401713982,
5672727272.727272,-12.036534124884747,-10.97054545454546,25.160363636363638,-22.08083182388746,
5676923076.923077,-12.044094116188152,-10.945538461538465,25.151384615384618,-22.101407246060944,
5681118881.118881,-12.051654107491558,-10.92053146853147,25.142405594405595,-22.12198266823443,
5685314685.314685,-12.05921409879496,-10.89552447552448,25.133426573426576,-22.14255809040791,
5689510489.5104885,-12.066774090098363,-10.87051748251749,25.124447552447556,-22.16313351258139,
5693706293.706293,-12.07433408140177,-10.845510489510495,25.115468531468533,-22.183708934754872,
5697902097.902098,-12.081894072705174,-10.820503496503498,25.106489510489514,-22.204284356928355,
5702097902.097902,-12.089454064008578,-10.795496503496503,25.09751048951049,-22.224859779101838,
5706293706.293706,-12.097014055311982,-10.770489510489515,25.08853146853147,-22.245435201275317,
5710489510.48951,-12.104574046615385,-10.745482517482525,25.07955244755245,-22.266010623448796,
5714685314.685314,-12.112134037918791,-10.720475524475528,25.07057342657343,-22.286586045622283,
5718881118.881119,-12.119694029222195,-10.695468531468533,25.061594405594406,-22.307161467795765,
5723076923.076923,-12.1272540205256,-10.670461538461538,25.052615384615386,-22.32773688996925,
5727272727.272727,-12.134814011829004,-10.645454545454548,25.043636363636367,-22.348312312142728,
5731468531.468531,-12.142374003132407,-10.620447552447558,25.034657342657347,-22.368887734316207,
5735664335.664335,-12.149933994435811,-10.595440559440563,25.025678321678324,-22.389463156489693,
5739860139.86014,-12.157493985739217,-10.570433566433568,25.0166993006993,-22.410038578663176,
5744055944.055944,-12.165053977042621,-10.545426573426573,25.00772027972028,-22.43061400083666,
5748251748.251748,-12.172613968346024,-10.520419580419583,24.99874125874126,-22.45118942301014,
5752447552.447552,-12.180173959649428,-10.495412587412593,24.98976223776224,-22.471764845183618,
5756643356.643356,-12.187733950952833,-10.470405594405598,24.98078321678322,-22.492340267357104,
5760839160.839161,-12.195293942256237,-10.445398601398603,24.971804195804197,-22.512915689530587,
5765034965.034965,-12.202853933559641,-10.420391608391613,24.962825174825177,-22.533491111704066,
5769230769.230769,-12.210413924863046,-10.395384615384618,24.953846153846154,-22.55406653387755,
5773426573.426573,-12.217973916166448,-10.370377622377628,24.944867132867135,-22.57464195605103,
5777622377.622377,-12.225533907469854,-10.345370629370633,24.935888111888115,-22.59521737822451,
5781818181.818182,-12.233093898773259,-10.320363636363638,24.926909090909092,-22.615792800397998,
5786013986.013986,-12.240653890076661,-10.295356643356648,24.917930069930073,-22.636368222571477,
5790209790.209789,-12.248213881380066,-10.270349650349658,24.908951048951053,-22.656943644744956,
5794405594.405594,-12.25577387268347,-10.245342657342661,24.89997202797203,-22.67751906691844,
5798601398.601398,-12.263333863986874,-10.220335664335666,24.890993006993007,-22.698094489091922,
5802797202.797203,-12.27089385529028,-10.19532867132867,24.882013986013988,-22.71866991126541,
5806993006.993007,-12.278453846593683,-10.170321678321681,24.873034965034968,-22.739245333438888,
5811188811.18881,-12.286013837897087,-10.145314685314691,24.86405594405595,-22.759820755612367,
5815384615.384615,-12.293573829200492,-10.120307692307696,24.855076923076926,-22.78039617778585,
5819580419.58042,-12.301133820503896,-10.0953006993007,24.846097902097902,-22.800971599959333,
5823776223.776224,-12.3086938118073,-10.070293706293706,24.837118881118883,-22.82154702213282,
5827972027.972028,-12.316253803110705,-10.045286713286716,24.82813986013986,-22.8421224443063,
5832167832.167831,-12.323813794414107,-10.020279720279726,24.81916083916084,-22.862697866479778,
5836363636.363636,-12.331373785717513,-9.99527272727273,24.81018181818182,-22.88327328865326,
5840559440.559441,-12.338933777020918,-9.970265734265736,24.801202797202798,-22.903848710826743,
5844755244.755244,-12.34649376832432,-9.945258741258746,24.79222377622378,-22.924424133000223,
5848951048.951049,-12.354053759627726,-9.92025174825175,24.783244755244755,-22.94499955517371,
5853146853.1468525,-12.361613750931129,-9.89524475524476,24.774265734265736,-22.965574977347188,
5857342657.342657,-12.369173742234533,-9.870237762237766,24.765286713286716,-22.98615039952067,
5861538461.538462,-12.37673373353794,-9.84523076923077,24.756307692307693,-23.006725821694154,
5865734265.734265,-12.384293724841342,-9.82022377622378,24.747328671328674,-23.027301243867633,
5869930069.930069,-12.391853716144745,-9.795216783216791,24.738349650349654,-23.047876666041113,
5874125874.125874,-12.39941370744815,-9.770209790209794,24.72937062937063,-23.0684520882146,
5878321678.321678,-12.406973698751555,-9.7452027972028,24.72039160839161,-23.08902751038808,
5882517482.517483,-12.41453369005496,-9.720195804195804,24.71141258741259,-23.109602932561565,
5886713286.713286,-12.422093681358364,-9.695188811188814,24.70243356643357,-23.130178354735044,
5890909090.90909,-12.429653672661766,-9.670181818181824,24.69345454545455,-23.150753776908523,
5895104895.104895,-12.43721366396517,-9.645174825174829,24.684475524475527,-23.171329199082006,
5899300699.300699,-12.444773655268577,-9.620167832167834,24.675496503496504,-23.191904621255492,
5903496503.496504,-12.452333646571981,-9.595160839160839,24.666517482517484,-23.212480043428975,
5907692307.692307,-12.459893637875384,-9.570153846153849,24.65753846153846,-23.233055465602455,
5911888111.888111,-12.467453629178788,-9.545146853146859,24.648559440559442,-23.253630887775934,
5916083916.083916,-12.475013620482192,-9.520139860139864,24.639580419580422,-23.274206309949417,
5920279720.27972,-12.482573611785597,-9.495132867132869,24.6306013986014,-23.294781732122903,
5924475524.475524,-12.490133603089001,-9.470125874125879,24.62162237762238,-23.315357154296382,
5928671328.671329,-12.497693594392405,-9.445118881118884,24.612643356643357,-23.335932576469865,
5932867132.867132,-12.505253585695808,-9.420111888111894,24.603664335664337,-23.356507998643345,
5937062937.062937,-12.512813576999214,-9.395104895104899,24.594685314685318,-23.377083420816827,
5941258741.258741,-12.520373568302618,-9.370097902097903,24.585706293706295,-23.39765884299031,
5945454545.454545,-12.527933559606023,-9.345090909090914,24.576727272727275,-23.41823426516379,
5949650349.650349,-12.535493550909425,-9.320083916083924,24.567748251748256,-23.43880968733727,
5953846153.846153,-12.54305354221283,-9.295076923076929,24.558769230769233,-23.459385109510755,
5958041958.041958,-12.550613533516236,-9.270069930069933,24.54979020979021,-23.479960531684238,
5962237762.237762,-12.55817352481964,-9.245062937062936,24.54081118881119,-23.50053595385772,
5966433566.433566,-12.565733516123043,-9.220055944055947,24.53183216783217,-23.5211113760312,
5970629370.62937,-12.573293507426447,-9.195048951048957,24.52285314685315,-23.54168679820468,
5974825174.825174,-12.580853498729851,-9.170041958041963,24.51387412587413,-23.562262220378166,
5979020979.020979,-12.588413490033256,-9.145034965034966,24.504895104895105,-23.58283764255165,
5983216783.216784,-12.595973481336662,-9.120027972027971,24.495916083916086,-23.60341306472513,
5987412587.412587,-12.603533472640065,-9.095020979020981,24.486937062937063,-23.62398848689861,
5991608391.608391,-12.611093463943467,-9.070013986013992,24.477958041958043,-23.64456390907209,
5995804195.804195,-12.618653455246873,-9.045006993006997,24.468979020979024,-23.665139331245577,
6000000000.0,-12.626213446550278,-9.020000000000001,24.46,-23.68571475341906,
