Frequency,S11_Magnitude,S12_Magnitude,S21_Magnitude,S22_Magnitude,
1000000,-2.112178104,-44.25606925,5.525338334,-1.023663709,
2997002,-7.157538562,-50.50994239,34.05333626,-4.410551644,
4994005,-13.02203793,-62.92449509,36.89708497,-11.69778996,
6991008,-16.88064462,-52.67415595,37.14638856,-15.34833892,
8988011,-16.76661013,-49.69127834,37.23652593,-17.6382146,
10985014,-16.98368173,-49.41496907,37.23235395,-18.24363871,
12982017,-16.60458717,-49.33923979,37.16246064,-19.40414481,
14979020,-16.20790199,-49.91567672,37.20314203,-20.04419364,
16976023,-16.30460777,-49.38795449,37.19617146,-20.57538366,
18973026,-16.0740007,-49.90019314,37.17384656,-20.6987849,
20970029,-16.31645627,-51.70296968,37.19513378,-19.89230726,
22967032,-15.9980419,-49.88252847,37.20458129,-20.76818941,
24964035,-15.67852205,-48.1122181,37.17895663,-21.79657814,
26961038,-16.33688568,-53.03598784,37.16580936,-20.19696784,
28958041,-15.81806777,-49.51936657,37.19116187,-21.46600208,
30955044,-16.30637291,-53.26157049,37.17578462,-20.66588597,
32952047,-15.52090332,-48.21982571,37.20034691,-21.61137733,
34949050,-15.27994735,-46.68031933,37.17969018,-21.93756331,
36946053,-15.77482288,-48.19763744,37.12299033,-20.86043306,
38943056,-16.08940591,-49.53065581,37.14286706,-20.6961071,
40940059,-15.90746313,-50.00574847,37.15161088,-21.57283997,
42937062,-15.97092929,-49.88186952,37.09950662,-20.85040193,
44934065,-15.99625021,-48.92099428,37.13178124,-20.9490561,
46931068,-16.21928256,-52.21104921,37.14025919,-20.33280735,
48928071,-15.82217938,-49.17087064,37.11113749,-21.25980225,
50925074,-15.96305266,-48.83846662,37.13011439,-20.80685096,
52922077,-16.04962073,-51.00861724,37.12853454,-21.20980239,
54919080,-16.3324078,-51.63450436,37.09906166,-20.12815802,
56916083,-15.93708936,-49.43552085,37.12109009,-20.79511479,
58913086,-16.28368816,-49.82184982,37.12583045,-20.14617221,
60910089,-16.71917785,-56.38054904,37.13095268,-20.29349543,
62907092,-16.18678436,-50.51162067,37.1354651,-20.48672076,
64904095,-16.08023127,-49.3224385,37.14104993,-20.71272407,
66901098,-16.03684695,-48.76898375,37.12287885,-20.72123294,
68898101,-16.09065445,-48.97920562,37.14604259,-20.20305307,
70895104,-15.80850251,-49.61671491,37.15722061,-20.65763015,
72892107,-16.2224258,-50.02380823,37.14521474,-19.92532817,
74889110,-15.97992766,-47.01285964,37.16002248,-19.7005017,
76886113,-16.24935381,-49.51962941,37.17249098,-19.74823304,
78883116,-16.48835734,-49.53119729,37.15175809,-19.42481178,
80880119,-16.12079538,-50.05199246,37.17043762,-19.91883222,
82877122,-16.05415398,-51.20702206,37.18320204,-19.91893898,
84874125,-16.24805519,-47.69636062,37.16024659,-18.75971437,
86871128,-15.977461,-48.12451094,37.18025092,-19.50785433,
88868131,-16.02008886,-50.83065418,37.18815385,-19.71480144,
90865134,-16.62245727,-47.84788569,37.17253371,-18.79253519,
92862137,-15.98568968,-52.02715227,37.19139637,-20.27653096,
94859140,-16.19586733,-46.93607708,37.1947068,-19.08940422,
96856143,-16.27648851,-48.44074142,37.17870607,-19.16853235,
98853146,-16.03961563,-51.96750927,37.19523388,-19.89184604,
100850149,-16.1144942,-51.76966078,37.20221452,-19.54559982,
102847152,-16.00524418,-51.39988215,37.17262789,-19.39935113,
104844155,-16.35167184,-47.60604733,37.20858021,-18.95586602,
106841158,-16.3368077,-48.68447912,37.21061414,-18.91200829,
108838161,-16.24150364,-49.02490852,37.19348425,-18.88667134,
110835164,-16.11391901,-51.07252012,37.21127716,-19.51279471,
112832167,-16.22896742,-49.24455638,37.22575731,-18.83403282,
114829170,-16.07103944,-51.39241622,37.20303615,-19.34803737,
116826173,-16.31500292,-48.19231499,37.22904613,-18.83980761,
118823176,-16.10330538,-51.22333329,37.23508852,-19.2869816,
120820179,-16.06040321,-50.80491805,37.21678772,-19.73682533,
122817182,-16.00482253,-51.30146623,37.24348719,-19.45770069,
124814185,-16.01609734,-52.62220307,37.25022019,-19.46418906,
126811188,-16.09652096,-50.32805166,37.23249258,-19.1355414,
128808191,-16.13481953,-48.42512179,37.2625081,-18.89451429,
130805194,-16.28725568,-48.67356006,37.26994815,-19.03808356,
132802197,-16.04888048,-51.16690015,37.24592477,-19.02115244,
134799200,-15.9000974,-54.56089105,37.2723288,-19.84606302,
136796203,-16.11640385,-49.4910913,37.29232294,-18.80207839,
138793206,-16.01056076,-51.67391702,37.26310309,-19.1783175,
140790209,-16.12025472,-49.96670769,37.29800108,-19.40188106,
142787212,-16.24288051,-47.07017337,37.30519913,-18.89261069,
144784215,-15.96577333,-53.12668335,37.28232051,-19.83970949,
146781218,-16.2403755,-47.03155063,37.30642145,-19.24036686,
148778221,-16.2807571,-46.80034271,37.31996504,-18.64234041,
150775224,-16.10924002,-51.8207987,37.30089005,-19.07485257,
152772227,-16.00018502,-48.26837299,37.323109,-19.31583214,
154769230,-16.09373689,-50.24836051,37.32388613,-19.15020024,
156766233,-16.03345921,-51.40546266,37.30974978,-19.15655809,
158763236,-16.17708919,-51.23511885,37.33943449,-18.67817841,
160760239,-16.13431102,-46.6518888,37.33846492,-19.11930408,
162757242,-16.07866053,-49.58571418,37.31741902,-19.20893506,
164754245,-16.12004936,-47.97545528,37.34045916,-18.90823915,
166751248,-16.05309497,-55.36547934,37.35099882,-18.73040916,
168748251,-16.10375463,-48.20070666,37.321995,-19.54156936,
170745254,-16.30424177,-47.42450004,37.35080876,-18.30558774,
172742257,-16.12309809,-51.16726152,37.35322594,-18.7363484,
174739260,-16.21105613,-50.25689935,37.3395178,-18.44586474,
176736263,-16.22114598,-48.95694663,37.35763465,-18.37298512,
178733266,-15.98956651,-49.29459171,37.36278483,-18.86377198,
180730269,-16.05920501,-49.15095506,37.35475647,-18.59772084,
182727272,-16.24781296,-50.25335362,37.37685206,-18.52604193,
184724275,-13.82776637,-38.63952302,37.4655466,-26.36388838,
186721278,-15.99326843,-48.30882913,37.35533731,-18.78897507,
188718281,-16.00907476,-47.96505415,37.37995372,-18.58247277,
190715284,-16.19999978,-52.10939886,37.39040377,-18.25317898,
192712287,-15.78465212,-46.31670629,37.36789643,-18.98384338,
194709290,-15.96726124,-51.35572091,37.39181793,-18.78993636,
196706293,-16.3347159,-51.34096014,37.39016564,-17.74870124,
198703296,-15.89123138,-49.48094281,37.3843734,-18.50762172,
200700299,-15.45713699,-49.52776021,37.39011492,-19.05603997,
202697302,-15.90751831,-48.96715619,37.4122806,-18.2622077,
204694305,-15.84805609,-48.52548489,37.39630598,-18.30699885,
206691308,-15.85217283,-48.3241829,37.41582157,-18.41216799,
208688311,-15.8841449,-47.11269509,37.42062072,-18.5238776,
210685314,-15.91041606,-51.8606059,37.40715571,-18.10216207,
212682317,-15.86391406,-49.76577216,37.42614361,-18.14168426,
214679320,-15.70408747,-48.84467953,37.43064623,-18.56232647,
216676323,-15.8549262,-49.17084018,37.41129227,-17.97696896,
218673326,-15.76748039,-52.98386829,37.44525208,-17.93118961,
220670329,-15.82149901,-49.84220282,37.44654922,-18.03869502,
222667332,-15.60525986,-49.53050703,37.43672384,-18.28229718,
224664335,-14.97303034,-46.0365558,37.47311413,-19.05419868,
226661338,-15.63795244,-50.10091567,37.46304882,-17.93818122,
228658341,-15.98505039,-51.45636047,37.44177731,-17.7676276,
230655344,-15.78553352,-50.99971978,37.47108384,-17.89833721,
232652347,-15.28709515,-47.23744894,37.48706579,-18.48751292,
234649350,-15.48798934,-48.77403102,37.46920781,-18.31525827,
236646353,-15.9901703,-51.52883422,37.48585815,-17.71311466,
238643356,-15.77717181,-52.33390919,37.4904432,-17.36171134,
240640359,-15.46747745,-47.79267466,37.49116454,-18.6632291,
242637362,-15.20576426,-48.10211806,37.51486751,-18.48721284,
244634365,-15.13612457,-46.51652616,37.52842448,-18.91070034,
246631368,-16.02828833,-53.30680484,37.49478865,-17.66006147,
248628371,-15.3486477,-47.99967854,37.53171878,-18.44967821,
250625374,-15.64785422,-50.64039808,37.53356266,-17.51234602,
252622377,-15.79425775,-51.34894554,37.52251057,-17.70104714,
254619380,-15.53994633,-49.46010914,37.53777779,-17.66847643,
256616383,-15.68182813,-50.62534647,37.54634537,-17.43176215,
258613386,-15.61467822,-49.21085276,37.54574388,-18.20086386,
260610389,-15.37229398,-48.39585083,37.56051095,-17.72782642,
262607392,-15.42082616,-48.29231805,37.56340117,-17.83721607,
264604395,-15.92969791,-51.71011139,37.54978095,-17.62888197,
266601398,-15.41232988,-47.19827495,37.58283898,-18.30152562,
268598401,-15.3851322,-48.34332888,37.57956152,-17.76288461,
270595404,-15.95388623,-51.57476722,37.55716719,-17.41266301,
272592407,-15.27279578,-47.48866964,37.58877786,-17.85229406,
274589410,-15.57892534,-49.1145557,37.60205488,-17.81677384,
276586413,-15.11862731,-46.75008958,37.57727671,-18.12454062,
278583416,-15.28209164,-46.96156229,37.59334162,-17.25996497,
280580419,-15.55530724,-48.67174659,37.59765076,-17.17889696,
282577422,-15.56153228,-47.68431376,37.5747356,-16.74921209,
284574425,-16.20183801,-51.62142988,37.61018789,-16.51828957,
286571428,-15.61204341,-48.48485049,37.61782435,-16.90345622,
288568431,-16.23240063,-51.85221104,37.60211113,-16.7794663,
290565434,-15.7353403,-49.04813138,37.62073111,-16.86934071,
292562437,-15.81125356,-48.40036067,37.62246044,-16.53793501,
294559440,-15.31278569,-47.66634073,37.61446241,-17.80770756,
296556443,-16.06667718,-51.34537164,37.64399771,-16.87053016,
298553446,-15.33270699,-47.16115401,37.64436092,-17.0984927,
300550449,-15.67483426,-47.04413733,37.61397123,-16.12871661,
302547452,-15.71161955,-48.78567589,37.64711508,-16.65035631,
304544455,-15.42777453,-47.49803057,37.65865685,-16.99068138,
306541458,-16.53365126,-54.19702605,37.6579279,-16.49558033,
308538461,-16.15705564,-51.18439883,37.67620875,-16.60181054,
310535464,-15.99607134,-48.2469536,37.67781506,-16.35933767,
312532467,-16.2215896,-50.95726355,37.66231004,-16.56069073,
314529470,-15.75847474,-46.80012267,37.6842059,-16.25769331,
316526473,-16.29041125,-49.66202867,37.70131588,-16.05358746,
318523476,-16.38589348,-51.59166064,37.68859495,-16.17398865,
320520479,-15.71569888,-47.98417258,37.70903564,-16.36822261,
322517482,-15.76527942,-47.7963541,37.71468203,-16.08067975,
324514485,-16.28113723,-48.72584583,37.70293119,-15.72830455,
326511488,-15.91321657,-48.4061284,37.72517637,-15.8612912,
328508491,-15.75079299,-50.81999755,37.74465464,-16.77819269,
330505494,-15.94773848,-49.18688718,37.72506388,-16.44487876,
332502497,-16.36779278,-48.47581103,37.74561362,-15.6495896,
334499500,-16.25548846,-49.84662492,37.76027957,-16.00668647,
336496503,-16.05339193,-47.03263525,37.7393476,-15.61242603,
338493506,-15.75213341,-49.88650426,37.76522732,-16.62659969,
340490509,-15.07734806,-46.61460621,37.75268548,-16.56954849,
342487512,-15.81635285,-47.44201604,37.75687852,-16.16440838,
344484515,-16.25401478,-46.46244126,37.79508975,-15.37821802,
346481518,-15.65159085,-46.09802726,37.79417197,-15.70605611,
348478521,-16.47574977,-49.67855906,37.78976032,-15.97814085,
350475524,-15.73974551,-48.00495903,37.80363976,-16.16953569,
352472527,-16.19394958,-47.6084986,37.82436628,-15.90032983,
354469530,-16.12752955,-47.51788822,37.80075417,-15.75370235,
356466533,-16.21047363,-52.66977313,37.83867188,-16.15769373,
358463536,-16.14800921,-49.21374804,37.82944239,-16.03432638,
360460539,-15.71366871,-47.97695029,37.80561267,-15.93230861,
362457542,-15.79921011,-51.50038195,37.82419289,-16.66879866,
364454545,-16.39748971,-45.59988996,37.84520139,-15.27934783,
366451548,-16.0159424,-48.0956797,37.81658386,-15.8863101,
368448551,-16.56995289,-48.35277396,37.84112609,-15.94403786,
370445554,-16.2580824,-52.40481152,37.84655118,-16.4154869,
372442557,-16.06745329,-50.62289692,37.80972137,-16.58910148,
374439560,-16.53677353,-50.70922874,37.84612242,-16.11930289,
376436563,-16.51843156,-47.68589604,37.8537241,-15.55336959,
378433566,-16.29935808,-46.79375877,37.83360535,-15.60404914,
380430569,-16.82261031,-48.43797579,37.84981271,-15.8205229,
382427572,-16.71518721,-46.9370212,37.86263786,-15.54432192,
384424575,-16.35960575,-48.37327713,37.82550182,-15.64451085,
386421578,-16.54169454,-46.60635694,37.8557316,-15.44344035,
388418581,-16.75268303,-50.06627755,37.84663986,-16.26438457,
390415584,-16.52331444,-48.09461205,37.83035201,-15.68131792,
392412587,-16.02066542,-48.31812657,37.84654072,-15.72595712,
394409590,-16.37531784,-50.43031743,37.848322,-16.07411862,
396406593,-16.80527797,-48.5343351,37.82971287,-16.02568623,
398403596,-16.34637917,-52.18725615,37.83838213,-16.6239631,
400400599,-16.24924906,-48.55568198,37.85335322,-15.59305706,
402397602,-16.85157429,-47.53231297,37.82824013,-15.89026502,
404394605,-16.38781223,-49.36590143,37.85247213,-15.75353387,
406391608,-16.80975025,-48.96183086,37.85169649,-15.84896794,
408388611,-17.16760725,-46.62917424,37.83551565,-16.00136921,
410385614,-16.97393155,-47.32888807,37.84923338,-16.00152672,
412382617,-16.61115043,-50.76863843,37.85284807,-16.18898272,
414379620,-16.81866161,-47.34737713,37.84237227,-15.55481769,
416376623,-16.84796644,-48.89406273,37.84833361,-16.48758158,
418373626,-16.73389318,-47.2367959,37.87008637,-15.43586316,
420370629,-16.36443256,-54.18209796,37.83903792,-16.11804105,
422367632,-17.06964899,-46.40004459,37.86124816,-15.71177001,
424364635,-17.09008911,-47.14055069,37.86546124,-15.95004483,
426361638,-16.92723899,-47.93830413,37.85277925,-15.96859237,
428358641,-16.80640542,-49.20946244,37.87229644,-16.098445,
430355644,-17.00056298,-48.2996267,37.87616066,-15.93525609,
432352647,-16.96509515,-48.23694731,37.85093452,-16.38170842,
434349650,-17.20004285,-45.83269813,37.86894402,-16.40835942,
436346653,-17.25791113,-45.44584931,37.8674418,-16.37790202,
438343656,-16.84644609,-49.95354206,37.85141639,-16.55287084,
440340659,-16.93779351,-48.82741034,37.87321308,-16.41144792,
442337662,-17.22397303,-46.06200207,37.87078092,-16.65520326,
444334665,-16.97540661,-49.39603234,37.84732566,-16.54463727,
446331668,-16.90324756,-47.95301919,37.87207209,-16.92091481,
448328671,-16.91305814,-48.58315829,37.87248112,-16.50115945,
450325674,-16.85942955,-49.56357297,37.84690177,-16.57568142,
452322677,-16.75859947,-48.6751011,37.87244369,-17.0802486,
454319680,-16.95206478,-49.94261474,37.87240978,-16.48293035,
456316683,-16.73340361,-49.85395948,37.8481183,-16.65764379,
458313686,-16.71293929,-46.83055297,37.8727341,-17.08554849,
460310689,-16.55909585,-47.84864291,37.87327882,-17.46805585,
462307692,-16.46572707,-50.7235315,37.85514117,-16.90407653,
464304695,-16.57003725,-47.44067409,37.869858,-17.08182154,
466301698,-16.76268206,-51.12913997,37.86849724,-16.60684617,
468298701,-16.34212527,-48.90744823,37.83980634,-17.28893169,
470295704,-16.60517997,-47.48021107,37.85818034,-17.11281103,
472292707,-16.47634175,-50.03441779,37.85926131,-17.02978266,
474289710,-16.53595662,-49.65423435,37.83580201,-17.32521731,
476286713,-16.8589917,-49.54718711,37.84454442,-16.65765345,
478283716,-16.33814489,-48.41348914,37.85376576,-17.24579735,
480280719,-16.74639102,-52.62312678,37.82428422,-16.8676862,
482277722,-16.61177308,-51.98527873,37.84209076,-17.02353774,
484274725,-16.80455532,-50.00803555,37.84322069,-16.68467879,
486271728,-16.54111299,-48.81345506,37.83372007,-17.14072749,
488268731,-16.29223754,-49.1994805,37.85063657,-17.36996083,
490265734,-16.4877174,-49.97779925,37.85272189,-17.18564326,
492262737,-16.31967842,-46.68258296,37.83775362,-17.67730639,
494259740,-16.04382777,-46.82607992,37.86534405,-17.73851871,
496256743,-16.41107837,-46.87021398,37.86441681,-17.25232699,
498253746,-16.74723432,-52.3688621,37.83422853,-16.89071603,
500250749,-16.15942459,-47.74438418,37.85515841,-17.32027176,
502247752,-16.10150316,-47.15056192,37.86363125,-17.77422856,
504244755,-16.28776478,-46.03684463,37.85897235,-17.83194773,
506241758,-16.17804203,-45.96179299,37.86703663,-17.82104045,
508238761,-16.58749714,-48.67159257,37.88457976,-17.50129648,
510235764,-16.37220092,-46.93477597,37.85309333,-17.81896921,
512232767,-16.42927337,-48.55469425,37.87853808,-17.62035383,
514229770,-16.85787125,-50.93190095,37.87853438,-17.1129952,
516226773,-16.60843664,-48.79894047,37.86605555,-17.64432833,
518223776,-16.17093283,-46.42750599,37.89618715,-18.02421608,
520220779,-16.1959787,-46.2494497,37.89660608,-18.19097947,
522217782,-16.69819384,-49.00565785,37.87436751,-17.5897401,
524214785,-17.36013514,-54.29260196,37.8965975,-17.00172629,
526211788,-15.92979124,-45.02605949,37.89944205,-18.40860462,
528208791,-16.4483202,-47.21849004,37.87934852,-17.89302061,
530205794,-16.23819563,-46.31955611,37.90113656,-18.58138625,
532202797,-16.61435158,-48.2030478,37.90309593,-18.27807613,
534199800,-16.79803799,-48.19639751,37.8763206,-17.74456714,
536196803,-16.8483341,-48.95639032,37.91284936,-18.0254198,
538193806,-16.88388666,-49.72780157,37.90909437,-18.27949008,
540190809,-16.73383302,-47.7317766,37.88306685,-18.19651489,
542187812,-17.18320806,-49.77500442,37.8984318,-18.05156229,
544184815,-17.48675099,-51.5763396,37.90069005,-17.65620128,
546181818,-17.19690719,-50.27614031,37.87891156,-18.11191555,
548178821,-16.78289032,-49.14534454,37.90517108,-18.57208489,
550175824,-16.98699497,-48.92977546,37.89497613,-18.51464201,
552172827,-16.81677822,-47.0098436,37.87361979,-18.35241259,
554169830,-16.68955453,-46.11544486,37.88716101,-18.19174492,
556166833,-17.04914069,-49.08587816,37.88908671,-18.64048076,
558163836,-17.28433093,-46.83656617,37.85785829,-18.08834535,
560160839,-17.77322064,-50.88032033,37.88318968,-17.97629953,
562157842,-16.76168365,-47.42463765,37.88129969,-18.9733451,
564154845,-16.5253499,-45.88339569,37.84659693,-18.89729333,
566151848,-17.04265208,-49.85364258,37.87219069,-18.76239307,
568148851,-16.73548849,-46.31575264,37.86267423,-18.54066054,
570145854,-17.04100887,-47.78129332,37.85095744,-18.46379642,
572142857,-17.27817903,-47.43534621,37.85486412,-18.33107345,
574139860,-16.81238149,-47.86667711,37.85723498,-18.98419991,
576136863,-17.39255439,-49.08012372,37.84154284,-18.10126872,
578133866,-16.81966669,-49.11860027,37.8433857,-18.74588896,
580130869,-16.67202271,-46.18249845,37.83811807,-18.55407244,
582127872,-17.03885301,-48.53747291,37.82803322,-18.37390725,
584124875,-17.9269008,-52.72793999,37.85551087,-18.0442489,
586121878,-17.51281288,-51.19933707,37.84419818,-18.24791573,
588118881,-16.55006998,-47.83324697,37.79809244,-18.86953,
590115884,-17.22754967,-49.75453042,37.82909622,-18.19827295,
592112887,-16.45496129,-49.80498766,37.81922247,-19.03062735,
594109890,-16.80785927,-47.03460977,37.78310593,-18.44871215,
596106893,-16.86131526,-48.47267486,37.80592219,-18.55983251,
598103896,-17.74367294,-48.5364085,37.81695749,-18.00540033,
600100899,-16.96544217,-46.67217996,37.78116128,-17.90646825,
602097902,-17.87900366,-48.77802224,37.80917782,-17.91734562,
604094905,-16.75643358,-47.11305719,37.78841257,-18.38047694,
606091908,-16.76270382,-48.87328803,37.76568863,-18.54096431,
608088911,-16.77018258,-48.78699101,37.78106893,-18.85164067,
610085914,-17.41083073,-45.95262242,37.78404237,-17.82318006,
612082917,-16.9307551,-45.80635325,37.7444836,-18.28248747,
614079920,-17.18180892,-47.04404369,37.76447789,-18.30169939,
616076923,-17.14951079,-51.93783483,37.75876218,-19.03854357,
618073926,-16.94459085,-48.84411937,37.72615369,-18.92974685,
620070929,-17.69590723,-50.57953019,37.7542543,-18.50451111,
622067932,-17.04131609,-49.96996067,37.73345541,-19.40262927,
624064935,-17.19105805,-47.70302183,37.71541865,-18.8411828,
626061938,-17.14989813,-49.5609554,37.72089508,-19.18839715,
628058941,-16.29934154,-49.79786817,37.70982028,-20.06909301,
630055944,-17.68544617,-46.23961186,37.69910815,-18.57363939,
632052947,-17.22341471,-47.13192833,37.69599924,-19.26846773,
634049950,-16.76733203,-48.43815962,37.68655051,-19.6050711,
636046953,-17.73818645,-47.71726227,37.65889127,-19.27252166,
638043956,-16.95367957,-46.49179454,37.66996911,-19.33069076,
640040959,-17.5663697,-46.40412556,37.66882965,-19.02279495,
642037962,-17.19587751,-46.08929005,37.63329304,-19.0708716,
644034965,-17.70415082,-47.24727237,37.64296113,-19.20195702,
646031968,-17.26328516,-49.00924471,37.62465048,-19.71824256,
648028971,-17.85660227,-48.43925458,37.57920759,-19.77680434,
650025974,-17.56136289,-47.54906678,37.59899081,-19.28481159,
652022977,-17.31765151,-48.38981619,37.59135416,-19.74063572,
654019980,-17.12835595,-50.43917028,37.53959356,-20.44761632,
656016983,-18.11289497,-46.09015073,37.56845795,-18.68116294,
658013986,-18.89707601,-45.16886227,37.5541555,-18.46739646,
660010989,-17.1528616,-50.93880642,37.50380281,-20.32653411,
662007992,-17.96114411,-47.24222014,37.51647918,-19.23809955,
664004995,-17.59487024,-48.97903082,37.50406326,-19.48860187,
666001998,-18.37658302,-46.00980891,37.47623113,-18.85827524,
667999000,-18.01311756,-46.44032445,37.47744048,-18.80954171,
669996003,-17.5657504,-49.62893544,37.46570747,-19.76580356,
671993006,-17.54063503,-49.44109491,37.42207787,-19.6759785,
673990009,-17.67730467,-48.53269248,37.42922254,-19.35991567,
675987012,-17.79862247,-48.00179055,37.42187066,-19.48022735,
677984015,-17.16839443,-50.19875685,37.39002657,-19.82480483,
679981018,-17.34560551,-49.86526118,37.40081869,-19.40272436,
681978021,-16.93857839,-52.57924537,37.37814653,-20.55264028,
683975024,-17.2749676,-50.36991348,37.35558825,-19.62984824,
685972027,-17.78598839,-47.73808573,37.36281024,-19.35153992,
687969030,-18.51461514,-45.17952812,37.36095002,-18.38604149,
689966033,-17.4544256,-49.38396232,37.32130883,-19.73361395,
691963036,-17.5927297,-47.92894247,37.3412309,-19.00973848,
693960039,-16.81924158,-53.33474195,37.3305945,-20.24261097,
695957042,-18.14175766,-45.01735628,37.28970884,-18.6033589,
697954045,-17.20182751,-49.68039347,37.31205853,-19.65551388,
699951048,-17.18841625,-50.37922186,37.30556167,-19.83364826,
701948051,-17.89174393,-45.86614045,37.26836262,-18.77131287,
703945054,-16.89316491,-48.20137402,37.27624175,-19.96650414,
705942057,-16.67192843,-51.63704016,37.28083409,-20.38402353,
707939060,-17.25581124,-48.38641838,37.25764808,-19.75073801,
709936063,-16.36847333,-51.0300745,37.26265181,-20.96736145,
711933066,-17.24068875,-46.89269754,37.25437961,-19.55238078,
713930069,-17.29817246,-47.15310048,37.22428039,-19.33538612,
715927072,-16.63146727,-51.45583529,37.24134996,-20.01597116,
717924075,-16.9150417,-47.36729894,37.23564343,-20.1244052,
719921078,-16.20425053,-51.80444186,37.2078682,-20.96630609,
721918081,-17.15061086,-46.30291166,37.21928651,-19.40494089,
723915084,-15.72769859,-52.4670014,37.22456816,-21.62903718,
725912087,-16.55194291,-48.50532618,37.18831513,-20.30476319,
727909090,-16.22041585,-48.992761,37.21254489,-20.64660814,
729906093,-16.26802319,-47.29807458,37.19548501,-20.48663319,
731903096,-16.4866423,-47.16728697,37.17752717,-20.2631335,
733900099,-16.73939888,-47.64532821,37.19029471,-19.82840055,
735897102,-16.06852451,-48.71210849,37.18205443,-20.92432277,
737894105,-16.63843289,-47.51707062,37.15425853,-20.09467629,
739891108,-16.23227158,-50.34553744,37.17214871,-20.59917891,
741888111,-16.23903037,-49.61950602,37.16762641,-20.78646967,
743885114,-16.14716122,-50.07454094,37.13914434,-20.80270437,
745882117,-15.93061768,-47.77174962,37.15162755,-20.63913663,
747879120,-15.75332838,-48.89329215,37.14932784,-21.20825586,
749876123,-16.1296519,-46.30849925,37.1215409,-20.30158047,
751873126,-15.62810741,-47.94961894,37.1322146,-20.95311877,
753870129,-16.08596731,-48.76927953,37.12112551,-20.69092744,
755867132,-15.85004669,-48.73939568,37.09341982,-20.57405689,
757864135,-15.59554719,-46.18831651,37.10887544,-20.83864187,
759861138,-15.97247038,-48.5707312,37.10082029,-20.34661477,
761858141,-15.83573963,-48.50497038,37.07087941,-19.99863753,
763855144,-16.01676428,-49.71091219,37.07867385,-20.11444125,
765852147,-15.65268565,-47.43421021,37.07287718,-20.50937094,
767849150,-15.75647741,-48.55548972,37.03856631,-19.99782989,
769846153,-15.87755444,-50.40028788,37.04372853,-20.36186666,
771843156,-15.9013778,-50.0800139,37.03647887,-19.94247889,
773840159,-15.51619322,-46.95786352,37.01561314,-20.61295844,
775837162,-15.48822496,-47.22560089,37.01373022,-19.98919115,
777834165,-15.5653867,-48.22511806,37.00808383,-20.18524325,
779831168,-15.77343522,-49.45237932,36.96767686,-19.77880249,
781828171,-15.47473294,-48.09501234,36.98054784,-20.29569918,
783825174,-15.49064819,-47.36109968,36.97088008,-21.16544917,
785822177,-15.6368193,-48.37541379,36.9421212,-19.72670005,
787819180,-15.50985877,-47.62322255,36.94003902,-20.2162086,
789816183,-15.44373553,-46.77450388,36.94014451,-20.30702671,
791813186,-15.37865158,-47.15587319,36.91320211,-20.2684022,
793810189,-15.72224694,-51.85938701,36.92182363,-19.51009447,
795807192,-15.52763683,-49.26461187,36.91929426,-19.91991817,
797804195,-15.24813451,-46.82620408,36.88735501,-20.28129143,
799801198,-15.33217614,-47.29784911,36.89971462,-19.98125106,
801798201,-15.36739516,-47.54421388,36.89172391,-20.19652743,
803795204,-15.18830674,-46.61801563,36.86315312,-20.22433397,
805792207,-15.52185207,-48.02855398,36.8661075,-20.60963235,
807789210,-15.64041415,-50.83164514,36.8535345,-19.95931052,
809786213,-15.44817006,-49.66495012,36.83626261,-19.72408139,
811783216,-15.13294599,-44.579059,36.83306418,-20.83127321,
813780219,-15.34090649,-50.00351282,36.84371034,-19.77493705,
815777222,-15.80866403,-52.7516601,36.81537502,-19.92435918,
817774225,-15.44563094,-49.90612559,36.81905239,-20.1380548,
819771228,-15.27542087,-50.44757751,36.81826265,-19.63315723,
821768231,-15.59502023,-49.69615083,36.78070178,-20.21792932,
823765234,-15.469996,-54.41235779,36.78628729,-19.43822898,
825762237,-15.33719846,-48.5930139,36.76864236,-20.54244792,
827759240,-15.01966228,-49.48012207,36.73982024,-19.62301933,
829756243,-14.75100217,-46.340049,36.74511369,-20.04120008,
831753246,-15.49633553,-45.91959269,36.72368794,-20.74336167,
833750249,-15.18826061,-50.23371068,36.69850906,-20.02490019,
835747252,-15.38687095,-48.36828802,36.69507814,-20.13728992,
837744255,-14.6977564,-45.17580105,36.67661317,-20.9359545,
839741258,-14.87755508,-47.213722,36.63988596,-20.2824738,
841738261,-15.11448135,-48.25623892,36.65934507,-19.98630559,
843735264,-14.86007264,-48.88394968,36.63686528,-19.72864208,
845732267,-14.97998575,-47.61163529,36.59722887,-19.94891356,
847729270,-14.70300413,-48.47816787,36.59807113,-19.52669057,
849726273,-14.27077651,-47.12722493,36.58139076,-19.5718343,
851723276,-14.86290939,-49.94687799,36.55469221,-19.339412,
853720279,-14.55901628,-47.82887384,36.55314497,-19.68101995,
855717282,-14.59760692,-47.43811156,36.53262454,-19.43351993,
857714285,-14.87974876,-47.26207769,36.50918305,-19.49897915,
859711288,-14.43931215,-46.51349452,36.50779199,-19.51942414,
861708291,-14.60398557,-46.85423303,36.48840491,-19.40614754,
863705294,-14.83208544,-49.1996167,36.46318204,-18.68470162,
865702297,-14.67889275,-49.62634699,36.4709541,-18.68676931,
867699300,-14.17377495,-50.62781077,36.43720683,-18.43034763,
869696303,-14.64212359,-50.37289348,36.40496476,-17.9980564,
871693306,-14.47006217,-50.32728802,36.40542063,-18.38477571,
873690309,-14.08036825,-49.40175301,36.38856689,-18.48255573,
875687312,-14.70417568,-45.95557447,36.354858,-18.83793513,
877684315,-14.47700365,-51.68387997,36.34404179,-17.81303251,
879681318,-14.35780355,-48.81236807,36.32800777,-17.91059506,
881678321,-14.68492377,-49.3860867,36.30160816,-17.62652881,
883675324,-14.76455007,-47.53791829,36.29517298,-17.69024751,
885672327,-14.97993886,-47.04112611,36.28063033,-17.83591161,
887669330,-14.58378989,-48.32438627,36.22950458,-17.7327604,
889666333,-14.48458282,-47.84541228,36.23913975,-17.8065135,
891663336,-14.55899211,-47.74108406,36.22741587,-17.71078843,
893660339,-14.79991574,-47.51012784,36.20234121,-17.45185962,
895657342,-14.2033501,-49.63335354,36.19364344,-17.28438471,
897654345,-13.86511024,-48.83029651,36.1832291,-17.55407256,
899651348,-14.27383488,-48.07507749,36.13810272,-17.25318713,
901648351,-14.45841015,-48.97377166,36.16121993,-17.11529565,
903645354,-14.39148198,-47.29147191,36.16241707,-17.3001226,
905642357,-14.3656917,-47.88970845,36.1258774,-17.1611837,
907639360,-15.0602571,-45.67332569,36.1422893,-16.80461788,
909636363,-14.21169404,-48.68998565,36.13233086,-16.78998637,
911633366,-14.2479752,-48.59979486,36.0992014,-16.88802266,
913630369,-14.24542015,-49.11946974,36.1062861,-16.48513698,
915627372,-14.37447709,-47.37308051,36.1028366,-16.88944617,
917624375,-14.13522292,-49.68175976,36.05851864,-16.53894737,
919621378,-14.61608156,-46.45117714,36.07820929,-16.8014606,
921618381,-14.58830244,-46.85265951,36.08943175,-16.49035919,
923615384,-14.06993808,-48.72725882,36.05527189,-16.55611216,
925612387,-14.17699311,-48.57313459,36.05660421,-16.13655344,
927609390,-14.49060806,-47.06652664,36.06389351,-15.94892892,
929606393,-14.27641973,-48.05669298,36.03322287,-16.01497082,
931603396,-14.0434304,-48.81967805,36.04608751,-16.09515692,
933600399,-14.27654173,-47.10121059,36.04383887,-16.16575372,
935597402,-13.73811927,-50.76709316,36.01253581,-15.67278561,
937594405,-14.19105694,-47.4415183,36.03117009,-15.52943557,
939591408,-13.63330962,-50.46943818,36.01916192,-15.20040877,
941588411,-13.6770564,-50.71023015,35.99953922,-15.32291673,
943585414,-13.75659118,-49.08876031,36.00727513,-15.02453407,
945582417,-14.11646112,-47.80340876,36.01995072,-15.40888675,
947579420,-14.31991554,-46.2831932,35.9937045,-15.35004167,
949576423,-14.00394987,-47.70020061,36.00463608,-14.93928966,
951573426,-13.65791873,-48.98108406,35.99849676,-14.68823067,
953570429,-13.48326144,-50.28623247,35.97169928,-14.74508801,
955567432,-13.6607245,-49.56175286,35.98905124,-14.67648146,
957564435,-13.27635193,-50.47806152,35.97942141,-14.26994407,
959561438,-13.56348217,-47.97127661,35.95309165,-14.3351656,
961558441,-13.79908327,-46.54010794,35.97074201,-14.28565636,
963555444,-13.38000359,-49.69820544,35.98081431,-14.5003333,
965552447,-13.57595617,-47.57915006,35.9456917,-14.09416428,
967549450,-13.74972168,-46.44584408,35.95924641,-14.00423471,
969546453,-13.24860683,-47.82169302,35.9604824,-13.87189151,
971543456,-13.38639717,-47.84487031,35.93260744,-13.81574404,
973540459,-13.17344952,-48.07895878,35.93795313,-13.53829911,
975537462,-13.63878222,-45.57663774,35.9532313,-13.59405888,
977534465,-12.94583061,-47.19340196,35.92464462,-13.34103912,
979531468,-12.9635713,-48.39306999,35.94949433,-13.27938662,
981528471,-13.59602786,-46.41944899,35.96086316,-13.67702661,
983525474,-12.5790141,-51.57814624,35.9357419,-13.30283462,
985522477,-12.9102176,-49.07857892,35.97223767,-13.34059155,
987519480,-12.94009001,-47.50943534,35.95553118,-13.05748372,
989516483,-12.31743971,-49.78169767,35.94567912,-12.94089105,
991513486,-12.84336804,-49.02425742,35.96742383,-13.10426191,
993510489,-12.40790155,-50.50011287,35.98125331,-12.95644335,
995507492,-12.81337714,-46.33910601,35.9460843,-12.81152105,
997504495,-12.71150493,-46.6465853,35.97246664,-12.64409506,
999501498,-12.51087891,-49.1712215,35.96990855,-12.67835981,
1001498501,-11.96389917,-51.65119755,35.97013147,-12.53209671,
1003495504,-12.333717,-46.48763026,35.98114753,-12.31525602,
1005492507,-11.71167994,-48.45074674,36.00640825,-12.18619937,
1007489510,-11.59960747,-50.76060806,35.99592944,-12.34968705,
1009486513,-11.82571488,-52.05275584,36.0113544,-12.35991098,
1011483516,-12.18118075,-47.15992573,36.00550811,-12.05935619,
1013480519,-11.94568109,-48.08041426,35.99056392,-12.02751765,
1015477522,-11.8126415,-48.23196141,36.01255282,-12.02463004,
1017474525,-12.12146851,-47.46941874,36.01702273,-11.94850433,
1019471528,-11.70770416,-47.30430119,36.01208406,-11.82985199,
1021468531,-11.87354741,-48.62421321,36.0272419,-11.85204968,
1023465534,-11.62277832,-47.11607193,36.03642079,-11.55965832,
1025462537,-11.86939932,-46.75380408,36.02154074,-11.50484786,
1027459540,-11.36977468,-47.99147496,36.04637247,-11.55343901,
1029456543,-11.50189999,-50.87946722,36.06122678,-11.65247902,
1031453546,-11.47526675,-54.23764422,36.05329782,-11.8654052,
1033450549,-11.63747686,-47.29462137,36.0593222,-11.27647138,
1035447552,-11.64363351,-47.72197948,36.06158239,-11.30067812,
1037444555,-11.17969683,-46.2870995,36.06540626,-11.16009659,
1039441558,-11.69094367,-45.5545585,36.06955519,-10.98138092,
1041438561,-11.56914172,-45.47361073,36.08081855,-10.82746287,
1043435564,-11.43831458,-46.60926837,36.06681777,-10.87340883,
1045432567,-11.57422038,-51.22043767,36.0762238,-11.18977967,
1047429570,-11.63920808,-48.93706015,36.08139674,-11.01660423,
1049426573,-11.40520617,-49.22101282,36.07622645,-10.86245819,
1051423576,-11.57621406,-49.00760012,36.078267,-10.7829977,
1053420579,-11.23639152,-47.76851219,36.0930676,-10.66063295,
1055417582,-11.37849577,-47.81470764,36.06458952,-10.64954776,
1057414585,-11.41482232,-48.86173253,36.07585664,-10.69200719,
1059411588,-11.2648727,-49.37879144,36.07569254,-10.65276648,
1061408591,-11.2092256,-45.64680046,36.05874067,-10.29846967,
1063405594,-11.0341826,-45.85994761,36.06477231,-10.24536013,
1065402597,-11.40832822,-51.28688369,36.05841651,-10.54680818,
1067399600,-11.01498518,-46.80130055,36.03738724,-10.39664886,
1069396603,-11.32013136,-47.56648443,36.04977424,-10.11971833,
1071393606,-11.3973801,-49.73648586,36.04197282,-10.28927527,
1073390609,-11.08647727,-48.63808037,36.01955515,-10.32132628,
1075387612,-11.24417372,-48.0697603,36.02255216,-10.02208437,
1077384615,-11.18444194,-49.79914558,36.01459319,-10.14412703,
1079381618,-11.38918557,-52.54455372,35.98117458,-10.06105001,
1081378621,-11.09081086,-47.2874093,35.98894816,-9.84840539,
1083375624,-10.92023971,-46.74605012,35.9903923,-9.901214332,
1085372627,-10.90426361,-46.05691316,35.95370425,-9.779861215,
1087369630,-10.96424816,-47.24846014,35.9523967,-9.81566493,
1089366633,-10.95354767,-47.61192644,35.95061474,-9.819347123,
1091363636,-11.05346579,-50.20102799,35.91514435,-9.867758525,
1093360639,-10.88352387,-47.01647356,35.93006302,-9.5418914,
1095357642,-10.77492135,-45.14554129,35.92379672,-9.367908467,
1097354645,-10.90979019,-47.57489132,35.88658519,-9.695361364,
1099351648,-10.70528949,-45.40727432,35.89501582,-9.284492319,
1101348651,-10.86996659,-48.35654161,35.88748707,-9.345964935,
1103345654,-10.90120349,-49.27191987,35.84991451,-9.654287631,
1105342657,-10.88043185,-50.15661142,35.85774635,-9.499193732,
1107339660,-10.70785045,-46.76643561,35.85064973,-9.31199591,
1109336663,-10.7762051,-47.78165697,35.81367346,-9.395627521,
1111333666,-10.61354229,-48.35722554,35.89134317,-9.102607774,
1113330669,-10.57970362,-46.03516787,35.80837491,-9.156077035,
1115327672,-10.69812864,-48.30295708,35.77655148,-9.198286609,
1117324675,-10.68740488,-47.9959732,35.77874966,-9.20395278,
1119321678,-10.5332715,-46.99445531,35.77116222,-8.957530368,
1121318681,-10.5393514,-48.29979911,35.73192858,-8.962633456,
1123315684,-10.55486342,-48.82396485,35.73128754,-8.901901572,
1125312687,-10.66825332,-50.36088714,35.72677755,-9.069511978,
1127309690,-10.65835266,-48.67294776,35.68465569,-9.069103673,
1129306693,-10.45068167,-48.35760046,35.70188149,-8.707160219,
1131303696,-10.50070557,-50.63254211,35.70198191,-8.856591573,
1133300699,-10.5467296,-46.9305309,35.66746636,-8.884485624,
1135297702,-10.53829503,-48.2028447,35.68511675,-8.901577398,
1137294705,-10.59795679,-47.50754254,35.67663293,-8.881758909,
1139291708,-10.30190037,-46.40267982,35.64801708,-8.597922563,
1141288711,-10.49638868,-48.59707138,35.65728409,-8.691347503,
1143285714,-10.30018502,-44.99609099,35.64785212,-8.583834064,
1145282717,-10.56329603,-48.81504732,35.62249015,-8.666700882,
1147279720,-10.65733052,-49.01157467,35.6276494,-8.641433496,
1149276723,-10.27924346,-49.41807971,35.62541449,-8.423664175,
1151273726,-10.43483356,-49.62206543,35.60557258,-8.537370185,
1153270729,-10.45701852,-47.46146822,35.61911527,-8.547497422,
1155267732,-10.48118298,-50.81870168,35.61333832,-8.455600032,
1157264735,-10.39408796,-48.69604737,35.58727865,-8.340783455,
1159261738,-10.3900588,-48.61771805,35.59105297,-8.311865828,
1161258741,-10.42038001,-49.10680677,35.59056421,-8.378725983,
1163255744,-10.59921422,-47.70500292,35.57618158,-8.373156199,
1165252747,-10.46230163,-46.31963251,35.57957115,-8.335976498,
1167249750,-10.5388722,-47.98188644,35.57652924,-8.24683947,
1169246753,-10.42907211,-49.30439717,35.54452919,-8.14526693,
1171243756,-10.64192869,-47.85629692,35.56405459,-8.14343973,
1173240759,-10.43555271,-47.86305695,35.5588138,-8.119456162,
1175237762,-10.67622486,-46.49277437,35.52694493,-8.157368445,
1177234765,-10.60739283,-46.19973577,35.53479375,-8.099198635,
1179231768,-10.56088434,-47.76853042,35.54581183,-8.064099,
1181228771,-10.57979904,-46.40298418,35.50906828,-8.036935823,
1183225774,-10.30400114,-49.58823028,35.52705863,-7.914989119,
1185222777,-10.19572721,-49.02326011,35.51546625,-7.838586077,
1187219780,-10.40169022,-48.91197396,35.49942894,-7.869906856,
1189216783,-10.44083118,-48.72302922,35.516422,-7.855934595,
1191213786,-10.46419931,-47.84995741,35.51715372,-7.834929531,
1193210789,-10.46815467,-46.84902827,35.49640177,-7.82014754,
1195207792,-10.62013216,-46.13495272,35.52331465,-7.848195348,
1197204795,-10.36376877,-48.61845085,35.53016754,-7.681466059,
1199201798,-10.0585841,-52.09879825,35.50228119,-7.549653113,
1201198801,-10.33000569,-48.60825962,35.52920349,-7.688034784,
1203195804,-10.59637228,-45.92093234,35.54561615,-7.685909123,
1205192807,-10.61002138,-46.62838385,35.53076953,-7.616510269,
1207189810,-10.32712085,-48.6192056,35.55386866,-7.550898875,
1209186813,-10.37218186,-48.05791308,35.56760928,-7.488899106,
1211183816,-10.39926952,-47.83698076,35.56183517,-7.536857897,
1213180819,-10.40957992,-47.71737809,35.59112037,-7.482465593,
1215177822,-10.72410102,-45.01200903,35.61333734,-7.503790426,
1217174825,-10.29172793,-47.86454564,35.61682345,-7.444133663,
1219171828,-10.23602115,-48.35435355,35.64839282,-7.386650067,
1221168831,-10.29156341,-48.09370384,35.67678144,-7.376331288,
1223165834,-10.01188235,-50.84152321,35.66845512,-7.277478903,
1225162837,-10.16347015,-46.92521148,35.69817045,-7.177141707,
1227159840,-9.924864285,-49.54849411,35.71972468,-7.148886572,
1229156843,-10.37615361,-46.59119577,35.73054658,-7.33182074,
1231153846,-10.00693259,-47.5376771,35.7628171,-7.105539685,
1233150849,-10.2444668,-46.88287246,35.79434171,-7.184195939,
1235147852,-9.970241122,-48.60422328,35.79529957,-7.109742115,
1237144855,-10.30927131,-46.33950506,35.84023249,-7.220587136,
1239141858,-10.10761767,-46.93852475,35.86868063,-7.092396254,
1241138861,-9.986336755,-49.08324738,35.87484581,-7.142076229,
1243135864,-9.795814393,-51.43379324,35.91792998,-7.017922817,
1245132867,-10.24264761,-47.00254891,35.94713494,-7.217971456,
1247129870,-9.769213884,-49.39443911,35.94578006,-6.958792052,
1249126873,-9.71059452,-47.93339311,35.97614664,-6.905849712,
1251123876,-9.821430019,-44.24824056,35.99312781,-6.831170341,
1253120879,-10.25376706,-44.93760991,36.00468534,-7.033446167,
1255117882,-9.824779919,-48.78565517,36.0475811,-6.956008738,
1257114885,-9.93648157,-46.19748467,36.06126523,-6.885464542,
1259111888,-9.955124483,-46.46663133,36.0758961,-6.990536853,
1261108891,-9.54183752,-49.3162295,36.11490346,-6.839031204,
1263105894,-9.575796187,-48.66466342,36.13409503,-6.795091123,
1265102897,-9.540284337,-47.64255642,36.12892133,-6.754972288,
1267099900,-9.514844697,-49.1161052,36.16260437,-6.746770465,
1269096903,-9.622072588,-49.23339811,36.1926093,-6.819460506,
1271093906,-9.865329638,-47.31353553,36.17741219,-6.835749314,
1273090909,-9.234744871,-46.36562012,36.21083168,-6.519442789,
1275087912,-9.605621203,-45.53709396,36.21719305,-6.677321377,
1277084915,-9.663670481,-45.91599756,36.20540552,-6.721635268,
1279081918,-8.885259373,-47.70140857,36.25265032,-6.395740045,
1281078921,-9.529650707,-48.17629468,36.25130618,-6.690531134,
1283075924,-9.491588491,-47.39394971,36.24416809,-6.635998792,
1285072927,-9.712315921,-47.94120849,36.25176949,-6.740058329,
1287069930,-9.449507201,-49.21170588,36.2693119,-6.594421734,
1289066933,-9.277628841,-46.01999713,36.24474069,-6.448155208,
1291063936,-9.399632684,-46.94280103,36.25901209,-6.466652389,
1293060939,-9.687292946,-47.79351344,36.2631063,-6.570171851,
1295057942,-9.932612137,-49.68307523,36.23342615,-6.765715148,
1297054945,-9.258772774,-49.0513962,36.26489885,-6.413779619,
1299051948,-9.517439571,-48.43480214,36.25265927,-6.444645171,
1301048951,-9.676688003,-51.56464804,36.22336772,-6.523386511,
1303045954,-9.5857045,-47.26700495,36.2237269,-6.417196707,
1305042957,-9.401297279,-47.53966261,36.22164995,-6.370435947,
1307039960,-9.475122219,-46.12781278,36.18729919,-6.352160437,
1309036963,-9.44429581,-46.11789588,36.18655778,-6.256387779,
1311033966,-9.258274575,-46.69943815,36.19504177,-6.213456329,
1313030969,-9.068115482,-44.74403878,36.16253279,-6.106017309,
1315027972,-9.451513405,-50.17156106,36.15399865,-6.372195778,
1317024975,-9.349886037,-47.5761929,36.1412334,-6.272026638,
1319021978,-9.047233133,-46.76065006,36.12135264,-6.166805638,
1321018981,-9.247795228,-49.66470808,36.11550944,-6.275808349,
1323015984,-9.148449263,-46.30308495,36.1043208,-6.088310017,
1325012987,-8.806861405,-45.14301011,36.0747627,-5.961150177,
1327009990,-9.029947335,-47.10398357,36.06912941,-6.115018874,
1329006993,-9.13662293,-46.74571669,36.03644921,-6.084623266,
1331003996,-9.355747917,-48.81413372,35.99552344,-6.205908371,
1333000999,-9.263841398,-46.94459474,35.99862032,-6.130814773,
1334998001,-9.108187743,-47.56378429,35.97973619,-6.074313521,
1336995004,-9.234362605,-45.89568472,35.92964131,-6.058320336,
1338992007,-9.648478996,-53.90237093,35.90843404,-6.328412315,
1340989010,-9.268870746,-46.41170416,35.89183771,-6.076476248,
1342986013,-9.346679157,-49.13826907,35.8558248,-6.144218827,
1344983016,-9.150271024,-47.72478945,35.84499243,-6.075227727,
1346980019,-9.251094811,-48.87820855,35.81520983,-6.122408627,
1348977022,-9.046000955,-47.6210185,35.76126424,-6.096434083,
1350974025,-9.179741238,-48.80951895,35.74551755,-6.172778606,
1352971028,-9.354323377,-48.22393072,35.7126698,-6.184944243,
1354968031,-9.072037606,-47.53732688,35.67240137,-6.119019446,
1356965034,-8.997100242,-47.16556372,35.64958184,-6.033516934,
1358962037,-9.269783293,-49.62186173,35.60924452,-6.149357877,
1360959040,-8.945668057,-46.77899086,35.56155135,-6.012239564,
1362956043,-8.848475936,-46.23388452,35.53173195,-6.068974071,
1364953046,-8.783681858,-45.5260517,35.50812275,-5.99514864,
1366950049,-9.116303543,-48.59521448,35.4372918,-6.199414155,
1368947052,-9.161393052,-48.9928567,35.42081208,-6.098033264,
1370944055,-9.179725816,-49.4972432,35.38322054,-6.126492089,
1372941058,-9.035204433,-47.74184312,35.32204671,-6.089652643,
1374938061,-8.92911933,-46.95501724,35.30119999,-5.999476327,
1376935064,-8.849922806,-46.21972262,35.26433361,-5.935850375,
1378932067,-9.251009762,-51.51550833,35.19054732,-6.221113685,
1380929070,-9.072324681,-48.75228026,35.15798674,-6.115362668,
1382926073,-9.097483323,-49.08790092,35.11410795,-6.09042163,
1384923076,-8.814492068,-45.59428502,35.06297063,-5.976560662,
1386920079,-8.751229638,-45.98814366,35.03233095,-5.94292342,
1388917082,-8.862863172,-47.2561433,35.00407646,-5.963783215,
1390914085,-8.893962213,-45.94677452,34.91456637,-6.143460787,
1392911088,-9.119384363,-51.21186928,34.89169303,-6.134109104,
1394908091,-9.002573206,-49.05997117,34.84776969,-6.080839781,
1396905094,-9.121930186,-49.30914347,34.78030013,-6.107321925,
1398902097,-9.014630752,-47.28430731,34.75243249,-6.103473327,
1400899100,-8.92182141,-47.15825769,34.71199147,-6.084114153,
1402896103,-9.21521702,-48.32147136,34.64731085,-6.211473256,
1404893106,-9.158044015,-53.48391202,34.6294485,-6.049866364,
1406890109,-9.281797769,-56.71241837,34.59888918,-6.146205285,
1408887112,-9.06951214,-47.82993946,34.53125053,-6.085027867,
1410884115,-9.079087135,-47.50689446,34.50380347,-6.121661641,
1412881118,-9.044585597,-50.00811095,34.48701644,-5.986307739,
1414878121,-8.75676086,-44.20669764,34.4289099,-5.880967383,
1416875124,-9.066219643,-49.52419378,34.41280738,-6.015281835,
1418872127,-9.168220828,-48.81194075,34.38123818,-6.007228754,
1420869130,-9.15159974,-47.05513294,34.33035096,-6.021389132,
1422866133,-9.248730472,-48.79759333,34.31798446,-6.094722269,
1424863136,-9.138966193,-48.44182797,34.29806849,-5.943649095,
1426860139,-9.156678615,-46.29169746,34.24974764,-6.058596558,
1428857142,-9.207934169,-46.35733873,34.23905756,-6.053460503,
1430854145,-9.149428456,-51.39737102,34.22724572,-5.964750049,
1432851148,-9.064820249,-48.38384654,34.17773992,-5.883883812,
1434848151,-9.387104999,-47.94307737,34.18863741,-6.155655348,
1436845154,-9.259936459,-45.88504058,34.17005491,-6.092628079,
1438842157,-9.318476839,-48.67788408,34.12208993,-6.086644606,
1440839160,-9.358054053,-49.19741042,34.12961627,-6.047263396,
1442836163,-9.412404249,-48.83886372,34.11409641,-6.104007226,
1444833166,-9.365867945,-51.58239691,34.07124764,-6.049058754,
1446830169,-9.204446239,-48.7633926,34.06266295,-6.008881856,
1448827172,-9.517883338,-47.66834073,34.05493715,-6.241278728,
1450824175,-9.098345692,-49.59928022,34.01989353,-5.89609571,
1452821178,-9.404509057,-47.49505086,34.02205266,-6.134767057,
1454818181,-9.303789797,-48.05699099,34.0262597,-6.057634423,
1456815184,-9.268768598,-46.67672857,33.98157919,-6.006374476,
1458812187,-9.189793217,-48.96841298,33.98356176,-6.001308124,
1460809190,-9.232610466,-50.15650272,33.984577,-6.018924271,
1462806193,-9.35574869,-46.96545738,33.96714353,-6.106263361,
1464803196,-9.28857984,-49.46802241,33.98011371,-6.054829642,
1466800199,-9.459551793,-47.22766847,33.98263786,-6.163649926,
1468797202,-9.387479799,-48.3335719,33.96313662,-6.125437414,
1470794205,-9.293689608,-48.07901077,33.9726479,-6.1032558,
1472791208,-9.318551433,-48.56631646,33.98251121,-6.059859536,
1474788211,-9.224811071,-50.31116888,33.96550326,-6.005306497,
1476785214,-9.507428348,-46.05717115,33.99370798,-6.225334852,
1478782217,-9.294834879,-49.04927965,34.00519855,-6.055915892,
1480779220,-9.394563971,-47.41736395,33.9892429,-6.13785893,
1482776223,-9.471285651,-45.93253096,34.00702521,-6.156142774,
1484773226,-9.308610055,-48.24437538,34.00680667,-6.080529933,
1486770229,-9.255227544,-48.3470735,33.99917891,-6.079631077,
1488767232,-9.346097859,-47.05950539,34.01881636,-6.111063207,
1490764235,-9.101393717,-50.00130451,34.02324374,-6.000057176,
1492761238,-9.371575829,-46.46658579,34.03378979,-6.16183467,
1494758241,-9.113456695,-50.43207044,34.0483583,-6.011669434,
1496755244,-9.175818494,-49.34939029,34.07744714,-6.027767168,
1498752247,-9.215708603,-47.05223096,34.07507562,-6.124587129,
1500749250,-8.983782448,-51.99559465,34.10143081,-5.930928076,
1502746253,-9.287815847,-46.65386833,34.12734108,-6.131434404,
1504743256,-9.157627673,-48.13612323,34.1273381,-6.061577713,
1506740259,-9.085162061,-49.47621884,34.16927993,-6.049837349,
1508737262,-8.864344929,-55.0091693,34.19157877,-5.928062341,
1510734265,-9.196885447,-46.20923194,34.18753061,-6.074846811,
1512731268,-9.008516693,-50.43411014,34.22889874,-5.994475312,
1514728271,-9.027654138,-49.04990745,34.25807355,-5.957309321,
1516725274,-8.939290649,-50.29495811,34.26257759,-5.966672853,
1518722277,-9.183147674,-44.74991901,34.28819155,-6.185704773,
1520719280,-8.905418167,-48.64638567,34.32180891,-5.976198817,
1522716283,-8.969387003,-47.68812434,34.31845967,-6.029365157,
1524713286,-8.885195285,-46.83295218,34.35784191,-6.015517308,
1526710289,-9.040134809,-47.10730838,34.38551217,-6.070916174,
1528707292,-8.80440411,-47.2731243,34.37448269,-5.965822896,
1530704295,-9.034211743,-47.47914711,34.4232103,-6.082196642,
1532701298,-8.893557008,-47.38119625,34.44508251,-6.008899175,
1534698301,-8.9849182,-47.62044803,34.43508009,-6.069489825,
1536695304,-8.615745959,-47.55524577,34.47211162,-5.916122656,
1538692307,-8.654794719,-48.72111054,34.50166795,-5.923271325,
1540689310,-8.959484286,-48.09697903,34.48689994,-6.07066911,
1542686313,-8.7196868,-46.45982357,34.50985476,-5.968741463,
1544683316,-8.808872268,-49.30204905,34.54006329,-5.993544384,
1546680319,-8.487235409,-49.05286404,34.5323322,-5.88421501,
1548677322,-8.998669814,-48.59298947,34.54957922,-6.100614992,
1550674325,-8.982004979,-48.86944428,34.55395864,-6.084883729,
1552671328,-8.807516022,-47.68258299,34.53652098,-6.025629761,
1554668331,-8.716550025,-47.06644673,34.56625707,-5.9978547,
1556665334,-8.623174038,-49.74432205,34.57485215,-5.975510479,
1558662337,-8.793874473,-48.92073009,34.55608792,-6.010443274,
1560659340,-8.520549202,-46.97929623,34.57266492,-5.899499261,
1562656343,-8.670367153,-46.65885248,34.56883413,-5.937962488,
1564653346,-8.585858755,-45.9041839,34.54702345,-6.001553806,
1566650349,-8.47521432,-47.60580445,34.56621984,-5.882078806,
1568647352,-8.569942115,-49.14361536,34.56318018,-5.952884265,
1570644355,-8.643543484,-47.51533456,34.52543491,-5.994288329,
1572641358,-8.24364832,-45.35537881,34.53163324,-5.838184332,
1574638361,-8.553949528,-50.92883202,34.52603703,-5.970360542,
1576635364,-8.337984861,-46.40304432,34.50062418,-5.859812632,
1578632367,-8.829637623,-50.35660632,34.47996008,-6.075533024,
1580629370,-8.825424355,-48.86655359,34.45834713,-6.110927292,
1582626373,-8.583986853,-47.3500446,34.42247127,-6.027073015,
1584623376,-8.393469058,-46.06816672,34.40442788,-5.926841202,
1586620379,-8.530044396,-48.55156781,34.38739718,-5.996963234,
1588617382,-8.192170711,-46.28033789,34.36165427,-5.830075793,
1590614385,-8.392830669,-47.43467188,34.32309162,-5.920686023,
1592611388,-8.634547825,-48.03861525,34.2813965,-6.044527213,
1594608391,-8.66676327,-50.4796175,34.23703092,-6.072239403,
1596605394,-8.633915219,-49.30346422,34.20778605,-6.024473175,
1598602397,-8.440751274,-48.17948234,34.19197976,-5.970745335,
1600599400,-8.462731888,-47.45288622,34.1277394,-5.984450394,
1602596403,-8.27557123,-46.33070301,34.10925567,-5.913510568,
1604593406,-8.298797102,-46.82488406,34.07012727,-5.974379264,
1606590409,-8.484161363,-46.70140388,34.00292647,-6.055391234,
1608587412,-8.468304161,-49.73585537,33.97184896,-6.077215147,
1610584415,-8.579697579,-51.27378098,33.93212535,-6.176942574,
1612581418,-8.324239065,-48.47717812,33.88451534,-6.036562278,
1614578421,-8.63220289,-50.9459883,33.82834481,-6.26704308,
1616575424,-8.45890178,-50.18740188,33.8028234,-6.123589114,
1618572427,-8.375928253,-48.84664429,33.74969457,-6.068398871,
1620569430,-8.138175792,-46.5890292,33.71982427,-5.969497377,
1622566433,-8.064555227,-46.48370166,33.67563579,-5.977415428,
1624563436,-8.349937138,-49.10033836,33.60857131,-6.162664027,
1626560439,-8.795787184,-55.91180218,33.54323038,-6.448025028,
1628557442,-8.699356318,-56.13793191,33.5130839,-6.386921109,
1630554445,-8.14926861,-47.59606379,33.4789022,-6.103258222,
1632551448,-8.304764912,-46.23022296,33.41701128,-6.238657554,
1634548451,-8.448083115,-50.66524709,33.38576767,-6.28821863,
1636545454,-8.239939586,-48.20113669,33.31745545,-6.238117384,
1638542457,-8.459100667,-50.39528093,33.27211335,-6.398180988,
1640539460,-7.881530916,-45.74148833,33.25607232,-6.066139877,
1642536463,-8.155681293,-47.36542447,33.17763992,-6.22070681,
1644533466,-8.358700099,-50.65950578,33.13920434,-6.354402747,
1646530469,-8.107720758,-48.21095853,33.10362753,-6.238051475,
1648527472,-8.096606675,-47.64997758,33.04374079,-6.178817828,
1650524475,-8.133511489,-46.71032461,32.99078711,-6.31278607,
1652521478,-8.307535119,-52.32727942,32.97049147,-6.393393264,
1654518481,-7.94909335,-47.30253951,32.90782699,-6.18719815,
1656515484,-8.503704643,-52.99265947,32.84076723,-6.56613549,
1658512487,-8.284958672,-48.77275954,32.79996224,-6.439848407,
1660509490,-8.293074585,-47.99921319,32.72262122,-6.516429771,
1662506493,-8.015021931,-47.77867148,32.71884356,-6.315775314,
1664503496,-7.991327481,-46.12693384,32.65800631,-6.308242224,
1666500499,-8.209248929,-50.20398762,32.5987116,-6.451874279,
1668497502,-8.307238192,-46.00889389,32.51419134,-6.590488897,
1670494505,-7.960354689,-45.90132568,32.50069528,-6.359444743,
1672491508,-8.105103064,-48.19396589,32.43673423,-6.413647778,
1674488511,-8.476156429,-49.10934432,32.36667595,-6.681277581,
1676485514,-8.308518028,-48.12919649,32.32091671,-6.60095028,
1678482517,-8.611464414,-51.09130919,32.25492228,-6.776475101,
1680479520,-8.36439877,-51.82478541,32.22794325,-6.607649339,
1682476523,-8.191994789,-49.07033185,32.17525709,-6.529025502,
1684473526,-8.242512381,-47.58526546,32.09079276,-6.5569983,
1686470529,-8.589579459,-47.91712231,32.03199777,-6.801838289,
1688467532,-8.53743097,-52.8632064,32.00398615,-6.743757396,
1690464535,-8.292472012,-48.98154418,31.9385594,-6.613142266,
1692461538,-8.53698205,-48.8495655,31.87402686,-6.747780954,
1694458541,-8.446097888,-45.62521998,31.82071491,-6.73276578,
1696455544,-8.499298429,-47.10396624,31.76254546,-6.762480525,
1698452547,-8.722622452,-52.52953775,31.74858859,-6.809350184,
1700449550,-8.662484765,-48.49936233,31.70286293,-6.839475333,
1702446553,-8.757157826,-47.5605426,31.63341763,-6.935057647,
1704443556,-8.68936733,-48.10272962,31.60193693,-6.877230841,
1706440559,-8.696150634,-48.20081777,31.56366829,-6.877713194,
1708437562,-8.690087601,-49.95797285,31.51693952,-6.839981319,
1710434565,-8.696347898,-49.9848924,31.49705353,-6.765974405,
1712431568,-8.560735235,-49.56629041,31.47757948,-6.777229645,
1714428571,-8.480120574,-47.56420315,31.40946317,-6.714069566,
1716425574,-8.576346324,-52.44931282,31.41274149,-6.767819881,
1718422577,-8.317355765,-49.97535083,31.38263185,-6.593645457,
1720419580,-8.348790173,-49.16906263,31.32670703,-6.596623129,
1722416583,-8.653210432,-49.79571566,31.32785593,-6.761739456,
1724413586,-8.609722957,-48.75052911,31.32876767,-6.771858175,
1726410589,-8.562904956,-51.55051351,31.30027658,-6.741035691,
1728407592,-8.480186285,-50.68442047,31.28907685,-6.711176058,
1730404595,-8.501835589,-47.60300242,31.27307926,-6.679444028,
1732401598,-8.589017511,-51.8116936,31.27134702,-6.85116032,
1734398601,-8.754662492,-47.54399441,31.27430357,-6.97362262,
1736395604,-8.428739437,-49.75382712,31.25718818,-6.691857755,
1738392607,-8.444003975,-49.23393326,31.23688315,-6.723265794,
1740389610,-8.580016567,-49.66204326,31.27209342,-6.909207763,
1742386613,-8.593473944,-50.33827357,31.2814677,-6.896039427,
1744383616,-8.554007638,-51.08126752,31.27234026,-6.900869039,
1746380619,-8.639882744,-48.63588474,31.28290064,-6.961499696,
1748377622,-8.484160026,-50.69615299,31.29604839,-6.855978797,
1750374625,-8.580848595,-48.903389,31.28946916,-6.891761618,
1752371628,-8.597784693,-49.11321393,31.30789712,-6.969999402,
1754368631,-8.537573424,-49.30355535,31.34182367,-6.923071146,
1756365634,-8.586521685,-48.77521062,31.33735233,-6.943019291,
1758362637,-8.72394324,-45.83017711,31.38138222,-7.10259613,
1760359640,-8.402071258,-51.86549997,31.40047692,-6.884207994,
1762356643,-8.483823453,-49.49560519,31.41088152,-6.939625318,
1764353646,-8.520688997,-48.47034593,31.4494508,-6.986978346,
1766350649,-8.566870159,-46.85905575,31.48947161,-7.073635435,
1768347652,-8.501094274,-48.42588363,31.48849306,-7.007954037,
1770344655,-8.550261844,-46.98583225,31.53804435,-7.090590623,
1772341658,-8.317089273,-51.59230592,31.55800321,-6.890573909,
1774338661,-8.649490221,-45.47978807,31.59564143,-7.162274011,
1776335664,-8.394878315,-49.29901752,31.62984386,-7.020864235,
1778332667,-8.400801337,-49.33926934,31.66512844,-7.039457951,
1780329670,-8.357040268,-50.14522304,31.67859715,-7.027432245,
1782326673,-8.562458346,-46.30544638,31.72759494,-7.181717701,
1784323676,-8.365927321,-49.28493485,31.76494753,-7.06554028,
1786320679,-8.402343272,-49.29199555,31.77854361,-7.062920876,
1788317682,-8.198205128,-51.45948375,31.80699046,-6.911308299,
1790314685,-8.304552122,-50.20845863,31.8552331,-7.022756841,
1792311688,-8.406131647,-48.93004831,31.87900638,-7.121573802,
1794308691,-8.245099555,-49.89289362,31.91128093,-6.983937909,
1796305694,-8.362379099,-48.97090266,31.9633012,-7.079847349,
1798302697,-8.12734675,-54.18274457,31.97104798,-6.917589225,
1800299700,-8.151073136,-49.17654001,32.00255297,-6.921781067,
1802296703,-8.145815598,-47.78551181,32.03724728,-6.928596517,
1804293706,-8.310102708,-48.60108681,32.06242905,-7.092986053,
1806290709,-8.225118165,-48.78106831,32.0865591,-7.002712872,
1808287712,-8.162492693,-47.47093103,32.1235252,-6.976254296,
1810284715,-8.189602696,-50.36438112,32.14677134,-6.989908429,
1812281718,-8.393408091,-46.86523347,32.17593653,-7.158193328,
1814278721,-8.300804693,-46.9692221,32.2052093,-7.106029133,
1816275724,-8.178253183,-51.20915484,32.22072576,-6.987424295,
1818272727,-8.285215995,-49.04088332,32.25186124,-7.082830871,
1820269730,-8.270736986,-50.15310628,32.28677399,-7.067668282,
1822266733,-8.251197811,-49.32921156,32.29350766,-7.097324797,
1824263736,-8.115226112,-49.28699068,32.31550595,-6.962562479,
1826260739,-8.103164013,-46.46252992,32.31737921,-6.990035722,
1828257742,-8.228688604,-46.11085842,32.3186071,-7.144834154,
1830254745,-7.92916261,-46.18696453,32.35302235,-6.881260942,
1832251748,-7.88774937,-46.68671615,32.37770938,-6.808129163,
1834248751,-8.110082133,-50.19603344,32.37542273,-6.962958715,
1836245754,-7.886318121,-48.82788944,32.40262948,-6.800824943,
1838242757,-8.204834407,-52.590117,32.40468785,-7.040847068,
1840239760,-7.916758485,-48.5928589,32.39336678,-6.89163021,
1842236763,-7.985911137,-52.90357546,32.41020788,-6.909422353,
1844233766,-7.837768994,-47.0393534,32.41759276,-6.806503841,
1846230769,-7.991355078,-48.65677096,32.3925999,-6.964054806,
1848227772,-8.100737204,-51.60118237,32.39495957,-7.02695529,
1850224775,-7.918620656,-49.05828618,32.40321164,-6.909738607,
1852221778,-7.695723683,-48.11363593,32.40203397,-6.693254139,
1854218781,-7.925431777,-49.36534633,32.38774709,-6.9127117,
1856215784,-7.863168985,-49.89420438,32.38292631,-6.914538285,
1858212787,-7.775114635,-48.41506147,32.35351637,-6.841569863,
1860209790,-7.996879364,-52.28750174,32.34313179,-7.007851561,
1862206793,-7.428817366,-45.70469,32.36079899,-6.563909549,
1864203796,-7.516145193,-46.33008746,32.31966444,-6.673701856,
1866200799,-7.547470621,-47.37427174,32.30608943,-6.663603815,
1868197802,-7.828010988,-51.14999864,32.24873547,-6.970879517,
1870194805,-7.813055794,-51.14212195,32.22025253,-6.91943142,
1872191808,-7.682595302,-48.72460386,32.20333293,-6.836596623,
1874188811,-7.542548637,-47.52920629,32.19695326,-6.720223192,
1876185814,-7.729829784,-50.17526008,32.13605112,-6.87588798,
1878182817,-7.604411618,-48.52813721,32.11640004,-6.784191929,
1880179820,-7.743968255,-51.28668211,32.0656497,-6.934521507,
1882176823,-7.838071131,-53.64472292,31.99724227,-7.010079388,
1884173826,-7.470427385,-47.39498398,31.98205855,-6.777357506,
1886170829,-7.64420148,-49.93521084,31.93657375,-6.872490157,
1888167832,-7.672828037,-50.51194725,31.87487144,-6.940429468,
1890164835,-7.555344715,-48.68295224,31.84567275,-6.823550465,
1892161838,-7.561639945,-48.62085055,31.80098976,-6.871056205,
1894158841,-7.429099105,-47.06930364,31.74854821,-6.780017221,
1896155844,-7.826954998,-52.45791315,31.66890683,-7.104421987,
1898152847,-7.295624261,-46.18702245,31.64052614,-6.715466337,
1900149850,-7.400698008,-47.6393152,31.57684683,-6.823370463,
1902146853,-7.822042429,-54.15964936,31.50376732,-7.128837364,
1904143856,-7.602672272,-47.22775548,31.45111413,-6.958816962,
1906140859,-7.601467078,-49.85952488,31.38953166,-6.977985692,
1908137862,-7.474301699,-48.16804258,31.3401731,-6.900617046,
1910134865,-7.578143295,-51.23577572,31.29343287,-6.992547445,
1912131868,-7.571293703,-51.47225273,31.21553292,-7.035451878,
1914128871,-7.622472356,-47.02438681,31.15062784,-7.032123681,
1916125874,-7.822218823,-62.79585313,31.10669939,-7.226522375,
1918122877,-7.706447147,-53.6557989,31.03801148,-7.08070149,
1920119880,-7.455322505,-48.37020125,30.99099982,-6.921731904,
1922116883,-7.538200365,-49.38117602,30.93953201,-7.013602315,
1924113886,-7.772003488,-47.41540689,30.8354227,-7.202277128,
1926110889,-7.439411171,-47.54950899,30.81701454,-6.881470538,
1928107892,-7.417767595,-48.75871797,30.78352079,-6.88547761,
1930104895,-7.631575139,-48.64048516,30.68046181,-7.058576781,
1932101898,-7.707972801,-50.98135425,30.63632288,-7.133489727,
1934098901,-7.519828239,-46.93537234,30.58581436,-7.004461609,
1936095904,-7.815179081,-50.95818299,30.518964,-7.236824526,
1938092907,-7.860839406,-51.87488678,30.47585032,-7.216084536,
1940089910,-7.7482999,-50.04164038,30.42014513,-7.190782962,
1942086913,-7.632898903,-50.03754915,30.37061986,-7.114543775,
1944083916,-7.752680395,-50.60352055,30.32973269,-7.210974665,
1946080919,-7.65599402,-49.70746383,30.27012817,-7.106883528,
1948077922,-7.672851064,-47.28091341,30.19932024,-7.117490957,
1950074925,-7.586275657,-49.98452673,30.16542796,-7.125202198,
1952071928,-7.898090402,-54.97301106,30.13785935,-7.32894914,
1954068931,-7.792465291,-51.27586407,30.06992058,-7.300749505,
1956065934,-7.712622624,-51.16082098,30.02393623,-7.159479374,
1958062937,-7.678061313,-47.61513106,29.97007427,-7.209752782,
1960059940,-7.801614735,-48.58639016,29.9140782,-7.279138933,
1962056943,-7.72499176,-49.55748649,29.87155837,-7.244496073,
1964053946,-7.462077822,-46.82996059,29.82138443,-7.079654762,
1966050949,-8.17598789,-47.23452493,29.76309776,-7.579982251,
1968047952,-7.883279583,-53.28228104,29.73750764,-7.369384724,
1970044955,-7.717047846,-47.26725266,29.68552049,-7.312127115,
1972041958,-7.714044509,-49.59720754,29.6206604,-7.320096808,
1974038961,-8.074365564,-46.30882655,29.58761119,-7.653089521,
1976035964,-8.025212284,-53.22681485,29.58217854,-7.511740476,
1978032967,-7.684447991,-49.38081091,29.49233633,-7.375823214,
1980029970,-7.91690784,-52.38618874,29.47778653,-7.506343611,
1982026973,-8.099524287,-49.71845245,29.44023769,-7.680894722,
1984023976,-7.760736467,-51.91325265,29.37477697,-7.490902444,
1986020979,-7.813502094,-50.82631006,29.3304087,-7.51218044,
1988017982,-7.89555931,-51.92875864,29.31761188,-7.636067138,
1990014985,-7.690388573,-49.21019888,29.23771325,-7.552301733,
1992011988,-7.861724961,-46.81223294,29.21896928,-7.674624598,
1994008991,-7.950219699,-49.87386294,29.20871111,-7.727815204,
1996005994,-7.871501119,-50.92982907,29.15380668,-7.674485612,
1998002997,-7.767440348,-51.01042198,29.12919968,-7.607704478,
2000000000,-7.691383845,-53.01269348,29.12118915,-7.576844965,
