Frequency,S11_Magnitude,S11_Phase,S11_VSWR,S12_Magnitude,S12_Phase,S12_VSWR,S21_Magnitude,S21_Phase,S21_VSWR,S22_Magnitude,S22_Phase,S22_VSWR,
100000,-14.35220402,-133.8576793,1.474015057,-19.33623416,32.83433427,1.242005331,10.51499575,-154.1864938,nan,-7.151428805,-138.3332386,2.564831414,
12123847,-20.43471515,179.65765,1.210233756,-18.65810841,-0.4148626237,1.264252728,10.19984412,179.5076289,nan,-11.45251216,179.11281,1.730491624,
24147695,-20.21865174,-179.1372457,1.216101103,-18.64515771,-1.300474782,1.264699209,10.20625673,179.0111201,nan,-11.45980893,179.3824287,1.729654429,
36171543,-20.26857018,-179.6040093,1.214729756,-18.69312017,-2.166720882,1.263049887,10.19501535,178.1172734,nan,-11.46853522,179.7716232,1.728654813,
48195390,-20.27439852,-179.1325761,1.214570265,-18.69131823,-2.65407658,1.263111644,10.18811174,177.4884584,nan,-11.44997248,179.4149858,1.7307833,
60219238,-20.28552675,-179.0337476,1.214266105,-18.69035368,-3.170838325,1.263144708,10.18369826,176.8508074,nan,-11.4577558,179.0938164,1.729889872,
72243086,-20.23722614,-178.9062571,1.215589712,-18.7032058,-3.675826768,1.262704526,10.17823607,176.2239906,nan,-11.47097905,178.8628743,1.728375178,
84266933,-20.19050362,-178.7200784,1.216878616,-18.7221227,-4.141505361,1.262058122,10.17662725,175.6229364,nan,-11.47954213,178.6042819,1.727396421,
96290781,-20.16110584,-178.8957174,1.217693928,-18.70949305,-4.544656966,1.262489489,10.17282309,175.0438983,nan,-11.48469488,178.4168069,1.726808266,
108314629,-20.14096601,-178.8313548,1.218254424,-18.73638181,-5.103788709,1.261572051,10.17568354,174.5276377,nan,-11.50772279,178.1725,1.724187119,
120338476,-20.09779252,-179.1665448,1.219461302,-18.71840987,-5.648763182,1.262184852,10.17495953,173.9758355,nan,-11.52999452,177.9720186,1.721663416,
132362324,-20.04423826,-179.3664043,1.220968567,-18.71841454,-5.961434938,1.262184693,10.1763201,173.3673764,nan,-11.51696088,177.6213348,1.723138959,
144386172,-20.01003443,-179.2558651,1.221937175,-18.71056129,-6.507131698,1.262452973,10.18174188,172.7714939,nan,-11.52459778,177.3008369,1.72227392,
156410020,-20.03327604,-179.5488019,1.221278496,-18.71226867,-6.819284994,1.26239462,10.18534361,172.1567922,nan,-11.55324673,176.9404357,1.719040471,
168433867,-20.03184944,-179.5974308,1.221318864,-18.69708968,-7.32807205,1.262913899,10.19362112,171.5119674,nan,-11.55065592,176.6516024,1.719332128,
180457715,-20.0784482,-179.4897527,1.220004433,-18.70881021,-7.8271128,1.262512834,10.2027463,170.8504617,nan,-11.57058557,176.3273526,1.717092421,
192481563,-20.08401893,-179.7740775,1.219847872,-18.71088443,-8.445615442,1.262441928,10.20731528,170.2314907,nan,-11.56996358,176.0526119,1.717162188,
204505410,-20.11951174,-179.8060209,1.218853246,-18.71672992,-8.754472851,1.262242216,10.21321909,169.5445626,nan,-11.5625879,175.7092626,1.717990144,
216529258,-20.12211276,-179.8573925,1.218780551,-18.72931966,-9.308240961,1.261812663,10.21502793,168.923995,nan,-11.57708066,175.5679597,1.716364404,
228553106,-20.1236492,-179.712724,1.218737623,-18.70669321,-9.714376399,1.262585225,10.2187105,168.2159676,nan,-11.56608371,175.1961976,1.717597571,
240576953,-20.12307613,-179.7062896,1.218753633,-18.71244937,-10.29396455,1.262388445,10.22138661,167.5142886,nan,-11.57240152,174.9573312,1.716888782,
252600801,-20.13336635,-179.3815617,1.218466336,-18.7101273,-10.68365676,1.262467807,10.21263495,166.8312773,nan,-11.56399009,174.7327801,1.717832648,
264624649,-20.12453602,-179.3198163,1.218712849,-18.72050848,-11.18534643,1.262113212,10.21096416,166.1715123,nan,-11.57940888,174.5557205,1.716103668,
276648496,-20.09956677,-178.9664682,1.21941156,-18.69083435,-11.74791037,1.26312823,10.19752548,165.4906779,nan,-11.57924573,174.333303,1.716121934,
288672344,-20.10277709,-178.5970943,1.219321589,-18.7003064,-12.1612516,1.262803758,10.18394572,164.8464014,nan,-11.58310544,174.1943243,1.715689937,
300696192,-20.07463473,-178.2208874,1.220111678,-18.69169318,-12.65778408,1.263098792,10.16722126,164.2333789,nan,-11.59078419,173.9046061,1.714831473,
312720040,-20.07426126,-178.0240491,1.220122184,-18.7010297,-13.13434311,1.262778999,10.15586468,163.6163397,nan,-11.59734409,173.7393967,1.714099124,
324743887,-20.04375666,-177.8127624,1.220982173,-18.69056986,-13.54625274,1.263137297,10.14761647,163.0521697,nan,-11.60658521,173.6334743,1.71306905,
336767735,-20.006816,-177.5014426,1.222028557,-18.70164499,-14.23696835,1.26275794,10.1353951,162.4331665,nan,-11.62670453,173.3788513,1.710832902,
348791583,-20.01428979,-177.3909685,1.221816415,-18.699691,-14.69572485,1.262824826,10.12926155,161.8725024,nan,-11.6554086,173.1723241,1.707657906,
360815430,-19.9860119,-177.3930007,1.222620253,-18.69660796,-15.23969668,1.262930398,10.12635124,161.3721906,nan,-11.65825818,172.9249035,1.707343688,
372839278,-19.95008113,-177.3436721,1.223646262,-18.68759422,-15.82531436,1.263239326,10.12951871,160.8694474,nan,-11.68147371,172.6687562,1.704790293,
384863126,-19.91369349,-177.5374572,1.224690624,-18.68790669,-16.18468331,1.26322861,10.13672146,160.2986229,nan,-11.69414013,172.3602801,1.703402055,
396886973,-19.8616229,-177.5056144,1.226194454,-18.68423654,-16.70580839,1.263354507,10.14210473,159.7333935,nan,-11.72603729,172.1331936,1.699921367,
408910821,-19.83582677,-177.5576158,1.226943565,-18.69964106,-17.12465046,1.262826535,10.15926722,159.1915161,nan,-11.74211919,171.822924,1.698174698,
420934669,-19.77692184,-177.4930276,1.228664416,-18.69801375,-17.59038013,1.262882253,10.16802609,158.6464967,nan,-11.76701713,171.5714659,1.695481321,
432958517,-19.76481906,-177.5002652,1.229019766,-18.6868003,-18.04534569,1.263266555,10.18571096,158.0894174,nan,-11.78820918,171.2051036,1.693199125,
444982364,-19.75165757,-177.6395733,1.229406892,-18.68305923,-18.55887911,1.263394907,10.20588057,157.5398981,nan,-11.80572194,170.7745404,1.691320258,
457006212,-19.7421828,-177.8384511,1.229686025,-18.68581227,-18.89197069,1.263300446,10.22194866,156.9136316,nan,-11.79388243,170.3511133,1.692589765,
469030060,-19.72906713,-177.7152086,1.23007304,-18.68164097,-19.37907136,1.263443584,10.23435911,156.23979,nan,-11.79354549,169.9228204,1.692625936,
481053907,-19.77078876,-177.9289027,1.228844414,-18.68341118,-19.83327011,1.263382829,10.25876572,155.5657951,nan,-11.79004644,169.6205143,1.693001712,
493077755,-19.6998195,-178.2120892,1.230938668,-18.66922597,-20.49780649,1.263870116,10.27054996,154.8706739,nan,-11.80921412,169.3541057,1.690946363,
505101603,-19.72885604,-178.0391822,1.230079275,-18.6439459,-20.86907902,1.264741029,10.28275768,154.1052535,nan,-11.80114909,169.079202,1.691810241,
517125450,-19.71770627,-178.0692696,1.230408856,-18.66265275,-21.31426668,1.264096259,10.29038663,153.3170024,nan,-11.80438768,168.8649366,1.691463179,
529149298,-19.69129874,-178.2028787,1.231191528,-18.65833016,-21.83036497,1.26424509,10.28948255,152.5158216,nan,-11.80996754,168.6112148,1.690865731,
541173146,-19.67985793,-178.1701006,1.231531524,-18.6603335,-22.40037854,1.264176102,10.28542875,151.7064392,nan,-11.82842141,168.4013873,1.688894446,
553196993,-19.66995828,-178.1567055,1.231826165,-18.63806909,-22.75898049,1.264943949,10.28117906,150.9498288,nan,-11.83960374,168.1080004,1.687703362,
565220841,-19.65073897,-178.1058871,1.232399368,-18.66568764,-23.30426058,1.263991821,10.26654229,150.1466477,nan,-11.8417997,167.821095,1.687469764,
577244689,-19.62153293,-178.0560604,1.233273416,-18.62475674,-24.02453465,1.265404251,10.25444823,149.400511,nan,-11.84737152,167.6647225,1.6868775,
589268537,-19.62329547,-177.7886996,1.233220566,-18.62170422,-24.36931059,1.265509924,10.2303446,148.7655301,nan,-11.87802809,167.5333441,1.683630256,
601292384,-19.61290623,-177.7768686,1.233532282,-18.6196691,-24.94483793,1.265580402,10.2095045,148.1337398,nan,-11.90048606,167.3596068,1.681263651,
613316232,-19.58191609,-177.6013374,1.234464837,-18.59917859,-25.43700512,1.266291178,10.18507807,147.6316269,nan,-11.93722039,167.1673437,1.677414716,
625340080,-19.54716208,-177.4519479,1.235515552,-18.61760047,-25.95085657,1.265652063,10.17034282,147.067761,nan,-11.95807221,166.9199949,1.675242033,
637363927,-19.55157386,-177.6990427,1.235381883,-18.61815705,-26.46365096,1.26563278,10.15694435,146.535301,nan,-11.97744996,166.6549799,1.673230762,
649387775,-19.52936828,-177.6169567,1.236055525,-18.59600594,-27.09648279,1.266401421,10.14415431,146.1091523,nan,-11.99515196,166.2468919,1.671399972,
661411623,-19.46519965,-177.496771,1.238014192,-18.61229358,-27.56150628,1.265836,10.13972437,145.5731626,nan,-12.03367827,166.0411527,1.667436957,
673435470,-19.42697897,-177.7406433,1.23918937,-18.59641538,-28.12034736,1.266387191,10.13656541,145.0521144,nan,-12.08772614,165.7292973,1.661926468,
685459318,-19.41535395,-177.7745143,1.239548079,-18.58135346,-28.61539508,1.266911226,10.14394294,144.5111838,nan,-12.12558418,165.1979881,1.658100434,
697483166,-19.37904689,-177.7788266,1.240672233,-18.60277527,-28.92837136,1.266166262,10.15218605,144.0110206,nan,-12.14914774,164.9311852,1.655732966,
709507014,-19.3189087,-178.2280215,1.242547133,-18.57944774,-29.4267,1.266977612,10.1758585,143.5069511,nan,-12.18269004,164.5409948,1.652381204,
721530861,-19.32834979,-178.2870828,1.242251724,-18.56426048,-29.84556722,1.267507322,10.200749,143.0890705,nan,-12.23004931,164.3308583,1.647685021,
733554709,-19.27617505,-178.3279289,1.243889255,-18.57469058,-30.31877326,1.267143409,10.22503434,142.6028695,nan,-12.2373839,164.0160442,1.646961485,
745578557,-19.25635639,-178.3206629,1.244514486,-18.55949009,-30.74339887,1.267673949,10.24580222,142.06135,nan,-12.26907835,163.653056,1.643846461,
757602404,-19.25349808,-178.6563869,1.244604805,-18.53965083,-31.33835363,1.268368169,10.27802083,141.3844629,nan,-12.30303338,163.3445023,1.640529926,
769626252,-19.21505922,-178.65858,1.245823032,-18.54673563,-31.74039012,1.268120025,10.31162473,140.7645744,nan,-12.31414144,163.0111756,1.639449565,
781650100,-19.21865968,-178.7102829,1.245708639,-18.54841399,-32.17297831,1.268061279,10.3425034,140.0113645,nan,-12.32615414,162.4743347,1.638283765,
793673947,-19.17317202,-178.8495278,1.247158215,-18.53782465,-32.63350514,1.268432172,10.36664979,139.2590384,nan,-12.32734126,161.9804926,1.638168701,
805697795,-19.19128599,-178.961218,1.246579834,-18.52198042,-33.13521446,1.268988191,10.38360753,138.4058669,nan,-12.32646351,161.5366105,1.638253776,
817721643,-19.15063764,-179.0757253,1.247879842,-18.51996763,-33.67770976,1.269058918,10.396941,137.4726757,nan,-12.32787199,161.2196103,1.638117268,
829745490,-19.09093081,-179.137745,1.249803195,-18.51961628,-34.25199682,1.269071266,10.39787349,136.6238314,nan,-12.33272803,161.0921461,1.637646904,
841769338,-19.06590629,-179.4540994,1.250614242,-18.50311953,-34.75359991,1.269651754,10.38867708,135.7844219,nan,-12.34167401,160.9510074,1.63678151,
853793186,-19.04871742,-179.4711923,1.251173031,-18.50899479,-35.08086341,1.269444855,10.3868973,135.0067518,nan,-12.36051187,160.716169,1.63496398,
865817034,-19.04080746,-179.6402107,1.251430639,-18.49629565,-35.65026191,1.269892282,10.37763545,134.2354541,nan,-12.37818214,160.6105174,1.633264951,
877840881,-19.01099814,-179.5333096,1.252404098,-18.50345837,-36.15674922,1.269639817,10.36106561,133.5151429,nan,-12.40112485,160.4013196,1.631067372,
889864729,-18.95789747,-179.3188656,1.254148565,-18.49964078,-36.84161606,1.269774343,10.34144054,132.8021355,nan,-12.4321653,160.2122714,1.628109175,
901888577,-18.91146537,-179.0185202,1.255684955,-18.52595153,-37.21161637,1.268848713,10.31712558,132.1581844,nan,-12.45212324,160.1452834,1.62621623,
913912424,-18.89358854,-178.8426532,1.256279235,-18.49402132,-37.85714252,1.269972501,10.29829158,131.5169788,nan,-12.50525333,159.9344496,1.621211333,
925936272,-18.88348017,-178.7739428,1.256615949,-18.50273122,-38.31341397,1.269665435,10.2710941,130.9412809,nan,-12.53129355,159.7243765,1.618776399,
937960120,-18.87664553,-178.6572451,1.256843892,-18.5084638,-38.89060374,1.269463546,10.24764354,130.3992167,nan,-12.61527838,159.4920395,1.611003201,
949983967,-18.82775373,-178.6896563,1.258481087,-18.46931379,-39.26380344,1.270845694,10.21571386,129.8712772,nan,-12.68440344,159.1950084,1.604695593,
962007815,-18.79715007,-178.480317,1.2595118,-18.47324371,-39.76079801,1.270706595,10.18714911,129.3659546,nan,-12.74184632,158.8354865,1.599514925,
974031663,-18.76137278,-178.3865022,1.260722572,-18.47890201,-40.38243626,1.27050646,10.17327574,128.9643268,nan,-12.80412192,158.4344437,1.593959965,
986055511,-18.73055668,-178.4635563,1.261770499,-18.45423003,-40.72698443,1.271380325,10.1628871,128.5292988,nan,-12.84414329,158.2062483,1.59042345,
998079358,-18.72198119,-178.5267066,1.262062951,-18.47130684,-41.32929536,1.27077514,10.16530813,128.1054947,nan,-12.92863729,157.7618841,1.583041588,
1010103206,-18.681129,-178.788519,1.263461158,-18.47249396,-41.86268785,1.270733126,10.18109706,127.6806022,nan,-12.98028475,157.2400751,1.578585076,
1022127054,-18.66139238,-178.8925917,1.264139645,-18.45335624,-42.41687536,1.271411332,10.20568469,127.2535024,nan,-13.01655983,156.7848051,1.575479924,
1034150901,-18.61730468,-178.9699408,1.265662311,-18.45085734,-42.96077886,1.271500028,10.23617621,126.9426741,nan,-13.03900466,156.6443609,1.573568852,
1046174749,-18.64237686,-178.8894396,1.264795189,-18.44095829,-43.43629247,1.271851708,10.27131672,126.5177195,nan,-13.07303704,156.2343629,1.570685935,
1058198597,-18.64006129,-179.0117945,1.264875141,-18.43574042,-43.97212012,1.272037286,10.30593634,126.0355854,nan,-13.10626782,155.9250449,1.567887992,
1070222444,-18.64870672,-179.2549532,1.264576771,-18.42577966,-44.35122779,1.272391943,10.34504579,125.4944377,nan,-13.14905611,155.6916255,1.564309957,
1082246292,-18.63404434,-179.0149201,1.265083019,-18.42091535,-44.97096288,1.272565327,10.38186108,124.8218457,nan,-13.17873241,155.2676703,1.561844518,
1094270140,-18.61582482,-178.8406327,1.265713591,-18.42459418,-45.33693929,1.272434187,10.41389837,124.1847685,nan,-13.18961767,155.035421,1.56094349,
1106293987,-18.61618743,-178.6357241,1.265701025,-18.41027685,-46.00290028,1.272944958,10.4503412,123.4656394,nan,-13.19385184,154.7120631,1.560593482,
1118317835,-18.58297412,-178.771466,1.266854785,-18.39816775,-46.4909433,1.273377788,10.47517241,122.6828603,nan,-13.19935386,154.4659559,1.560139067,
1130341683,-18.54815642,-179.0521598,1.268070293,-18.40984086,-46.92518275,1.272960529,10.49492959,121.7768549,nan,-13.20474231,154.0455905,1.559694468,
1142365531,-18.55695097,-179.0928902,1.267762687,-18.41449432,-47.31693736,1.272794389,10.50384037,120.8639538,nan,-13.23720984,153.6055314,1.557024663,
1154389378,-18.49812177,-179.1513076,1.269827892,-18.40077089,-47.99092484,1.273284676,10.50967259,119.8938965,nan,-13.24462845,153.3923275,1.55641681,
1166413226,-18.47552651,-179.1017029,1.270625832,-18.39941963,-48.3819207,1.273333005,10.51768871,118.9562513,nan,-13.26632669,153.2373078,1.554643567,
1178437074,-18.43558759,-178.9024353,1.272042724,-18.38299886,-48.81195796,1.273921072,10.51818631,118.0268596,nan,-13.28839044,153.0533599,1.5528475,
1190460921,-18.42293362,-178.8823977,1.272493373,-18.37902323,-49.34738027,1.274063662,10.50626786,117.1149741,nan,-13.34181339,152.7506436,1.548527901,
1202484769,-18.41238078,-178.8752562,1.272869833,-18.38503375,-49.81553446,1.273848121,10.49015618,116.3244276,nan,-13.37551138,152.5350782,1.545824287,
1214508617,-18.4054077,-178.7372445,1.273118909,-18.37217057,-50.38992902,1.274309635,10.45940013,115.5589687,nan,-13.40452551,152.4829504,1.543509419,
1226532464,-18.43316728,-178.711116,1.272128854,-18.36400318,-50.81857229,1.274603123,10.4179043,114.9188462,nan,-13.44004822,152.3733497,1.540691471,
1238556312,-18.42251587,-178.596164,1.272508265,-18.33319778,-51.18481006,1.275713258,10.37706881,114.2509327,nan,-13.49165617,152.2882954,1.536629009,
1250580160,-18.44989899,-178.6371871,1.271534053,-18.35318933,-51.82677004,1.27499225,10.33515169,113.693425,nan,-13.54746642,152.090381,1.532277293,
1262604008,-18.48081378,-178.749032,1.270438878,-18.33455852,-52.36248187,1.275664115,10.28676716,113.1679754,nan,-13.63954385,151.9199893,1.525190641,
1274627855,-18.49378657,-179.0368325,1.269980783,-18.33625708,-52.94537008,1.275602786,10.24191102,112.5935369,nan,-13.73550565,151.5644864,1.51792595,
1286651703,-18.48938847,-178.8190798,1.270135991,-18.34572296,-53.47714279,1.275261282,10.21242292,112.1607414,nan,-13.85202611,151.132205,1.509267051,
1298675551,-18.4803595,-178.8304778,1.270454936,-18.31772956,-54.02016812,1.276272584,10.19146869,111.7842819,nan,-13.96834135,150.6463028,1.5007965,
1310699398,-18.42525717,-178.9716148,1.272410561,-18.31844171,-54.31834203,1.276246805,10.18770131,111.4035146,nan,-14.077852,150.0125249,1.492975605,
1322723246,-18.41416325,-178.7589385,1.272806205,-18.30967194,-55.07373244,1.276564449,10.19045977,111.0426067,nan,-14.1455995,149.3473815,1.488210539,
1334747094,-18.3954275,-178.6081547,1.273475842,-18.32802975,-55.59645505,1.275899991,10.20614885,110.7109197,nan,-14.18874972,148.7660964,1.485204257,
1346770941,-18.38879608,-178.4512469,1.273713298,-18.30806834,-55.89934807,1.276622576,10.24097184,110.3737407,nan,-14.22383746,148.3016038,1.482775991,
1358794789,-18.42230207,-177.9499224,1.272515886,-18.30266711,-56.4466592,1.27681846,10.28387215,110.0743364,nan,-14.25097962,147.9694879,1.480907556,
1370818637,-18.43013273,-177.4784959,1.272236886,-18.28316347,-56.9875956,1.277527087,10.33353772,109.733034,nan,-14.26151624,147.72505,1.480184554,
1382842484,-18.40642204,-177.3208915,1.273082662,-18.28689579,-57.50053705,1.277391323,10.39045057,109.2207991,nan,-14.28264867,147.4013726,1.478738396,
1394866332,-18.36201671,-176.8856848,1.274674558,-18.27259784,-58.06146978,1.277911818,10.45290477,108.6324099,nan,-14.28628626,147.1578898,1.478489989,
1406890180,-18.35348037,-176.8943647,1.27498177,-18.24778953,-58.42111598,1.27881753,10.49993512,107.9623833,nan,-14.30910273,146.8509353,1.476935379,
1418914028,-18.32978626,-177.0792348,1.275836509,-18.24620547,-59.05728543,1.278875473,10.54277477,107.283202,nan,-14.35243693,146.6853955,1.473999335,
1430937875,-18.30164153,-176.7460488,1.276855672,-18.2258231,-59.55758976,1.279622255,10.58267876,106.46869,nan,-14.36490362,146.4622336,1.473158666,
1442961723,-18.29372796,-176.9334878,1.277142994,-18.21665765,-60.00843149,1.279958795,10.61403871,105.6245856,nan,-14.40743151,146.2659226,1.470304206,
1454985571,-18.30653699,-176.6660477,1.276678097,-18.21200532,-60.4101083,1.280129795,10.64474863,104.5735276,nan,-14.42880679,145.8160488,1.468877246,
1467009418,-18.25927361,-176.7269797,1.278397854,-18.1995114,-61.14608391,1.2805896,10.66857317,103.5039943,nan,-14.44702946,145.5752611,1.467664814,
1479033266,-18.27410444,-176.6956727,1.277856921,-18.19456407,-61.57905379,1.280771907,10.68403614,102.4776597,nan,-14.46191003,145.3234703,1.466677511,
1491057114,-18.27153379,-176.8798055,1.277950597,-18.18191382,-62.23594517,1.281238669,10.68929624,101.4338356,nan,-14.45403883,144.9819751,1.467199443,
1503080961,-18.30098743,-176.6048576,1.276879408,-18.20594864,-62.59575539,1.280352589,10.6762634,100.4265196,nan,-14.4827931,144.8055057,1.465296128,
1515104809,-18.33995341,-176.5466225,1.275469376,-18.17365964,-63.23848363,1.281543697,10.64637515,99.50657521,nan,-14.52821399,144.5625811,1.462308351,
1527128657,-18.35636606,-176.41029,1.274877874,-18.16926477,-63.79004593,1.281706258,10.60767088,98.62150578,nan,-14.57753958,144.197218,1.459089496,
1539152505,-18.42562855,-176.2880005,1.272397328,-18.19099948,-64.5375643,1.280903343,10.54943065,97.84222341,nan,-14.64564095,143.9236359,1.454688976,
1551176352,-18.47795838,-176.1980021,1.270539825,-18.18261817,-65.02939305,1.281212657,10.48595102,97.20602516,nan,-14.73527351,143.6983474,1.448973123,
1563200200,-18.55713135,-176.0637332,1.267756382,-18.16375291,-65.56787324,1.281910285,10.42129753,96.66675198,nan,-14.83418586,143.5692604,1.442763895,
1575224048,-18.64910778,-175.9536998,1.264562939,-18.15163971,-66.03584418,1.28235925,10.35159258,96.20458651,nan,-14.95242907,143.501908,1.435473772,
1587247895,-18.68437742,-175.9528784,1.263349673,-18.14818942,-66.53676827,1.282487279,10.28794738,95.85858573,nan,-15.07882162,143.5209381,1.427837125,
1599271743,-18.75025988,-175.7045331,1.261099935,-18.1305372,-67.22168177,1.283143316,10.2405755,95.56685711,nan,-15.24023971,143.4344481,1.418312026,
1611295591,-18.82871058,-175.4088954,1.258448935,-18.12682922,-67.7877979,1.283281339,10.21050612,95.25400918,nan,-15.37195322,143.1028479,1.410723714,
1623319438,-18.88819251,-175.1567512,1.256458918,-18.11549185,-68.42451259,1.283703822,10.20752406,94.9418715,nan,-15.46801026,142.538169,1.405291172,
1635343286,-18.93441158,-175.1059573,1.254924401,-18.10576559,-68.84339152,1.284066832,10.21712365,94.66035701,nan,-15.5619977,142.0537837,1.400056776,
1647367134,-18.95204978,-174.6329891,1.254341492,-18.08687633,-69.39885119,1.284773323,10.2436079,94.38089518,nan,-15.6506324,141.3979093,1.395192619,
1659390981,-18.90972321,-173.9450371,1.255742802,-18.11191422,-70.00481433,1.283837288,10.29252289,94.02443496,nan,-15.71258059,140.539711,1.391833879,
1671414829,-18.89200884,-173.4474762,1.256331823,-18.073812,-70.59541267,1.285263107,10.34981188,93.65844833,nan,-15.71119174,139.672495,1.391908815,
1683438677,-18.83115309,-173.1645667,1.258366881,-18.07939539,-71.30517093,1.285053669,10.41407991,93.22583132,nan,-15.70332753,139.0868406,1.392333449,
1695462525,-18.81274941,-173.0758517,1.258985852,-18.06086359,-71.95555591,1.285749481,10.48431015,92.79174056,nan,-15.67597655,138.5860659,1.39381446,
1707486372,-18.81694665,-173.2706157,1.258844541,-18.07185816,-72.50677623,1.285336439,10.5518893,92.2106519,nan,-15.65790834,138.2280949,1.394796395,
1719510220,-18.8170926,-173.2800121,1.258839629,-18.02521828,-73.12167539,1.287093232,10.6169665,91.67722265,nan,-15.61531869,138.2617808,1.397122281,
1731534068,-18.86900627,-173.2175763,1.257098938,-18.03088782,-73.63254533,1.286879028,10.67031992,90.91077265,nan,-15.61085241,137.9374335,1.397367115,
1743557915,-18.97043962,-173.4086594,1.253735323,-18.03347839,-74.39560675,1.286781212,10.72442354,89.99852897,nan,-15.61595166,137.5924934,1.397087597,
1755581763,-19.04025027,-173.7317165,1.251448796,-18.01071639,-74.66963997,1.287641956,10.77158959,89.0288899,nan,-15.62242175,137.4451064,1.396733265,
1767605611,-19.15203526,-174.386351,1.247835018,-18.02976331,-74.97022875,1.286921499,10.81037566,87.94580264,nan,-15.67216448,137.1218795,1.394021394,
1779629458,-19.2084446,-174.8888498,1.246033344,-18.00771766,-75.5324697,1.28775557,10.83975486,86.79159499,nan,-15.7120687,136.8909874,1.391861497,
1791653306,-19.30250502,-175.3611586,1.243061347,-18.02860982,-75.94325641,1.286965073,10.85340982,85.63795916,nan,-15.76779313,136.6925638,1.38886831,
1803677154,-19.38055925,-175.8288154,1.24062529,-18.01399211,-76.66232856,1.287517906,10.84512156,84.36758348,nan,-15.83568349,136.2064661,1.385257493,
1815701002,-19.48162407,-175.981437,1.237511151,-18.03304853,-77.04541754,1.28679744,10.815489,83.3071089,nan,-15.95226313,135.9749999,1.379147515,
1827724849,-19.59326223,-176.0905085,1.234122932,-18.03295836,-77.68484704,1.286800844,10.76420048,82.28697919,nan,-16.0657554,135.6402434,1.373307017,
1839748697,-19.69707264,-175.9550375,1.23102015,-18.02921178,-78.16488379,1.286942333,10.70325405,81.34482346,nan,-16.19221596,135.4837123,1.366921396,
1851772545,-19.83231091,-175.7798726,1.227045876,-18.04084906,-78.88435429,1.286503112,10.63405949,80.55306004,nan,-16.32748901,135.2463633,1.360229998,
1863796392,-19.91703372,-175.2628186,1.224594532,-18.03160844,-79.34861085,1.286851815,10.54940862,80.00306211,nan,-16.47345128,135.305481,1.353167066,
1875820240,-20.04430462,-174.3245419,1.220966692,-18.04388868,-80.01577954,1.286388514,10.4655729,79.45783429,nan,-16.61245581,135.261385,1.346588499,
1887844088,-20.14186708,-173.4728184,1.218229313,-18.0398675,-80.51105665,1.28654013,10.39035942,78.98835999,nan,-16.75676606,135.2540086,1.339907169,
1899867935,-20.20289772,-172.764788,1.216535886,-18.0241266,-81.26487494,1.287134498,10.33350769,78.60536973,nan,-16.90127428,134.871452,1.333364072,
1911891783,-20.22985647,-172.1124903,1.215792455,-18.02014139,-81.99663824,1.287285198,10.29227819,78.27610626,nan,-17.02900276,134.3125548,1.327700375,
1923915631,-20.27818479,-171.5628402,1.214466725,-18.01186272,-82.7420776,1.287598538,10.2737793,78.0198793,nan,-17.11624136,133.7830818,1.323895164,
1935939478,-20.28619139,-171.133224,1.214247954,-18.01247124,-83.40474149,1.287575493,10.2747213,77.82479633,nan,-17.18782614,133.3315122,1.320810328,
1947963326,-20.29166365,-171.0639066,1.214098571,-18.00769914,-83.96705763,1.287756272,10.29292707,77.7107768,nan,-17.23146681,132.6901451,1.318946115,
1959987174,-20.26955117,-170.990194,1.214702903,-18.01102581,-84.60592098,1.287630236,10.32643119,77.49476642,nan,-17.27622295,132.0718299,1.31704704,
1972011022,-20.27644346,-170.8277462,1.214514337,-17.98852421,-85.17096676,1.288483953,10.37935507,77.20744518,nan,-17.3158436,131.0502275,1.315376594,
1984034869,-20.24517732,-171.1482457,1.215371206,-18.01168067,-85.67431681,1.287605433,10.44437368,76.78493661,nan,-17.3635202,129.9694095,1.313379742,
1996058717,-20.22772408,-171.5801227,1.215851157,-18.03872852,-86.48698481,1.28658309,10.5190492,76.27051068,nan,-17.41511847,128.8518385,1.311234795,
2008082565,-20.29035385,-172.2074703,1.214134316,-18.0438037,-87.01758786,1.286391717,10.59237567,75.74492615,nan,-17.42604896,127.9168761,1.310782555,
2020106412,-20.35971691,-172.9395068,1.212250356,-18.06218956,-87.75915985,1.285699632,10.66690042,75.13226096,nan,-17.4315106,126.9196666,1.310556863,
2032130260,-20.44919547,-173.8882794,1.209846823,-18.0682039,-88.25486433,1.285473647,10.74015279,74.36063471,nan,-17.42582566,125.7422161,1.310791786,
2044154108,-20.62056789,-174.5894141,1.205326238,-18.07096877,-88.71762894,1.285369826,10.79548851,73.38974744,nan,-17.41840666,124.7985994,1.31109867,
2056177955,-20.79899925,-175.3045487,1.200732297,-18.05862284,-89.2764978,1.285833744,10.84991429,72.30969867,nan,-17.39391576,123.8645999,1.312114171,
2068201803,-20.99488145,-176.3475215,1.19581783,-18.08685029,-89.86163441,1.284774298,10.89091293,71.20786661,nan,-17.43164109,123.7091849,1.310551473,
2080225651,-21.24621946,-177.0192246,1.18970302,-18.09693931,-90.47649839,1.284396704,10.91734446,70.06131877,nan,-17.48520654,123.8215912,1.308347852,
2092249498,-21.52770528,-177.3819247,1.18310001,-18.09592332,-90.89918117,1.284434704,10.9263277,68.90983851,nan,-17.54809887,124.012744,1.305783124,
2104273346,-21.84212434,-177.5125522,1.17601764,-18.10088054,-91.50869982,1.284249352,10.92135195,67.78009748,nan,-17.65025956,124.4567237,1.301668366,
2116297194,-22.14162632,-177.3958447,1.169545999,-18.11077147,-92.0690505,1.283879934,10.89229131,66.70506812,nan,-17.80902758,125.0361824,1.295397274,
2128321042,-22.48225807,-176.8211336,1.162495893,-18.13199918,-92.78720634,1.283088917,10.84586199,65.45783182,nan,-18.01852919,125.6045573,1.287346188,
2140344889,-22.71850767,-176.286619,1.157791692,-18.14409061,-93.17770661,1.282639457,10.78112599,64.60683171,nan,-18.22659008,125.8685285,1.279594113,
2152368737,-22.94091821,-175.7173615,1.153496417,-18.14755765,-93.88867353,1.282510728,10.71534808,63.80733646,nan,-18.4205571,126.3354441,1.272578102,
2164392585,-23.01263596,-175.7689634,1.152138232,-18.12834578,-94.37787234,1.283224878,10.63897605,63.12051011,nan,-18.55084511,126.2294537,1.267976209,
2176416432,-23.03458718,-174.7200693,1.151725098,-18.13378968,-94.96302437,1.28302231,10.55612127,62.54515942,nan,-18.68394551,126.4674082,1.263364493,
2188440280,-23.12442289,-173.497248,1.150046812,-18.12777391,-95.43521468,1.283246167,10.48803149,61.99954775,nan,-18.83163122,126.5435128,1.258350822,
2200464128,-23.18533534,-172.4581013,1.148920167,-18.14874031,-96.04857837,1.282466832,10.42880126,61.6349695,nan,-18.98895775,126.2144621,1.253126549,
2212487975,-23.17606038,-171.6777596,1.149091132,-18.15236967,-96.65940863,1.282332172,10.38451509,61.3377866,nan,-19.14920661,125.2251152,1.247925747,
2224511823,-23.0614886,-171.0709774,1.151220436,-18.18725864,-97.36444182,1.281041352,10.34988227,61.10657446,nan,-19.24424574,124.2192677,1.244897423,
2236535671,-23.06915115,-171.323634,1.151077018,-18.16573611,-97.96952136,1.281836856,10.34038299,60.9505245,nan,-19.31336625,122.9530256,1.24272074,
2248559519,-23.03565418,-172.3540374,1.151705047,-18.18450476,-98.39782084,1.281142999,10.35522209,60.77361068,nan,-19.37948659,121.3886625,1.240658584,
2260583366,-23.07000363,-173.2567883,1.151061071,-18.22065293,-99.07379639,1.279812039,10.38695889,60.57589951,nan,-19.45768233,119.8683128,1.238244823,
2272607214,-23.13454062,-174.6169134,1.149859043,-18.22223513,-99.47047262,1.279753945,10.43719346,60.32684622,nan,-19.54160145,117.5688416,1.235684149,
2284631062,-23.1919941,-176.1332058,1.148797555,-18.22948392,-100.0877334,1.279487962,10.49525898,59.92905128,nan,-19.60987579,115.6835061,1.233623292,
2296654909,-23.29558398,-177.861239,1.146903929,-18.2431612,-100.3300958,1.278986869,10.56175675,59.48113983,nan,-19.58914613,114.113565,1.234246903,
2308678757,-23.42494491,-179.7575832,1.144575283,-18.23929126,-100.9989996,1.279128549,10.63235028,58.96107895,nan,-19.61896366,112.8095266,1.23335048,
2320702605,-23.62662632,178.2000358,1.141023024,-18.27480907,-101.3976836,1.27783125,10.6970484,58.3470473,nan,-19.67309167,112.0402757,1.231732862,
2332726452,-23.80525119,176.3641072,1.137954509,-18.29422883,-101.910294,1.277124799,10.75933808,57.56166078,nan,-19.73606992,111.2884108,1.229866313,
2344750300,-24.14459665,174.9377047,1.132319044,-18.3128691,-102.2279971,1.276448599,10.81193194,56.66541586,nan,-19.72555797,110.3683081,1.23017671,
2356774148,-24.3697103,174.1419874,1.128715897,-18.29093756,-102.6327241,1.277244387,10.86043326,55.66036667,nan,-19.76087917,110.0162865,1.229135577,
2368797995,-24.71547097,172.8210855,1.123382838,-18.29287294,-103.0543078,1.277174058,10.88939525,54.59399082,nan,-19.80479786,109.9013552,1.227848259,
2380821843,-25.06947252,172.7708516,1.118164223,-18.29442895,-103.2511301,1.27711753,10.91313951,53.56314995,nan,-19.79382152,109.9841829,1.228169242,
2392845691,-25.46880705,171.8468787,1.112555788,-18.30516242,-103.7497476,1.276727944,10.92550639,52.46297425,nan,-19.80554541,110.2415493,1.227826416,
2404869539,-25.73623153,171.9053283,1.108957268,-18.30722226,-104.1585942,1.27665325,10.91686871,51.37246388,nan,-19.76976267,111.0779122,1.228874543,
2416893386,-25.94600818,172.3189968,1.106219234,-18.29832489,-104.5121249,1.276976051,10.90785395,50.31745132,nan,-19.78850632,112.0598895,1.228324854,
2428917234,-26.0793832,173.1850174,1.104516074,-18.29793355,-105.0946338,1.276990258,10.87886173,49.39694605,nan,-19.84465212,112.9020567,1.226686972,
2440941082,-26.23525206,174.6603636,1.102561932,-18.29635625,-105.4679394,1.27704753,10.82201237,48.52926291,nan,-19.94788824,113.2957161,1.223709049,
2452964929,-26.41913643,175.5356812,1.100305719,-18.28421578,-106.0669228,1.277488801,10.75561016,47.71333413,nan,-20.02913967,113.1628515,1.221395565,
2464988777,-26.48454342,175.759968,1.099515785,-18.28783534,-106.5014147,1.277357159,10.68022109,47.04270362,nan,-20.05853726,113.1415784,1.220565016,
2477012625,-26.70531218,176.5706392,1.096897271,-18.29982846,-107.0340594,1.276921471,10.61324536,46.48678154,nan,-20.16038242,113.36064,1.217714033,
2489036472,-26.6714195,176.9719272,1.097294536,-18.28778677,-107.4535939,1.277358924,10.53365801,45.98991356,nan,-20.33517757,113.0010503,1.212914781,
2501060320,-26.71267473,176.7871418,1.096811197,-18.27819367,-108.1693473,1.27770798,10.49416459,45.64893367,nan,-20.66953762,112.4611608,1.204054123,
2513084168,-26.60155562,175.2207996,1.098118816,-18.28649273,-108.2139057,1.277405981,10.44906224,45.32450133,nan,-20.93793542,110.0566659,1.197232881,
2525108016,-26.52878169,174.3327901,1.098985206,-18.29258762,-108.9313315,1.277184425,10.44178576,45.01974331,nan,-21.13736876,108.4679854,1.192325368,
2537131863,-26.56284824,173.3377964,1.098578643,-18.25978308,-109.0472787,1.278379252,10.44888924,44.74022031,nan,-21.42168031,106.066961,1.185557364,
2549155711,-26.61149676,171.9045565,1.098001082,-18.27926154,-109.5563095,1.2776691,10.48144288,44.46458455,nan,-21.72514126,103.3358919,1.178617463,
2561179559,-26.63710288,169.9631666,1.097698507,-18.26993394,-110.1812014,1.278008915,10.52293345,44.19976884,nan,-21.92159309,100.553544,1.174274881,
2573203406,-26.74787402,167.7525819,1.096400795,-18.27191102,-110.5671125,1.277936849,10.57076799,43.85613439,nan,-22.00437484,97.60985418,1.172479267,
2585227254,-26.82608672,165.3317212,1.095495382,-18.26362057,-110.9584488,1.278239182,10.62670123,43.39514039,nan,-22.02664071,95.26977069,1.171999716,
2597251102,-27.03555526,162.5220423,1.093114031,-18.27641991,-111.4439832,1.277772574,10.68301373,42.89339154,nan,-22.02147697,93.40060153,1.172110801,
2609274949,-27.39421761,159.5403921,1.089179466,-18.26340262,-111.9586198,1.278247135,10.74192387,42.389625,nan,-21.99879482,92.57857969,1.172599673,
2621298797,-27.50890367,156.1264051,1.08795826,-18.23304819,-112.4733638,1.279357281,10.79806172,41.6221197,nan,-22.00142168,91.13284742,1.172542979,
2633322645,-27.8314921,153.1083305,1.084615791,-18.23771312,-112.7371387,1.279186349,10.84854383,40.83143538,nan,-21.85517809,89.7758764,1.175730082,
2645346492,-28.03348723,149.3867856,1.082590386,-18.21904093,-113.3306407,1.279871241,10.89507988,39.82465938,nan,-21.75183857,89.65691854,1.178020508,
2657370340,-28.32700297,146.40446,1.07973669,-18.19790925,-113.8446942,1.280648624,10.93500273,38.95472855,nan,-21.6504225,89.53262401,1.18029973,
2669394188,-28.54970498,143.2299457,1.077639911,-18.21086013,-114.4271945,1.280171906,10.96215334,37.88543877,nan,-21.44440273,89.58447266,1.185027728,
2681418036,-28.77419359,141.2004306,1.075584138,-18.21966128,-114.8984367,1.279848457,10.97267224,36.87046169,nan,-21.29405493,89.31997127,1.188562918,
2693441883,-28.94179608,139.1190428,1.074086143,-18.16142666,-115.286546,1.281996443,10.97686776,35.78903707,nan,-21.20302103,90.09408752,1.190739042,
2705465731,-29.09752595,136.8956804,1.072721817,-18.12945698,-116.0294165,1.283183517,10.96050527,34.81410878,nan,-21.0535462,90.72004651,1.194371627,
2717489579,-29.17677459,135.3101812,1.072037543,-18.13122357,-116.361292,1.283117775,10.93455493,33.89026078,nan,-21.05111271,91.08921088,1.194431385,
2729513426,-29.45625425,132.7761886,1.069677069,-18.10812944,-117.0633174,1.283978559,10.89216402,33.02735042,nan,-21.03386454,91.39498775,1.194855519,
2741537274,-29.58253844,132.3300626,1.068636849,-18.11216305,-117.5392675,1.283828003,10.8458666,32.2591478,nan,-21.11308592,91.12588442,1.192915733,
2753561122,-30.06905668,129.8733312,1.064776921,-18.08749746,-118.1847126,1.28475006,10.78146198,31.56433492,nan,-21.21965624,90.49969088,1.190339355,
2765584969,-29.98784263,128.5307671,1.065405333,-18.0888016,-118.6015801,1.284701224,10.73325205,30.97455774,nan,-21.36919446,88.8860131,1.186787053,
2777608817,-29.90035906,126.9901438,1.066089297,-18.09433703,-119.1039211,1.284494044,10.69216588,30.53963359,nan,-21.68948916,87.57837546,1.179418029,
2789632665,-29.99561372,125.2040638,1.065344932,-18.06118072,-119.7955103,1.285737558,10.6588143,30.18284248,nan,-21.97749249,86.57752169,1.17306017,
2801656513,-29.86241673,123.1760596,1.066388229,-18.03740851,-120.3024533,1.286632888,10.63935326,29.86834771,nan,-22.24648215,85.41610953,1.167341325,
2813680360,-29.8162603,121.1765997,1.066753758,-18.03819551,-120.9541332,1.286603197,10.6387412,29.51069252,nan,-22.49650764,83.73082118,1.162207927,
2825704208,-29.5988785,119.7748634,1.06850343,-18.0324336,-121.5731751,1.286820657,10.6537252,29.13346427,nan,-22.79975386,81.45664282,1.156207879,
2837728056,-29.50800534,117.8722144,1.069248832,-18.00642791,-121.9101486,1.28780445,10.67275057,28.66218249,nan,-23.18136739,78.91444149,1.148993282,
2849751903,-29.24415856,115.9906816,1.071460956,-18.01825403,-122.5240074,1.287356599,10.71123981,28.1893794,nan,-23.42989077,75.70451727,1.144487038,
2861775751,-29.16814143,113.7452392,1.072111761,-17.98680281,-123.2004729,1.288549381,10.75858487,27.73467005,nan,-23.53840088,72.33792888,1.142565367,
2873799599,-28.8623174,111.4105786,1.074792634,-17.96682991,-123.6298271,1.289309744,10.80653216,27.2973965,nan,-23.50191306,68.95081666,1.143208491,
2885823446,-28.63912557,109.3679854,1.076814173,-17.9578565,-124.3134731,1.289652094,10.85158611,26.79112218,nan,-23.32110787,66.46877918,1.146441317,
2897847294,-28.54064177,107.5066506,1.077724116,-17.91639521,-124.761496,1.291239846,10.89590734,26.21052575,nan,-23.1437901,64.40961819,1.149687608,
2909871142,-28.14399284,104.9629525,1.081503743,-17.89651608,-125.4714157,1.292004591,10.94373592,25.43044603,nan,-22.9099475,62.82125339,1.154086949,
2921894989,-27.97268276,102.6186507,1.083194713,-17.88480477,-125.8142701,1.292456181,10.98733653,24.5729711,nan,-22.63053759,61.45651572,1.159526033,
2933918837,-27.66290819,100.4616561,1.086345731,-17.87269346,-126.736671,1.292924024,11.02505787,23.66926932,nan,-22.30242892,60.09583816,1.166177655,
2945942685,-27.21250956,98.00897625,1.091150666,-17.87122536,-127.4861734,1.292980792,11.0530627,22.73896302,nan,-21.98470497,59.65095732,1.172904108,
2957966533,-27.08759227,95.80211045,1.092532122,-17.84030249,-128.1217619,1.294179395,11.06210432,21.79026935,nan,-21.76974986,59.16582364,1.177621219,
2969990380,-26.95701159,93.26905125,1.093999602,-17.82313663,-128.9085387,1.294847149,11.0645973,20.69574404,nan,-21.53877758,58.61271001,1.182845428,
2982014228,-26.9125975,91.0218098,1.094504257,-17.81340226,-129.4096225,1.295226577,11.05840566,19.82334981,nan,-21.45747648,58.60361392,1.184723736,
2994038076,-26.75069733,89.20700641,1.096367956,-17.80861025,-130.1257412,1.295413563,11.03313357,18.90873077,nan,-21.36930788,58.07729632,1.186784387,
3006061923,-26.77066211,87.05480982,1.09613607,-17.80460248,-130.7733491,1.295570051,11.00310766,18.09832706,nan,-21.33890191,58.49765323,1.1875008,
3018085771,-26.75429267,84.00561826,1.096326154,-17.78564603,-131.3568438,1.296311494,10.96163264,17.28960844,nan,-21.40019308,58.37173779,1.186059722,
3030109619,-26.76916702,82.03441226,1.096153415,-17.79363357,-132.055941,1.295998822,10.91967208,16.55550535,nan,-21.59344199,57.72584956,1.181594153,
3042133466,-26.76824993,80.19992292,1.096164056,-17.76902216,-132.7605794,1.296963432,10.88525478,15.97292755,nan,-21.80589333,56.84486024,1.176818434,
3054157314,-26.81691568,79.27510068,1.095601087,-17.7649738,-133.5226269,1.297122441,10.85202642,15.50754991,nan,-22.11240026,55.20473562,1.170166064,
3066181162,-26.73274801,78.04802552,1.096576932,-17.76586759,-134.0409171,1.297087327,10.83291744,14.9070682,nan,-22.32105557,53.44903598,1.165792164,
3078205010,-26.82490128,76.70544918,1.095509039,-17.74188624,-134.6683941,1.298031103,10.82120132,14.48516508,nan,-22.40914838,50.5960185,1.163982019,
3090228857,-26.73907624,76.14938693,1.096503201,-17.73524022,-135.3326608,1.298293254,10.81929944,14.02899885,nan,-22.42921005,47.81074771,1.163572768,
3102252705,-26.72817201,75.60348337,1.096630284,-17.7303168,-135.8036293,1.298487624,10.83349603,13.50067533,nan,-22.4369465,45.40712271,1.163415242,
3114276553,-26.57143321,75.16666553,1.098476463,-17.73219935,-136.4801397,1.298413287,10.86090754,13.00140848,nan,-22.53327602,42.67588616,1.161467415,
3126300400,-26.42048451,74.90229178,1.100289371,-17.71950197,-137.1600611,1.298915084,10.89726739,12.42661422,nan,-22.55438261,40.25025886,1.161043972,
3138324248,-26.20531586,74.95099527,1.102934249,-17.72191745,-137.9240012,1.298819551,10.94680627,11.77730642,nan,-22.57276657,37.56275485,1.160676123,
3150348096,-26.01014344,74.3704608,1.105396637,-17.68864643,-138.3924925,1.300138467,10.99807084,11.0832064,nan,-22.57619625,34.16220742,1.160607598,
3162371943,-25.79064978,73.77706491,1.108239941,-17.71112953,-139.0533878,1.299246483,11.04341937,10.25859294,nan,-22.42386867,30.72915416,1.163681623,
3174395791,-25.55266993,72.71713174,1.111414036,-17.70435225,-139.5803588,1.299515045,11.09442256,9.396194881,nan,-22.17626119,28.17955629,1.168814332,
3186419639,-25.36128326,72.0698533,1.114037732,-17.70076142,-140.2516559,1.299657449,11.13273371,8.519960114,nan,-21.83924336,26.03544726,1.176081173,
3198443486,-25.31295439,70.09406032,1.114710508,-17.69344929,-140.773162,1.299947668,11.16737623,7.548504239,nan,-21.57389277,24.02680965,1.182040568,
3210467334,-25.23122781,67.69318069,1.115857746,-17.68239915,-141.5582096,1.300386852,11.18647521,6.474948227,nan,-21.09975894,21.81465707,1.193240577,
3222491182,-25.09292563,64.6258498,1.117826822,-17.71079517,-141.8423775,1.299259726,11.18744297,5.397951535,nan,-20.71146574,20.16347133,1.202971773,
3234515030,-24.98616522,62.74061319,1.119370969,-17.70160625,-142.6150317,1.299623938,11.18558701,4.40440092,nan,-20.36852734,19.11515341,1.212012361,
3246538877,-24.84722784,60.43299773,1.121412598,-17.73963548,-143.5096743,1.298119855,11.15791342,3.417045149,nan,-20.10371183,18.02600881,1.2192954,
3258562725,-24.79666298,58.74259165,1.122164761,-17.74262287,-143.7885247,1.298002063,11.13224995,2.496789307,nan,-19.85640327,18.26213486,1.22634581,
3270586573,-24.74705341,57.39767282,1.122907505,-17.71429188,-144.3114936,1.299121262,11.09456733,1.701409091,nan,-19.80414979,18.87506785,1.227867197,
3282610420,-24.73691168,54.4363551,1.123059932,-17.72877559,-144.7828236,1.298548499,11.05118171,1.035047863,nan,-19.90914432,18.668588,1.224821567,
3294634268,-24.8303682,53.11759808,1.121662843,-17.72685755,-145.5299826,1.298624277,11.01132942,0.4283841197,nan,-19.99931673,18.75170929,1.222241646,
3306658116,-24.93941357,52.61544171,1.120053886,-17.72635223,-146.0547445,1.298644245,10.98069794,-0.103453874,nan,-20.16307104,18.43123616,1.217639321,
3318681963,-24.98693548,51.72755513,1.119359752,-17.72094778,-146.7027958,1.298857898,10.94948149,-0.5784862641,nan,-20.29780839,18.20482222,1.213930968,
3330705811,-25.08925619,51.45744282,1.117879544,-17.73355305,-147.3004256,1.298359845,10.9363537,-1.013680586,nan,-20.38077367,17.59799177,1.211682038,
3342729659,-25.18521757,51.95043542,1.116508934,-17.75312375,-148.0427826,1.297588435,10.93252733,-1.372571006,nan,-20.58089692,16.71014114,1.20636315,
3354753507,-25.20610247,50.9198564,1.11621287,-17.73624122,-148.6764994,1.298253753,10.94655634,-1.760121881,nan,-20.88681337,14.72616905,1.198512707,
3366777354,-25.21283958,51.29219136,1.116117535,-17.73950855,-149.3009259,1.29812486,10.96632294,-2.196934324,nan,-21.1630432,10.81504864,1.191703306,
3378801202,-25.12413877,51.50549047,1.11737936,-17.78878793,-149.7448909,1.29618846,11.0007807,-2.708848343,nan,-21.17577418,6.960873575,1.191395661,
3390825050,-25.07013581,51.2792287,1.118154666,-17.74090983,-150.6411924,1.298069601,11.03196872,-3.24780542,nan,-20.99036969,2.814684481,1.195929539,
3402848897,-24.88922361,50.0586371,1.120791624,-17.72121695,-151.064882,1.298847253,11.08447609,-3.912794851,nan,-20.83465917,-0.1074368341,1.199827709,
3414872745,-24.64839593,48.85706942,1.124398818,-17.76007124,-151.8175622,1.29731513,11.13238006,-4.649593503,nan,-20.64307478,-2.687184008,1.20474049,
3426896593,-24.58299203,47.77416787,1.125398017,-17.73612551,-152.1905423,1.298258319,11.17598761,-5.439453456,nan,-20.41141977,-4.902450641,1.210857881,
3438920440,-24.52746315,46.36838414,1.126253023,-17.7589147,-152.7867977,1.297360607,11.22115223,-6.277107735,nan,-20.18450355,-6.776535494,1.217044748,
3450944288,-24.45710991,45.17953745,1.127345166,-17.73856259,-153.5466492,1.298162171,11.25377148,-7.311282816,nan,-19.93379635,-9.288826707,1.22411299,
3462968136,-24.48514067,43.58675604,1.12690883,-17.73588897,-153.800616,1.298267652,11.27442475,-8.31140693,nan,-19.65926405,-10.42837795,1.23214492,
3474991983,-24.4047237,42.49474454,1.128164896,-17.73899624,-154.7653212,1.298145066,11.28146755,-9.500254711,nan,-19.49771181,-12.42332527,1.237019562,
3487015831,-24.4680412,41.34401786,1.127174817,-17.76637763,-155.4136577,1.297067291,11.27696505,-10.55385598,nan,-19.32608333,-13.88412405,1.242322605,
3499039679,-24.56992578,40.00270493,1.125598652,-17.74262729,-155.8557032,1.298001889,11.24723939,-11.55204034,nan,-19.02087553,-15.32625869,1.252081076,
3511063527,-24.82401753,37.92924131,1.121757246,-17.76104313,-156.2540194,1.29727692,11.19417226,-12.60562819,nan,-18.85813264,-16.56598704,1.257462454,
3523087374,-24.73173463,36.47033459,1.123137818,-17.74411934,-157.3114184,1.297943078,11.15356253,-13.51977034,nan,-18.56180419,-16.99699472,1.267593105,
3535111222,-25.03216827,34.95177656,1.118702992,-17.74497629,-157.6560035,1.297909306,11.09410608,-14.41467346,nan,-18.35892407,-16.73737578,1.274785814,
3547135070,-25.24007465,33.15386175,1.115732976,-17.74659314,-158.2792525,1.297845598,11.0410163,-15.19020622,nan,-18.26119926,-16.28933526,1.278327552,
3559158917,-25.39422402,31.88743924,1.113581555,-17.72557841,-158.7839156,1.298674826,10.98642338,-15.80905912,nan,-18.19378687,-15.88754419,1.280800558,
3571182765,-25.70689413,30.7004748,1.109346057,-17.72173471,-159.3399765,1.298826778,10.9257688,-16.32190795,nan,-18.30514936,-15.84482715,1.276728418,
3583206613,-25.94376035,28.93623256,1.106248187,-17.74194712,-160.1483615,1.298028703,10.88915339,-16.73792376,nan,-18.26658131,-16.64154867,1.278131169,
3595230460,-26.25329301,29.08756855,1.102338239,-17.75585385,-160.6779177,1.297481003,10.86154395,-17.1685326,nan,-18.24348945,-16.41863684,1.278974855,
3607254308,-26.33511871,28.64900587,1.101330069,-17.74195922,-161.2431986,1.298028226,10.84720854,-17.468184,nan,-18.3251843,-16.76142992,1.276002864,
3619278156,-26.40448093,28.16451012,1.100483615,-17.74342296,-161.9000961,1.297970525,10.8623437,-17.81153142,nan,-18.32339189,-17.87397534,1.276067689,
3631302004,-26.37445673,27.28151627,1.100849099,-17.73897969,-162.4859318,1.298145719,10.88421658,-18.15824626,nan,-18.42117128,-18.82462488,1.272556202,
3643325851,-26.47225606,25.70720487,1.099663683,-17.77060177,-163.2970754,1.296901415,10.92519641,-18.59473908,nan,-18.56199145,-20.6946938,1.267586564,
3655349699,-26.53994335,23.94503762,1.098851806,-17.77297405,-163.9318908,1.296808304,10.97332594,-19.09519608,nan,-18.57408562,-24.12560688,1.267164501,
3667373547,-26.73450358,21.05942358,1.096556471,-17.740949,-164.6178936,1.298068057,11.03903132,-19.76274829,nan,-18.4340838,-26.80563464,1.272096235,
3679397394,-27.12512989,18.52643168,1.092114712,-17.76625549,-165.3192639,1.297072089,11.10112831,-20.51270639,nan,-18.26937819,-28.88249046,1.278029176,
3691421242,-27.49607826,16.50875694,1.088093958,-17.73070072,-166.1354968,1.298472463,11.17074608,-21.55756048,nan,-18.2622949,-31.46844538,1.278287561,
3703445090,-27.69426526,13.18217384,1.086021191,-17.73178733,-166.6365331,1.298429555,11.23096774,-22.54379726,nan,-18.15089912,-33.37627983,1.282386725,
3715468937,-28.06099712,10.43183497,1.082318471,-17.68905127,-167.2291249,1.300122379,11.29193439,-23.80590809,nan,-18.07756536,-35.42547421,1.285122296,
3727492785,-28.16705791,8.595958672,1.081278816,-17.73618388,-168.0131374,1.298256015,11.31468372,-24.96807919,nan,-18.01008199,-37.16111457,1.287665988,
3739516633,-28.27053666,5.254436277,1.080277615,-17.72579256,-168.4760278,1.298666363,11.33018375,-26.26921787,nan,-17.87570807,-39.06183859,1.292807495,
3751540480,-28.5307205,2.106354352,1.077816402,-17.73851573,-169.6209763,1.29816402,11.31923091,-27.68486002,nan,-17.8639269,-40.74266865,1.29326319,
3763564328,-28.67304863,-2.182518298,1.076503305,-17.71393892,-170.2949433,1.299135235,11.28739483,-28.96978623,nan,-17.78005036,-42.73508078,1.296530759,
3775588176,-28.83765295,-5.898622318,1.075013294,-17.68565011,-170.9804151,1.300257568,11.22526687,-30.01475888,nan,-17.63006662,-44.28697899,1.302476689,
3787612024,-29.03482463,-11.11276804,1.073267978,-17.71183239,-171.7637091,1.299218646,11.15291772,-31.16821725,nan,-17.40520663,-45.39348376,1.311645535,
3799635871,-29.37205375,-16.83815917,1.070379684,-17.73043334,-172.3244431,1.298483022,11.06237342,-32.15039941,nan,-17.15758008,-46.7514825,1.322109636,
3811659719,-29.74026501,-21.81133944,1.067360125,-17.72103219,-172.9444119,1.29885456,10.95666113,-33.02763021,nan,-16.86048813,-46.9788804,1.335196094,
3823683567,-30.46168669,-27.9048803,1.06182549,-17.72612461,-173.6384983,1.29865324,10.86758257,-33.76947543,nan,-16.64754258,-47.04043757,1.344950287,
3835707414,-30.86326908,-32.60282716,1.058949796,-17.70060877,-174.6937305,1.299663505,10.78486699,-34.23486383,nan,-16.48241477,-47.07628765,1.352738555,
3847731262,-31.30328306,-41.32953759,1.055956398,-17.76454732,-175.1161455,1.297139198,10.70202263,-34.74122899,nan,-16.25381738,-46.34267547,1.363856601,
3859755110,-31.31750813,-45.75048536,1.055862274,-17.77973999,-176.1645944,1.296542926,10.63380962,-35.05811274,nan,-16.08276586,-46.3230395,1.372440638,
3871778957,-31.72510068,-53.37384398,1.053233284,-17.7813624,-176.3323583,1.29647933,10.60006374,-35.27018275,nan,-15.94980146,-46.36116221,1.379275365,
3883802805,-31.36422425,-58.19689949,1.055554308,-17.76655277,-177.3292922,1.297060412,10.59318666,-35.34248254,nan,-15.90070011,-46.84219597,1.381835977,
3895826653,-31.27343367,-66.67321031,1.056154433,-17.78973792,-178.3726308,1.296151271,10.60396117,-35.45940158,nan,-15.88768945,-47.24568557,1.382517834,
3907850501,-31.21424473,-72.60319475,1.056549254,-17.84356864,-178.681394,1.294052535,10.64021617,-35.6376515,nan,-15.86852932,-48.21522438,1.383524544,
3919874348,-30.59611554,-78.77975177,1.060847116,-17.84864099,-179.5955047,1.293855642,10.70591064,-35.89834112,nan,-15.98295708,-49.91020292,1.377557576,
3931898196,-30.25735531,-85.08712989,1.063343758,-17.89574694,179.3776367,1.292034225,10.78895697,-36.28452545,nan,-16.18546583,-51.58141641,1.367259038,
3943922044,-29.89012972,-89.56974428,1.066169753,-17.89368394,178.5010756,1.292113726,10.88205399,-36.97022554,nan,-16.37250903,-53.93220535,1.358034331,
3955945891,-29.5557594,-95.06442884,1.068856083,-17.96882276,177.5694486,1.289233776,10.97914173,-37.85439769,nan,-16.48721315,-55.88277949,1.352509407,
3967969739,-29.03192042,-99.59860958,1.073293378,-17.99755149,176.9502595,1.288141114,11.07342456,-38.93260496,nan,-16.57341749,-58.47201378,1.348421714,
3979993587,-28.7945799,-102.8472793,1.075400265,-18.05762277,176.0998486,1.28587136,11.13625648,-40.22497585,nan,-16.59675039,-60.2853943,1.347324681,
3992017434,-28.4007187,-105.6412033,1.079036212,-18.07398261,175.4516045,1.285256705,11.19680401,-41.63255113,nan,-16.53132135,-62.20034816,1.350411012,
4004041282,-27.92380786,-107.2207328,1.083683806,-18.12179757,174.7339677,1.283468754,11.22960612,-43.10195468,nan,-16.43738781,-63.53949511,1.35489719,
4016065130,-27.1097865,-112.2254258,1.092285089,-18.16232227,173.8141485,1.281963268,11.22754071,-44.67452482,nan,-16.34961552,-64.5056485,1.359148935,
4028088977,-25.87737722,-116.3198131,1.107106967,-18.15963576,172.6146587,1.282062793,11.19806223,-46.22845634,nan,-16.23516806,-65.12617559,1.364781312,
4040112825,-24.97269241,-116.386948,1.119567349,-18.18058908,172.0396364,1.281287599,11.13616783,-47.85213007,nan,-16.15623949,-65.65961358,1.368725086,
4052136673,-24.45872582,-116.2850125,1.12731997,-18.28117806,171.0408109,1.277599337,11.04274055,-49.38417074,nan,-16.05607429,-66.38445381,1.373801138,
4064160521,-23.80547241,-118.6584819,1.137950753,-18.28857504,170.2088516,1.277330264,10.92720086,-50.85002941,nan,-15.9853691,-67.4497224,1.377432961,
4076184368,-23.29410285,-119.044512,1.146930822,-18.34571108,169.041709,1.27526171,10.80327867,-51.99128125,nan,-15.87966727,-68.52790785,1.382938961,
4088208216,-22.7300549,-121.4909882,1.157565544,-18.31905776,168.642571,1.276224507,10.65283596,-52.98126763,nan,-15.78661386,-70.32671077,1.387863385,
4100232064,-22.20958612,-122.2931265,1.168113549,-18.31365887,167.5172523,1.27641999,10.49976933,-53.661703,nan,-15.59343418,-71.635871,1.398323637,
4112255911,-21.68003744,-123.853604,1.179630917,-18.37246988,166.9018946,1.274298887,10.35139233,-54.22405456,nan,-15.40309424,-73.34156932,1.408953245,
4124279759,-21.20019484,-126.3143642,1.190807036,-18.38197895,166.5742046,1.273957645,10.20424067,-54.47895898,nan,-15.24189723,-74.8443954,1.418215516,
4136303607,-20.56506042,-127.3775835,1.20677868,-18.46414382,165.9294182,1.271028806,10.08063253,-54.52931305,nan,-15.11723962,-76.33199183,1.425547214,
4148327454,-20.03724002,-128.5482287,1.221166369,-18.45869359,165.3681372,1.271221995,10.00165936,-54.21486045,nan,-15.07558506,-77.6441569,1.428030702,
4160351302,-19.60310887,-129.8166799,1.23382666,-18.46404926,164.9391073,1.271032157,9.975401694,-53.81089984,nan,-15.04686197,-79.38599141,1.429753134,
4172375150,-19.16582577,-130.7199305,1.24739321,-18.54310733,164.906174,1.268247073,9.958250838,-53.051054,nan,-14.97394641,-80.86194783,1.434162424,
4184398997,-18.7786015,-131.1157543,1.260138734,-18.56967854,164.7643423,1.267318213,10.00778321,-52.87614025,nan,-14.9187792,-82.76494375,1.437533896,
4196422845,-18.36361362,-131.1146648,1.27461713,-18.61677302,164.4537675,1.265680733,10.08081832,-52.548936,nan,-14.8882023,-83.59120523,1.43941586,
4208446693,-18.03291876,-132.0230187,1.28680234,-18.68340638,164.6477268,1.263382994,10.17942063,-52.72663978,nan,-14.90253174,-83.56243562,1.438532717,
4220470541,-17.71947767,-132.7196711,1.298916045,-18.72124723,164.1783426,1.262087998,10.28210239,-53.36751703,nan,-15.10586322,-84.09522498,1.426223801,
4232494388,-17.44849796,-135.1426661,1.309856081,-18.85315469,163.5748031,1.257629062,10.36871959,-54.76901006,nan,-15.41094801,-83.95961404,1.408508143,
4244518236,-17.25081706,-138.4956789,1.31812347,-19.04232615,162.8398605,1.251381156,10.44359949,-56.69956855,nan,-15.72946883,-85.11776802,1.390923996,
4256542084,-17.02755766,-141.5109305,1.327763836,-19.19447416,161.5722249,1.246478192,10.49013534,-58.9764472,nan,-16.07895163,-86.69307063,1.372634702,
4268565931,-16.67987361,-144.0215002,1.343448601,-19.30671491,160.4501746,1.242929262,10.52045899,-61.36869106,nan,-16.44237498,-88.98075977,1.354657354,
4280589779,-16.42808802,-145.4459912,1.355344922,-19.48685977,159.5719786,1.237351042,10.52198053,-63.62008054,nan,-16.59721511,-92.33600497,1.347302872,
4292613627,-16.04413941,-146.4757247,1.374411333,-19.50402312,158.6126978,1.236827016,10.48058547,-65.81389075,nan,-16.64982013,-95.4473965,1.344844255,
4304637474,-15.71561906,-147.17852,1.391669994,-19.52905706,157.8517914,1.236064981,10.40443276,-67.85739935,nan,-16.4813951,-98.22351787,1.352787271,
4316661322,-15.35665064,-147.401469,1.411597003,-19.60847593,157.2281473,1.233665347,10.28780098,-69.25633908,nan,-16.18504218,-99.82222305,1.36728024,
4328685170,-14.95984324,-148.009917,1.435021398,-19.66465328,156.6690676,1.231984227,10.13517522,-70.90893683,nan,-15.97202247,-100.7100841,1.378123098,
4340709018,-14.59324348,-148.6128417,1.458070289,-19.74227576,156.3766468,1.229683284,9.932179032,-72.3284646,nan,-15.88252173,-102.0528318,1.382789054,
4352732865,-14.09869818,-148.9672079,1.491503469,-19.85886128,156.2984261,1.22627452,9.742845317,-73.64468753,nan,-15.74797278,-103.6069926,1.389929884,
4364756713,-13.90210578,-149.9350791,1.505599105,-19.91604122,155.8094284,1.22462308,9.506368039,-74.50440291,nan,-15.83655774,-103.8559932,1.38521125,
4376780561,-13.59616857,-150.5833721,1.528514674,-20.06800698,155.5076203,1.220298205,9.276035257,-75.08562099,nan,-15.93093074,-105.3130641,1.380257101,
4388804408,-13.24463656,-151.5254638,1.556416146,-20.12049324,155.3470568,1.218825811,9.076928685,-75.23590801,nan,-16.15518342,-107.0368093,1.368778186,
4400828256,-12.97905237,-152.3356535,1.578690928,-20.15065416,154.9050335,1.217984603,8.89062821,-75.20236002,nan,-16.2987888,-108.5132696,1.361637832,
4412852104,-12.7001539,-153.4030598,1.60326962,-20.27047692,155.3190728,1.214677565,8.727160471,-74.88024257,nan,-16.48202723,-110.5267901,1.352757069,
4424875951,-12.47258191,-154.298746,1.624283118,-20.20338552,155.0968718,1.216522409,8.603614814,-74.54834174,nan,-16.60164405,-110.9748109,1.347095102,
4436899799,-12.25288075,-155.252453,1.645436072,-20.30557168,155.0370669,1.213719422,8.525295608,-74.20783298,nan,-16.76909119,-111.4090458,1.339343411,
4448923647,-12.07242298,-156.0583508,1.663480925,-20.32739741,154.9862845,1.213125911,8.477676928,-73.82989845,nan,-17.09747118,-111.3554603,1.324709618,
4460947494,-11.86281774,-157.0343245,1.685238972,-20.46673149,155.0877983,1.20937928,8.451370707,-73.68666025,nan,-17.46427769,-111.3607768,1.309206724,
4472971342,-11.71050868,-157.9671176,1.701613166,-20.5101709,154.9895798,1.208226009,8.450760358,-73.52842685,nan,-18.03441636,-111.5773155,1.286745805,
4484995190,-11.53335762,-158.908788,1.721283297,-20.61589589,155.1680806,1.205448057,8.458373357,-73.67535478,nan,-18.47783208,-112.6906784,1.270544291,
4497019038,-11.33321303,-159.5754268,1.74435389,-20.68620913,155.2177365,1.203623004,8.458739724,-73.95218643,nan,-18.88505962,-114.2610029,1.256563304,
4509042885,-11.16202164,-160.6770365,1.764835932,-20.79062785,155.3745603,1.200945302,8.434507164,-74.45229148,nan,-19.2101039,-115.8362642,1.245980568,
4521066733,-11.00667215,-161.6247644,1.784049155,-20.83511901,155.648925,1.199816073,8.408539615,-75.01879416,nan,-19.39068463,-116.0501304,1.240311266,
4533090581,-10.81386524,-162.5203119,1.808764462,-20.85819614,155.6315936,1.199233082,8.365051726,-75.72348797,nan,-19.5902282,-115.5537401,1.234214306,
4545114428,-10.65497722,-163.575934,1.829890438,-20.9153307,156.0066268,1.197797671,8.307600228,-76.561633,nan,-19.8890202,-114.1732811,1.225401826,
4557138276,-10.49101745,-164.6450549,1.85244511,-20.98181831,156.1188072,1.196141456,8.230681587,-77.24166984,nan,-20.40586047,-112.4936739,1.211007124,
4569162124,-10.32699346,-165.8310731,1.875811789,-21.07481691,156.1201856,1.193850137,8.144242847,-78.00633931,nan,-20.93480266,-110.5804761,1.197311049,
4581185971,-10.1960212,-167.160411,1.895073007,-21.1734038,155.7863069,1.191452901,8.063951076,-78.58597234,nan,-21.7019362,-109.2729613,1.179138091,
4593209819,-10.06225471,-168.0274922,1.915321674,-21.27187119,156.1565059,1.189090713,7.962543591,-79.1147734,nan,-22.52582397,-109.1930461,1.161617204,
4605233667,-9.926165756,-169.2519521,1.936544123,-21.28910673,156.3039202,1.188680507,7.879807261,-79.42684136,nan,-23.28698349,-108.2412799,1.147060162,
4617257515,-9.802357769,-170.2697401,1.956418678,-21.28480142,156.8636259,1.188782882,7.772562525,-79.4468223,nan,-23.93688555,-107.6664009,1.135738752,
4629281362,-9.676636234,-171.3816751,1.977175684,-21.23369449,156.9489599,1.190002773,7.685854285,-79.43298333,nan,-24.38726804,-106.6546303,1.12843928,
4641305210,-9.541346486,-172.5533691,2.000186292,-21.13526021,157.5604011,1.192376553,7.60140494,-79.27373412,nan,-24.37572681,-105.000533,1.128621038,
4653329058,-9.442848495,-174.016063,2.017395504,-21.0266949,157.1475887,1.195032117,7.516723208,-79.0185331,nan,-23.96080206,-100.5830498,1.135340253,
4665352905,-9.372247277,-175.3498751,2.029974992,-20.96258589,157.6782815,1.196618979,7.432901777,-78.98441084,nan,-23.48200778,-94.92987826,1.14356064,
4677376753,-9.315359712,-176.9530836,2.040263061,-20.81525499,157.3649301,1.200319384,7.400519782,-78.92137195,nan,-22.80638987,-89.31233565,1.156079272,
4689400601,-9.297743941,-178.2723382,2.043476803,-20.83350384,157.1920598,1.199856947,7.398730144,-78.82769337,nan,-22.45654904,-84.86411157,1.163016831,
4701424448,-9.322569577,-179.4202377,2.038951557,-20.73703333,156.8255727,1.202314839,7.37670651,-78.75888653,nan,-21.87080311,-82.3246012,1.175386549,
4713448296,-9.356061238,179.4144294,2.032888285,-20.61454501,156.0673509,1.205483296,7.360282216,-78.52060272,nan,-21.21617526,-81.27989106,1.190422916,
4725472144,-9.360290666,178.6365577,2.032125974,-20.6657846,156.1856177,1.204151312,7.319967719,-78.3853318,nan,-20.58850168,-81.5742217,1.206163936,
4737495991,-9.388508012,177.8157444,2.027059331,-20.50111776,156.414374,1.208465786,7.291887593,-78.20162182,nan,-19.90208988,-80.92188573,1.225024787,
4749519839,-9.398562288,177.0652155,2.02526206,-20.49969437,156.4165684,1.208503513,7.260712927,-77.92662942,nan,-19.25817039,-81.30999417,1.244457184,
4761543687,-9.412876625,176.2662125,2.022710531,-20.32940827,157.048428,1.21307132,7.235565087,-77.69765653,nan,-18.83050467,-80.64530527,1.258388661,
4773567535,-9.445905266,175.7331372,2.016855513,-20.19410089,157.1623373,1.216779081,7.228316494,-77.21925115,nan,-18.31399286,-80.03447915,1.276407893,
4785591382,-9.461629865,175.395823,2.014083746,-20.14079171,157.4368495,1.218259282,7.210925985,-76.81207567,nan,-17.99852877,-79.73203191,1.288104025,
4797615230,-9.466092254,175.1047516,2.013299003,-20.03213912,157.3990909,1.221310666,7.213419118,-76.54784279,nan,-17.7535821,-79.49444403,1.297570395,
4809639078,-9.457901184,174.9864835,2.014740084,-20.01459684,156.5841608,1.221807704,7.267909783,-76.47223966,nan,-17.83048613,-80.32483569,1.294561043,
4821662925,-9.46710103,174.9479777,2.013121714,-19.97621058,156.5781809,1.222899617,7.382595146,-76.58990304,nan,-17.94032561,-81.86717024,1.290322243,
4833686773,-9.451200258,175.0135919,2.015921038,-19.87743896,156.0030152,1.225736507,7.549994627,-76.68794144,nan,-17.94149199,-84.5071642,1.290277602,
4845710621,-9.428070395,175.0319827,2.020011531,-19.79142091,155.7204388,1.228239509,7.740556992,-76.74178396,nan,-17.78389935,-87.78043737,1.296379917,
4857734468,-9.397829105,175.1169364,2.025392979,-19.71121016,155.4074839,1.230601117,7.920132906,-76.82084885,nan,-17.35976762,-89.54725107,1.31353639,
4869758316,-9.340720692,174.6510519,2.035659604,-19.68838509,154.8375416,1.231278063,8.082818264,-77.0888824,nan,-16.87417417,-90.66319885,1.334580068,
4881782164,-9.279072743,174.1389842,2.046897664,-19.66443038,154.6129734,1.231990871,8.219872006,-77.63791194,nan,-16.63163295,-90.70068361,1.345692009,
4893806012,-9.206811863,173.7060182,2.060280006,-19.55275069,153.9522632,1.235346242,8.30020996,-78.5485401,nan,-16.47758609,-90.03195033,1.352969322,
4905829859,-9.181675626,173.3148458,2.064989063,-19.52691267,153.6625747,1.236130151,8.372721864,-79.60140346,nan,-16.51090403,-90.45780877,1.351380552,
4917853707,-9.094053004,172.651132,2.081626619,-19.42630205,152.9670315,1.239210241,8.387363652,-80.92801941,nan,-16.67367338,-91.27368501,1.343736003,
4929877555,-9.097326295,171.7643589,2.08099881,-19.37641025,152.3048571,1.240754097,8.374637808,-82.37574068,nan,-16.91473154,-92.98440513,1.332762115,
4941901402,-9.133805305,170.9183569,2.074035413,-19.44836945,151.1358932,1.238530884,8.312665865,-83.99027385,nan,-17.04643189,-96.08008991,1.326936087,
4953925250,-9.155361072,169.9655134,2.069949113,-19.3795644,150.3354829,1.240656169,8.234167721,-85.37578679,nan,-17.12949977,-99.17848257,1.323321273,
4965949098,-9.222188819,169.0692054,2.05741308,-19.39426781,149.4302698,1.240200247,8.151101612,-86.78329688,nan,-17.01544636,-102.2257043,1.328296249,
4977972945,-9.332357261,168.1252054,2.037174686,-19.46148818,148.4026846,1.238128029,8.029535201,-87.80748504,nan,-17.09181825,-105.4279814,1.324955361,
4989996793,-9.415564228,167.4565712,2.022232413,-19.39579835,148.0608214,1.240152844,7.918429514,-88.34645741,nan,-17.12391432,-108.3761406,1.323562899,
5002020641,-9.528302895,166.7856051,2.002442789,-19.39567915,147.7165953,1.240156535,7.783009303,-88.566813,nan,-17.29780476,-110.8591784,1.316135886,
5014044488,-9.688357545,166.0765512,1.975215351,-19.33221818,146.8462342,1.242130799,7.658679024,-88.5459093,nan,-17.46083198,-113.1343899,1.309348387,
5026068336,-9.839355253,165.5424174,1.950421659,-19.22123813,146.0042033,1.245626753,7.566985854,-88.40066835,nan,-17.72559456,-115.9135865,1.298674188,
5038092184,-10.02829165,165.2017639,1.920558299,-19.17342236,144.945144,1.247150211,7.493567838,-87.93229816,nan,-17.9577645,-118.4708764,1.289655606,
5050116032,-10.20398168,164.9758479,1.893886594,-19.0750105,144.4031466,1.250318836,7.472445911,-87.26266831,nan,-18.30358708,-120.58406,1.276785085,
5062139879,-10.34448625,165.18225,1.873280356,-19.06910553,144.4813995,1.250510392,7.470931571,-86.67286325,nan,-18.61439131,-122.4816652,1.265763275,
5074163727,-10.45951389,165.4999086,1.856869566,-19.05526541,143.9070413,1.250960001,7.502816692,-85.90705094,nan,-18.94702124,-124.5126689,1.254507525,
5086187575,-10.56288258,165.8247451,1.8424626,-19.06405055,143.0308751,1.250674503,7.550984701,-85.57054972,nan,-19.04119696,-125.8159029,1.251417947,
5098211422,-10.61784745,166.2044084,1.83492973,-19.0874473,142.7665212,1.249915921,7.654374482,-85.27007731,nan,-19.35097516,-126.1802622,1.241545406,
5110235270,-10.64536011,166.5862532,1.831191898,-19.05091677,142.3619559,1.251101456,7.774600779,-85.3512142,nan,-19.5647613,-125.7650582,1.234982828,
5122259118,-10.67909027,166.8336051,1.826638845,-18.94984222,142.2968779,1.254414367,7.92321916,-85.52943905,nan,-19.75845151,-124.5925367,1.229206968,
5134282965,-10.64051158,167.0286023,1.831849039,-18.92374714,141.6521401,1.255277561,8.060226687,-85.8003645,nan,-19.82773185,-123.4775326,1.227179202,
5146306813,-10.63372378,167.0012763,1.832770146,-18.87708389,141.6484063,1.256829266,8.197354396,-86.17058784,nan,-20.0311701,-119.958828,1.221338091,
5158330661,-10.58323713,166.7170661,1.839662808,-18.93251828,141.599809,1.254987059,8.313653004,-86.59404515,nan,-20.28910014,-115.981567,1.214168536,
5170354509,-10.51766045,166.4761279,1.848726418,-18.80928725,140.3194814,1.25910248,8.426462849,-87.05383648,nan,-20.36463854,-110.3000531,1.212117373,
5182378356,-10.50691657,166.0171045,1.850223453,-18.72641774,140.2916213,1.261911605,8.517882119,-87.52754143,nan,-20.73177791,-103.9763319,1.202449682,
5194402204,-10.48569978,164.9604983,1.853189853,-18.70873991,139.4971692,1.262515238,8.597010467,-88.04162933,nan,-21.11731064,-100.264704,1.19281288,
5206426052,-10.50677047,164.0135632,1.850243834,-18.5967717,138.9301372,1.266374808,8.692321398,-88.55082146,nan,-21.33947581,-95.26473968,1.18748725,
5218449899,-10.55792188,162.6172302,1.843146784,-18.55844013,138.0611948,1.267710639,8.769102916,-89.04332795,nan,-21.45039204,-90.23484423,1.184888397,
5230473747,-10.68476207,161.3900379,1.825876408,-18.52747616,137.8426334,1.268795184,8.852400283,-89.6910348,nan,-21.64782509,-85.97412684,1.180358517,
5242497595,-10.85560236,159.9013785,1.803330313,-18.50767067,137.4528167,1.269491469,8.944307435,-90.27563853,nan,-21.64593822,-81.77649473,1.180401236,
5254521442,-11.02912015,158.3415564,1.781234967,-18.42535903,136.1364966,1.272406931,9.024434346,-90.92788118,nan,-21.73673333,-78.9695381,1.178357998,
5266545290,-11.25669077,157.2783192,1.753421862,-18.42056216,136.0015448,1.272577921,9.098729991,-91.49822733,nan,-21.67300227,-75.96014136,1.179789553,
5278569138,-11.62693873,156.1128704,1.710806925,-18.45776297,135.4512257,1.271254997,9.183123568,-92.1185943,nan,-21.57310471,-73.9861836,1.182058589,
5290592985,-11.94797032,155.0038136,1.676293521,-18.38076305,134.6430756,1.274001252,9.27496212,-92.85719814,nan,-21.5504325,-72.31307766,1.182577864,
5302616833,-12.30894185,154.5728162,1.63995499,-18.34974444,133.9868713,1.275116342,9.305897801,-93.70668442,nan,-21.54810233,-72.42587814,1.182631324,
5314640681,-12.6738814,154.5744388,1.605650523,-18.32224365,133.3148505,1.276109225,9.356582394,-94.31054864,nan,-21.3905389,-72.07750918,1.186285911,
5326664529,-12.96163132,155.9779663,1.580189797,-18.48246265,133.0766779,1.270380605,9.389419361,-94.93470421,nan,-21.63845496,-70.60907314,1.180570765,
5338688376,-13.44909367,156.3383001,1.539976745,-18.4073897,132.2618272,1.273048087,9.409870158,-95.69504239,nan,-21.25283597,-72.91457274,1.189544878,
5350712224,-13.74173059,158.1373769,1.517458898,-18.38146039,131.8054346,1.273976241,9.399386818,-96.24701511,nan,-20.88995292,-74.44545891,1.198433849,
5362736072,-13.9336477,160.0892562,1.503305199,-18.31130851,132.244525,1.276505141,9.394383448,-96.72397505,nan,-20.27565012,-76.02082636,1.214536033,
5374759919,-14.05317028,162.636576,1.494725438,-18.26632614,131.9541485,1.278140476,9.380333115,-97.08322587,nan,-19.63046092,-76.04536654,1.233005844,
5386783767,-14.05056281,165.0753386,1.494910731,-18.30905062,132.3762799,1.276586969,9.356938188,-97.32880533,nan,-19.01071554,-75.84560556,1.252413347,
5398807615,-14.06443823,167.2395552,1.493925665,-18.18130999,132.3835984,1.28126097,9.346634023,-97.55776328,nan,-18.40158088,-76.27071799,1.27325571,
5410831462,-13.99266465,169.5399979,1.49904663,-18.24263989,132.3441733,1.27900595,9.342484264,-97.65100841,nan,-17.85310282,-75.90422402,1.293682571,
5422855310,-13.92817011,171.0658271,1.503702661,-18.18977663,132.2350079,1.280948449,9.354493595,-97.71935972,nan,-17.35455087,-75.8374512,1.313754307,
5434879158,-13.8559547,172.5000969,1.508978158,-18.20718376,131.97745,1.280307139,9.378128187,-97.76085581,nan,-16.76733325,-76.18615612,1.339423754,
5446903006,-13.79209737,173.5294532,1.513698529,-18.1224047,131.2689798,1.283446133,9.433434205,-97.61997105,nan,-16.28424007,-77.13265983,1.362353915,
5458926853,-13.70621274,174.0689777,1.520130609,-18.13023928,131.0598454,1.283154402,9.500970148,-97.66455978,nan,-15.72749694,-77.34929832,1.391030108,
5470950701,-13.61176301,174.3498429,1.527316686,-18.09667355,130.0303486,1.284406644,9.620298545,-97.61211154,nan,-15.27203114,-78.13343649,1.416465514,
5482974549,-13.55856459,173.9918062,1.53141703,-18.06205869,129.4325643,1.285704551,9.772528441,-97.77781066,nan,-14.81550913,-78.59347435,1.443928515,
5494998396,-13.5788163,173.2350808,1.529851571,-18.09474298,128.2890088,1.284478857,9.932018584,-98.32996838,nan,-14.47069097,-79.401024,1.466096072,
5507022244,-13.63973245,172.3880824,1.525176244,-18.0578722,128.0469287,1.285861978,10.13457874,-98.83999793,nan,-14.03813171,-79.90807892,1.49579526,
5519046092,-13.76171947,171.1539661,1.515962577,-18.03713334,127.1846671,1.286643271,10.34421708,-99.83526002,nan,-13.77128273,-80.09456329,1.515248539,
5531069939,-13.98104028,169.858098,1.499881995,-18.05787339,126.5546191,1.285861933,10.54798395,-101.1852396,nan,-13.64052169,-80.41691665,1.525115997,
5543093787,-14.28592283,168.7027611,1.4785148,-18.07841288,125.7910389,1.285090511,10.72766983,-102.7835382,nan,-13.57196788,-80.44994067,1.53038033,
5555117635,-14.62753266,167.553323,1.455854182,-18.08706473,124.6340532,1.284766267,10.87050118,-104.6636794,nan,-13.70788433,-80.15850348,1.520004497,
5567141482,-15.01410165,167.1871229,1.431727634,-18.0630139,124.1348192,1.285668646,10.98131021,-106.6926712,nan,-13.8276191,-80.26061931,1.511066271,
5579165330,-15.49712532,167.350588,1.403661178,-18.04584341,123.3823438,1.286314845,11.05193734,-108.9105024,nan,-14.06102057,-80.38606994,1.494168079,
5591189178,-16.00800373,168.4634591,1.376265888,-18.08095077,122.4483538,1.284995356,11.04619108,-110.9967963,nan,-14.29015404,-80.2478267,1.478226032,
5603213026,-16.41002248,170.1519387,1.356216535,-17.98016289,121.8781437,1.288801911,11.00449922,-113.2099326,nan,-14.59530613,-80.92441128,1.457936619,
5615236873,-16.89730581,173.3171436,1.333541823,-18.04452775,121.1077569,1.286364426,10.92813585,-115.1377477,nan,-14.75375493,-82.08788561,1.447805168,
5627260721,-17.28803932,176.1214252,1.316547801,-17.95197648,120.3542716,1.289876674,10.79682963,-117.0949151,nan,-15.09896397,-85.50525621,1.426634735,
5639284569,-17.56237571,179.8048012,1.30520429,-17.90405455,119.5216435,1.291714322,10.64651264,-118.5647628,nan,-15.35086307,-87.27802148,1.411927854,
5651308416,-17.8206845,-175.9704228,1.294942677,-17.84224023,117.9800497,1.294104124,10.48281566,-119.6513467,nan,-15.62098302,-88.63561676,1.396812024,
5663332264,-17.57141013,-172.1770814,1.304838644,-17.9018445,117.7352827,1.291799386,10.32740129,-120.5556628,nan,-15.45440884,-90.58673415,1.406055277,
5675356112,-17.426214,-169.6624349,1.310775732,-17.87727395,117.1398717,1.292746987,10.18929801,-121.121742,nan,-15.29366125,-93.42644849,1.415214654,
5687379959,-17.24098171,-167.4914766,1.318541302,-17.87792332,116.134518,1.292721898,10.06264954,-121.4211709,nan,-14.99101442,-95.57359046,1.433125544,
5699403807,-16.96209087,-166.2355972,1.330653539,-17.8619448,115.0718853,1.293339937,9.94765233,-121.384595,nan,-14.60740048,-98.20882355,1.457153778,
5711427655,-16.7989455,-166.4747603,1.337982288,-17.82050477,114.8123088,1.29494968,9.87501192,-121.0355968,nan,-14.21099152,-100.4772939,1.483663313,
5723451503,-16.49595146,-166.8168453,1.352092547,-17.95192947,113.9851092,1.28987847,9.82234417,-120.5043375,nan,-13.73303748,-101.5771181,1.518111275,
5735475350,-16.31043977,-167.451814,1.361065553,-17.87207875,112.8956223,1.292947792,9.800704511,-119.7906951,nan,-13.39437074,-103.5408664,1.544318251,
5747499198,-16.18107218,-168.685985,1.367479001,-17.87837605,112.4202652,1.292704409,9.823369028,-118.8816642,nan,-12.94572719,-105.3745337,1.581562309,
5759523046,-16.16321577,-169.8589668,1.368374529,-17.88212782,111.8230088,1.292559515,9.921063388,-118.0962095,nan,-12.58439151,-106.7537585,1.613847831,
5771546893,-16.14517168,-171.6551996,1.369282032,-17.96552405,111.1839913,1.289359537,10.07661517,-117.5953283,nan,-12.17353767,-107.7307647,1.653293645,
5783570741,-16.21059139,-172.6662124,1.366004073,-17.92109586,110.6299207,1.291059344,10.29534849,-117.1934485,nan,-11.87010816,-108.8549445,1.684467311,
5795594589,-16.52377259,-174.1972142,1.350769115,-17.98892302,110.6049395,1.288468798,10.54764667,-117.31252,nan,-11.56555184,-109.0735818,1.717657282,
5807618436,-16.70173036,-175.7624692,1.342437663,-17.9367909,109.5883046,1.290457575,10.84052404,-118.0788549,nan,-11.5330416,-108.9432627,1.721319004,
5819642284,-17.09384526,-176.6688441,1.324867219,-18.00673313,109.2449876,1.287792882,11.1189338,-119.216464,nan,-11.46148915,-107.9490854,1.729461821,
5831666132,-17.62136096,-177.5090531,1.302825933,-18.00669134,108.6743821,1.287794466,11.36238662,-121.0431469,nan,-11.58057508,-106.752254,1.715973111,
5843689979,-18.10701113,-177.4420468,1.284020316,-17.99667781,108.0733005,1.288174274,11.56281657,-122.954188,nan,-11.74466189,-105.305359,1.697899036,
5855713827,-18.75839917,-175.6600071,1.260823488,-18.06153885,107.2690507,1.285724094,11.66875785,-125.2949904,nan,-11.99663713,-102.7489073,1.671246656,
5867737675,-19.34794745,-172.9489718,1.241639793,-18.01809688,106.4926163,1.287362545,11.70805537,-127.6461918,nan,-12.35692694,-100.21678,1.635309367,
5879761523,-19.77377184,-169.3891725,1.228756845,-17.96813413,105.9701181,1.289260024,11.70314393,-130.0167683,nan,-12.69429348,-97.89469312,1.603799711,
5891785370,-20.20034748,-164.1496056,1.216606358,-17.87319612,105.6070994,1.29290459,11.60291841,-132.2414395,nan,-12.96292844,-96.53687789,1.580078033,
5903809218,-20.67832625,-159.5401177,1.203826728,-17.84664059,104.1316877,1.293933274,11.47037104,-134.5361814,nan,-13.54554441,-96.81848166,1.532426447,
5915833066,-20.6385028,-152.3907921,1.204859329,-17.88833157,103.2404947,1.292320104,11.30361549,-136.2151396,nan,-13.98754816,-96.74826068,1.499414112,
5927856913,-20.52149698,-146.752557,1.207926458,-17.86473684,102.2934023,1.293231836,11.09325245,-137.7238275,nan,-14.38328299,-95.59805999,1.471922523,
5939880761,-20.0874592,-143.3182609,1.219751247,-17.88765125,101.4824723,1.292346348,10.88910594,-138.8091762,nan,-14.89540161,-97.37712879,1.438971895,
5951904609,-19.52021207,-139.961876,1.236333913,-17.94537918,100.4376908,1.290128882,10.67760847,-139.5576608,nan,-15.23733964,-100.3751778,1.418480946,
5963928456,-18.96234216,-140.556728,1.254002035,-17.98659841,100.5452757,1.288557151,10.45487552,-140.1315884,nan,-15.63702933,-106.562764,1.395934641,
5975952304,-18.67263961,-139.8267143,1.263752759,-17.98879738,99.9602997,1.288473572,10.2459267,-140.1956331,nan,-15.72124345,-111.9894338,1.391366845,
5987976152,-18.28340375,-139.0640925,1.277518345,-18.00809986,98.16774661,1.287741086,10.05664654,-140.1064052,nan,-15.82551116,-117.7534216,1.38579603,
6000000000,-17.87952879,-140.6642179,1.292659881,-18.05139199,97.85943099,1.286105848,9.900707315,-139.6151004,nan,-15.26377467,-123.7329657,1.416944146,
