Frequency,S11_Magnitude,S11_Phase,S12_Magnitude,S12_Phase,S21_Magnitude,S21_Phase,S22_Magnitude,S22_Phase,
1000000,-18.60201626,179.744735,-19.20245176,4.464740362,10.97211429,-179.0028582,-10.34382221,-178.918432,
12998000,-19.13482048,178.6389027,-19.004973,-1.423213567,10.90632975,179.5982059,-10.8658038,179.6709909,
24996000,-19.01031826,177.8654469,-19.02274676,-2.68976852,10.96210393,178.1620964,-10.87285264,179.492213,
36994000,-19.01808721,175.5215506,-19.04753465,-4.345100396,10.94472652,177.3595844,-10.83956965,179.7073892,
48992000,-19.04213508,174.3564074,-19.05748898,-5.338204341,10.93309717,176.0285665,-10.82820288,179.2777248,
60990000,-19.10303145,173.2617781,-19.0598394,-6.257870255,10.93103612,174.5019709,-10.83099339,178.927923,
72988000,-19.08912774,172.1043159,-19.07316129,-7.319397834,10.93427902,173.3527192,-10.83610853,178.6279395,
84986000,-19.12138276,170.821486,-19.07794668,-8.41460022,10.93636876,172.0992408,-10.83747729,178.3902527,
96984000,-19.13018995,169.6451191,-19.07689655,-9.507978427,10.93283722,170.9029593,-10.84094397,178.1493537,
108982000,-19.15027293,168.4982498,-19.08188724,-10.4876624,10.93340332,169.6912886,-10.85249539,177.9432078,
120980000,-19.16859453,167.3509206,-19.08909957,-11.5606274,10.93192186,168.4034581,-10.86998893,177.633408,
132978000,-19.16337864,166.2779211,-19.07654106,-12.48701273,10.93659337,167.1015089,-10.87657963,177.4216567,
144976000,-19.16129158,165.2764176,-19.08112004,-13.59541728,10.94187565,165.7741272,-10.88704372,177.0956598,
156974000,-19.16900889,163.9651333,-19.09023721,-14.68698993,10.94839893,164.6036683,-10.89958642,176.793335,
168972000,-19.17497915,162.714469,-19.09289543,-15.83765903,10.9522684,163.4630218,-10.91117381,176.4836073,
180970000,-19.19228352,161.5666118,-19.08893057,-16.98698765,10.95974383,162.2601353,-10.92183908,176.2000608,
192968000,-19.18960055,160.4016672,-19.08079141,-18.03411763,10.96584542,161.0334345,-10.92968896,175.8581662,
204966000,-19.20433049,159.2834949,-19.0895416,-19.14354029,10.9677821,159.8140572,-10.93663833,175.5425459,
216964000,-19.21065964,158.156164,-19.09340777,-20.18866194,10.9698506,158.5455634,-10.94782779,175.2658698,
228962000,-19.18416821,157.1218632,-19.08278172,-21.30272168,10.96646665,157.2838715,-10.95216862,174.9501761,
240960000,-19.19135808,156.1007553,-19.09862973,-22.27132833,10.96077601,156.0207298,-10.95906594,174.6244574,
252958000,-19.19018502,154.8948589,-19.09897442,-23.41289286,10.95216455,154.7377864,-10.97128814,174.3038219,
264956000,-19.17136567,153.7023353,-19.08800406,-24.50845525,10.94382207,153.4877508,-10.9763171,174.1023959,
276954000,-19.17457307,152.7450613,-19.10079585,-25.50656172,10.93059805,152.2780006,-10.98765671,173.8223896,
288952000,-19.14972379,151.5999972,-19.09934775,-26.61583898,10.91420257,151.0380709,-10.99827986,173.5218991,
300950000,-19.1469794,150.5189396,-19.10017829,-27.69474628,10.8984079,149.8441041,-11.00520592,173.2424288,
312948000,-19.14648269,149.3555012,-19.10388556,-28.78275136,10.87805742,148.6326795,-11.00957823,172.9683145,
324946000,-19.13785274,148.1570352,-19.09584777,-29.85306147,10.86933182,147.5181288,-11.01077583,172.708463,
336944000,-19.12012149,146.9733881,-19.09752306,-30.90125081,10.85847255,146.3501638,-11.01788054,172.3825534,
348942000,-19.12427232,145.8955049,-19.0962155,-31.97280059,10.85287454,145.2137473,-11.02937539,172.1677472,
360940000,-19.10642668,144.6672645,-19.10252247,-33.08039736,10.84845386,144.1072954,-11.02537272,171.9391505,
372938000,-19.10344198,143.3791341,-19.09785154,-34.04372203,10.84982018,142.9737085,-11.03908824,171.6656094,
384936000,-19.10328112,142.1602962,-19.09220444,-35.10081115,10.85734222,141.8591844,-11.04365153,171.3663784,
396934000,-19.08928206,140.9635716,-19.0942182,-36.14851507,10.86858991,140.7256413,-11.05950335,171.1315558,
408932000,-19.08830454,139.9896385,-19.08065523,-37.2869104,10.88504762,139.6262373,-11.07023147,170.8362013,
420930000,-19.08323321,138.7685211,-19.09125867,-38.32888726,10.89959427,138.4870862,-11.09159258,170.6181667,
432928000,-19.08026934,137.6073849,-19.08899382,-39.43399859,10.92052225,137.3100565,-11.1091704,170.4156993,
444926000,-19.08339603,136.5258248,-19.07181345,-40.47091616,10.94265063,136.1388917,-11.12411069,170.0778638,
456924000,-19.07427706,135.3673657,-19.08063823,-41.47944248,10.95888875,134.8942233,-11.1284399,169.7206265,
468922000,-19.06556966,134.1834679,-19.07711984,-42.57073571,10.97877815,133.6274401,-11.15521441,169.4325837,
480920000,-19.06584134,133.086456,-19.07743331,-43.58291297,10.99560955,132.3617015,-11.17024098,169.13096,
492918000,-19.05517033,131.8893862,-19.07527982,-44.83124298,11.01149116,131.0375621,-11.19144893,168.8852035,
504916000,-19.0571275,130.8417494,-19.07089911,-45.93490423,11.01794543,129.7033799,-11.21548993,168.65975,
516914000,-19.02751676,129.5826343,-19.06694173,-46.91791204,11.02077376,128.3462685,-11.23183147,168.3627115,
528912000,-19.0287259,128.5309849,-19.06236081,-47.91631702,11.01736682,126.9609254,-11.25370713,168.0294833,
540910000,-19.01379427,127.3081005,-19.05852527,-48.99076303,11.01293056,125.6628539,-11.27330943,167.7924847,
552908000,-19.00787854,126.1114163,-19.06694282,-50.10391664,11.00216148,124.2615706,-11.29040553,167.4803259,
564906000,-18.98646334,124.8602003,-19.05719968,-51.20099606,10.98642247,122.9753773,-11.30244619,167.191219,
576904000,-18.96235781,123.8055584,-19.06062112,-52.22305603,10.96628537,121.6636798,-11.30852428,166.9554114,
588902000,-18.96406476,122.615395,-19.04119727,-53.32972854,10.93959361,120.4620533,-11.33368472,166.7836921,
600900000,-18.92431112,121.3629252,-19.04290701,-54.39018279,10.91414247,119.2829095,-11.34906758,166.502952,
612898000,-18.90880785,120.1475055,-19.04410295,-55.44012999,10.8874281,118.09742,-11.36649998,166.305636,
624896000,-18.91107162,118.7870996,-19.03654322,-56.58461366,10.86987565,116.9939517,-11.37680905,166.0314496,
636894000,-18.91779344,117.4160918,-19.0374786,-57.67818298,10.85354816,115.9022123,-11.39106056,165.7106625,
648892000,-18.9086102,116.0549159,-19.02296253,-58.70038175,10.83661704,114.8548758,-11.40589193,165.4148752,
660890000,-18.90807942,114.8342169,-19.01844915,-59.81468952,10.83405171,113.7653172,-11.42332115,165.1922686,
672888000,-18.90755948,113.4241086,-19.00578799,-60.87524398,10.83309752,112.7111209,-11.4517277,164.8117884,
684886000,-18.90797021,112.1676244,-19.01814507,-61.9093954,10.84597464,111.6402447,-11.47602642,164.4628574,
696884000,-18.91573392,110.8691923,-19.00496238,-62.95303493,10.85136658,110.5563165,-11.48818932,164.2035515,
708882000,-18.90972521,109.4931619,-18.99668411,-63.984032,10.8814464,109.4775148,-11.51091775,163.9216465,
720880000,-18.91552671,108.2412218,-18.99492482,-65.02109997,10.90493886,108.366707,-11.54069718,163.7934399,
732878000,-18.92074337,106.9997589,-19.00432848,-66.14542649,10.9349484,107.2561468,-11.56500208,163.4874204,
744876000,-18.92252594,105.8276208,-18.99571417,-67.18341087,10.95970821,106.1078831,-11.59416229,163.3264827,
756874000,-18.93226623,104.5974532,-18.98766184,-68.28054842,10.99554861,104.9076478,-11.62675635,163.103817,
768872000,-18.94596772,103.3272066,-18.9680056,-69.31298427,11.02333086,103.6644511,-11.65246313,162.8635355,
780870000,-18.93319002,102.1556524,-18.96474395,-70.51706531,11.05287401,102.3742671,-11.68337846,162.5979655,
792868000,-18.95311255,100.806588,-18.96445103,-71.58232654,11.07825588,101.0380425,-11.7148916,162.264186,
804866000,-18.94137835,99.57863879,-18.95789915,-72.60953777,11.09861603,99.65607065,-11.74480804,161.9829992,
816864000,-18.93412683,98.30308139,-18.95318838,-73.70870596,11.10924615,98.24637955,-11.78015462,161.7462303,
828862000,-18.91102422,96.98835834,-18.96273824,-74.78756717,11.11783752,96.7828916,-11.80535228,161.4392442,
840860000,-18.89290429,95.67008669,-18.95421575,-75.84953291,11.10832746,95.32056054,-11.83181985,161.2048911,
852858000,-18.87677102,94.37102773,-18.95036331,-76.89844925,11.11124779,93.93679514,-11.85863726,160.8625434,
864856000,-18.84546135,93.12511717,-18.93951088,-78.10721878,11.09759986,92.52508618,-11.87903431,160.6395931,
876854000,-18.8194555,91.86060427,-18.92622248,-79.14725416,11.08455611,91.19857352,-11.90129989,160.3926739,
888852000,-18.79012011,90.63040503,-18.9339196,-80.33340103,11.06319231,89.84661014,-11.92261625,160.0801573,
900850000,-18.74088731,89.49216761,-18.92875951,-81.36385011,11.03703619,88.65247128,-11.92873599,159.8181628,
912848000,-18.72160454,88.18944223,-18.92333527,-82.51126664,11.00720484,87.42997154,-11.94179249,159.507216,
924846000,-18.72542922,86.83514851,-18.92276716,-83.62132121,10.96946119,86.24678144,-11.94802172,159.2425388,
936844000,-18.73658667,85.27670474,-18.89717637,-84.72199876,10.93882038,85.15857125,-11.97842597,158.9221474,
948842000,-18.73702522,84.04433819,-18.90674293,-85.87020574,10.90755263,84.0826553,-12.01122102,158.5968048,
960840000,-18.71904736,82.70806699,-18.88904647,-86.93506673,10.89010543,83.0145936,-12.04416518,158.3759261,
972838000,-18.71655612,81.30352475,-18.89238371,-88.08085025,10.87236839,81.95014322,-12.08380924,158.0924639,
984836000,-18.72671513,79.87466468,-18.8847655,-89.1177964,10.86508709,80.90797168,-12.11529953,158.0118968,
996834000,-18.75150735,78.40915659,-18.87938805,-90.21604103,10.86794603,79.95071314,-12.16083447,157.817226,
1008832000,-18.78039701,76.95901424,-18.87838625,-91.26831722,10.88514875,78.90257121,-12.19886668,157.5434279,
1020830000,-18.78606048,75.63239729,-18.87205838,-92.38102046,10.9099949,77.92398423,-12.21959527,157.3228495,
1032828000,-18.7897256,74.43361665,-18.87261907,-93.49254732,10.93931139,76.91159898,-12.25343602,156.9571444,
1044826000,-18.79560437,73.00270632,-18.86268503,-94.47070475,10.9736294,75.87251872,-12.29564549,156.5418967,
1056824000,-18.80860977,71.61781561,-18.84564083,-95.68815542,11.01643828,74.7314978,-12.3263717,156.331516,
1068822000,-18.84829944,70.20293088,-18.85742281,-96.66953433,11.05360959,73.61646379,-12.3725258,156.1436201,
1080820000,-18.86207697,69.00238403,-18.8482245,-97.85107788,11.0828784,72.4566977,-12.41000079,155.9371387,
1092818000,-18.87108571,67.79613597,-18.83381752,-98.93599332,11.12594441,71.17179626,-12.43695135,155.8152466,
1104816000,-18.85099722,66.51735461,-18.83224456,-100.1126472,11.16299903,69.82125516,-12.46004081,155.6813373,
1116814000,-18.86319577,65.22542872,-18.83033363,-101.1849321,11.19273644,68.4264049,-12.4991215,155.4264142,
1128812000,-18.86444799,64.02847876,-18.81722592,-102.2642963,11.21747268,66.9967592,-12.53675491,155.1779853,
1140810000,-18.86689415,62.72206557,-18.80349487,-103.3136034,11.24151362,65.53098838,-12.57604095,154.8874932,
1152808000,-18.84280952,61.36413059,-18.79580174,-104.4181574,11.2496459,64.00979527,-12.6188156,154.4450833,
1164806000,-18.81632887,59.939292,-18.80439277,-105.4342583,11.25517933,62.45912917,-12.63577128,154.2062151,
1176804000,-18.78637869,58.5789536,-18.79907499,-106.62298,11.25818615,60.9969511,-12.65690281,153.8722548,
1188802000,-18.74753215,56.99219436,-18.7825517,-107.6925211,11.24454333,59.47399841,-12.67720191,153.5058655,
1200800000,-18.72319295,55.31743546,-18.78137484,-108.7994803,11.22155809,57.98981732,-12.70240398,153.1499127,
1212798000,-18.71694502,53.76092153,-18.79127039,-109.9225023,11.18930828,56.64515337,-12.71579778,152.84938,
1224796000,-18.73546943,52.20992506,-18.76998066,-111.0411365,11.14592532,55.37341118,-12.73783541,152.692073,
1236794000,-18.75507656,50.66671573,-18.75467783,-112.1533024,11.09228958,54.07332585,-12.75383813,152.4203242,
1248792000,-18.79904271,49.10115579,-18.75886577,-113.2989527,11.03938594,52.89584572,-12.77842998,152.1138196,
1260790000,-18.81204997,47.55189433,-18.75471781,-114.2383444,10.98561457,51.75107968,-12.827735,151.8960101,
1272788000,-18.84392052,45.90030961,-18.74597331,-115.3981406,10.94558442,50.64694637,-12.86868836,151.7752351,
1284786000,-18.87550782,44.35774381,-18.73449852,-116.48983,10.91069112,49.64915615,-12.90577569,151.3331324,
1296784000,-18.87629117,42.84299572,-18.74004606,-117.5504724,10.89347517,48.66877761,-12.94942093,151.0939601,
1308782000,-18.88534007,41.52042155,-18.73092488,-118.7008722,10.87704091,47.77255491,-13.01792696,150.741959,
1320780000,-18.89303527,39.95277091,-18.71710014,-119.7258532,10.88111188,46.84098132,-13.05794741,150.4624418,
1332778000,-18.89363553,38.57169627,-18.72571516,-120.8999853,10.89520073,45.97478223,-13.09549009,150.1633911,
1344776000,-18.92415344,37.20312082,-18.6960355,-121.975417,10.92561345,45.0604394,-13.14337614,149.988153,
1356774000,-18.94371973,35.99994137,-18.6867344,-123.1643131,10.96709571,44.13857984,-13.18970345,149.7511823,
1368772000,-18.94192225,34.56319549,-18.70815466,-124.2109242,11.01692723,43.12428066,-13.23920959,149.49946,
1380770000,-18.93783296,33.24540214,-18.70851482,-125.3997663,11.07547358,42.11874345,-13.28846651,149.2303295,
1392768000,-18.94305937,31.90190054,-18.6827598,-126.5853391,11.13389167,41.04473051,-13.31504558,149.0060911,
1404766000,-18.94572611,30.63629258,-18.67702331,-127.6380708,11.18624732,39.85343251,-13.36112095,148.86601,
1416764000,-18.93246459,29.2770272,-18.69337417,-128.8022623,11.23489308,38.55536263,-13.40092495,148.5819708,
1428762000,-18.91680129,28.02789756,-18.66738058,-129.8867901,11.27433342,37.24239925,-13.45150762,148.4749075,
1440760000,-18.92395877,26.92757062,-18.63580173,-131.0370005,11.31935445,35.7094316,-13.49258118,148.2161662,
1452758000,-18.89221886,25.60004719,-18.65186565,-132.1371291,11.36005031,34.21801823,-13.53335243,147.8793442,
1464756000,-18.86322485,24.31303611,-18.63409465,-133.2690305,11.38792051,32.54201437,-13.55716215,147.4912848,
1476754000,-18.83860031,22.87592131,-18.64507311,-134.4167928,11.40423833,30.85115408,-13.57225483,147.1257542,
1488752000,-18.79366233,21.45450378,-18.62670057,-135.5936014,11.42647629,29.2562273,-13.58912714,146.7199943,
1500750000,-18.79073216,20.06525715,-18.6077226,-136.6655038,11.42265536,27.60029268,-13.58234101,146.2812018,
1512748000,-18.75109994,18.42701518,-18.61116723,-137.8206792,11.38543173,25.96000463,-13.62977252,145.8835861,
1524746000,-18.73918247,16.86502703,-18.60363284,-138.9510694,11.3436087,24.3928903,-13.65457521,145.4123388,
1536744000,-18.76344877,15.22763043,-18.59080754,-140.05853,11.28743773,22.93807565,-13.67168628,145.0383389,
1548742000,-18.78881242,13.55266282,-18.57900426,-141.2736291,11.2144163,21.59527361,-13.70033978,144.6639275,
1560740000,-18.8243554,12.13990624,-18.57216335,-142.3765552,11.13576678,20.38905214,-13.74173012,144.3031921,
1572738000,-18.87526361,10.44026481,-18.57529128,-143.5605542,11.05682303,19.25324787,-13.80369816,144.0810789,
1584736000,-18.90393409,8.879963082,-18.56723432,-144.6137938,10.9798009,18.27698517,-13.86952372,144.0810984,
1596734000,-18.94580445,7.200002613,-18.54702635,-145.8004015,10.91245259,17.39473876,-13.94798376,144.1453212,
1608732000,-18.98774664,5.555031383,-18.54615216,-146.9914548,10.86210188,16.57957859,-14.04492376,143.940483,
1620730000,-19.01687835,4.030928438,-18.52198598,-148.0839156,10.83815433,15.72794959,-14.10452009,143.7536408,
1632728000,-19.02824605,2.481377126,-18.52821635,-149.1151681,10.83757593,14.98903647,-14.17533941,143.5340287,
1644726000,-19.06610383,1.159409442,-18.5249475,-150.3138303,10.8596895,14.28610408,-14.23797049,143.316408,
1656724000,-19.10556363,-0.133181797,-18.52128026,-151.4385725,10.90416155,13.50914843,-14.30012832,142.9339859,
1668722000,-19.11437687,-1.339380001,-18.51224747,-152.6001085,10.95637941,12.67269812,-14.2980478,142.7799639,
1680720000,-19.0984409,-2.500834916,-18.52069662,-153.7529737,11.03449613,11.82248085,-14.32403371,142.6733724,
1692718000,-19.10138943,-3.949283766,-18.52660469,-154.9334826,11.10401049,10.95825474,-14.35153243,142.7152029,
1704716000,-19.09362679,-5.356167597,-18.51265936,-156.0442223,11.17900906,9.924433293,-14.36676867,142.6918015,
1716714000,-19.07902334,-6.849884425,-18.50858013,-157.2614872,11.24764512,8.84552662,-14.40972907,142.7913413,
1728712000,-19.07906419,-8.264071931,-18.49581525,-158.4057958,11.32530275,7.608940215,-14.46512939,142.4079208,
1740710000,-19.09167425,-10.0315614,-18.50452723,-159.5560734,11.3892326,6.186758286,-14.51564918,141.9512242,
1752708000,-19.10462899,-11.55055927,-18.52257875,-160.6960339,11.45191154,4.619461101,-14.54881015,141.5375598,
1764706000,-19.01704623,-13.07969895,-18.49906916,-162.0002902,11.50262174,2.842354985,-14.6001646,140.673875,
1776704000,-19.00063208,-14.76021288,-18.49970025,-163.1381566,11.546892,1.020752784,-14.61836582,139.9239025,
1788702000,-18.97373278,-16.48514894,-18.50253578,-164.282412,11.57611765,-0.8566469568,-14.65791251,139.1557227,
1800700000,-18.92413239,-18.62476971,-18.4899767,-165.4274425,11.59300209,-2.915030748,-14.67566221,138.3379036,
1812698000,-18.96480475,-20.35885575,-18.51753039,-166.6815921,11.55980258,-4.704392588,-14.70972716,137.711482,
1824696000,-18.95430821,-21.82480336,-18.50023835,-167.847658,11.50992411,-6.456055345,-14.75025425,137.1463036,
1836694000,-18.95873535,-23.54153958,-18.48488344,-168.995954,11.44336358,-8.059565407,-14.80155894,136.590599,
1848692000,-18.98116366,-24.97662505,-18.48960238,-170.184302,11.35982836,-9.640412654,-14.86835188,136.3036916,
1860690000,-18.97114491,-26.27693737,-18.49330761,-171.2154228,11.26545557,-10.85398608,-14.94952193,136.3358423,
1872688000,-18.99562075,-27.49524487,-18.4882365,-172.3753378,11.17485284,-12.01885334,-15.01498692,136.2937813,
1884686000,-19.02699362,-28.66198098,-18.50177242,-173.5627133,11.06452857,-13.02602061,-15.08866016,136.5151044,
1896684000,-19.03271132,-29.99024013,-18.49998749,-174.7044897,10.97016391,-13.93116016,-15.15401531,136.8348569,
1908682000,-19.02038569,-31.27889667,-18.51733456,-175.8515379,10.89984951,-14.81435222,-15.23619009,136.9964645,
1920680000,-19.03206223,-32.79168643,-18.51189868,-176.9290194,10.84873487,-15.55115192,-15.28969339,136.9808141,
1932678000,-19.0329975,-33.99068572,-18.52890895,-178.1554381,10.82174432,-16.21841124,-15.33559944,136.9692597,
1944676000,-19.04682716,-35.40241674,-18.53397562,-179.2485195,10.8242387,-16.86743243,-15.36084764,136.8984288,
1956674000,-19.04795932,-36.59290732,-18.5244271,179.584422,10.8537957,-17.48173225,-15.34440602,136.6324201,
1968672000,-19.03098497,-37.88905675,-18.54837382,178.3922108,10.90550792,-18.1695257,-15.36443103,136.3664841,
1980670000,-18.99506249,-39.26572917,-18.5634687,177.2989796,10.98390482,-18.86579525,-15.36248443,135.9308417,
1992668000,-18.96774856,-40.73397312,-18.56040545,176.2053743,11.07787572,-19.6888793,-15.36598255,135.3802957,
2004666000,-18.95271695,-42.23974207,-18.557642,174.9448417,11.18818078,-20.60497923,-15.37724868,134.9951531,
2016664000,-18.94740122,-43.97370869,-18.56850423,173.8941928,11.28968703,-21.73000645,-15.40528753,134.7005898,
2028662000,-18.94385609,-45.47132614,-18.5656932,172.7450172,11.39655895,-22.93847086,-15.47446607,133.9519025,
2040660000,-18.93715735,-47.37393466,-18.5806154,171.5921832,11.48472996,-24.23822779,-15.52486625,133.0995074,
2052658000,-18.97668908,-49.27616445,-18.59383901,170.4510602,11.56106949,-25.81397094,-15.58448319,132.1146695,
2064656000,-18.99360801,-50.90266118,-18.6076587,169.3353108,11.6204675,-27.58571043,-15.66832722,131.4061806,
2076654000,-19.03769177,-52.77532837,-18.62052597,168.2450898,11.66319617,-29.44462235,-15.75430823,130.8098124,
2088652000,-19.08257768,-54.38627116,-18.64183514,167.1115052,11.68777031,-31.42683682,-15.85438142,130.2436095,
2100650000,-19.14564963,-55.81620007,-18.64545164,166.0000024,11.69511174,-33.34610496,-15.92311851,129.7096761,
2112648000,-19.1951907,-57.43085876,-18.64258308,164.8510867,11.68130041,-35.26456961,-16.02662562,129.3233004,
2124646000,-19.23778364,-58.88490141,-18.66138355,163.760669,11.63995957,-37.10958822,-16.16339643,129.1573708,
2136644000,-19.28120246,-60.12344841,-18.67030185,162.6078844,11.57907361,-38.83928191,-16.3114071,128.8872526,
2148642000,-19.29925579,-61.56025643,-18.66288921,161.5224469,11.4955143,-40.44698156,-16.43069365,128.5760177,
2160640000,-19.29212233,-62.71058493,-18.69772559,160.4967326,11.41661645,-41.81741422,-16.45003852,128.3331832,
2172638000,-19.27291933,-64.18282943,-18.68676767,159.3344133,11.31246529,-42.99732837,-16.42535595,128.2663075,
2184636000,-19.25538782,-65.30447713,-18.69992308,158.249537,11.19718633,-44.0991575,-16.35838808,128.6149381,
2196634000,-19.22041686,-66.86211749,-18.69236582,157.3082069,11.09859647,-44.94690649,-16.31140481,128.7397064,
2208632000,-19.18382183,-68.19713346,-18.71091175,156.2129394,11.01439658,-45.72238996,-16.27253573,128.8140135,
2220630000,-19.16311171,-69.57924703,-18.71656252,155.1680802,10.93442101,-46.39076022,-16.23516704,128.7577523,
2232628000,-19.11758123,-71.25905061,-18.71060343,154.0762134,10.88269724,-47.08980806,-16.19856694,128.5698519,
2244626000,-19.09723892,-72.81967074,-18.72653569,153.049965,10.88004374,-47.68916055,-16.19709254,128.2894574,
2256624000,-19.09051647,-74.51669027,-18.72225118,151.9770126,10.89478869,-48.27186232,-16.19571157,127.7409831,
2268622000,-19.08663758,-76.38666423,-18.7306867,151.0321944,10.95500062,-48.89737111,-16.26396465,126.9997307,
2280620000,-19.06851492,-78.17299796,-18.72991267,149.929544,11.03002634,-49.57850617,-16.34288444,126.003285,
2292618000,-19.07341963,-80.00480072,-18.7456978,148.9247961,11.12647518,-50.41884658,-16.40856486,124.8396316,
2304616000,-19.09412614,-81.58551166,-18.74489807,147.8528932,11.23029891,-51.41013383,-16.46584584,124.0230312,
2316614000,-19.13208431,-83.42122416,-18.76875815,146.8748394,11.34384126,-52.46797643,-16.57460884,123.4516648,
2328612000,-19.17906263,-84.99037548,-18.76793888,145.7802119,11.44624349,-53.69262263,-16.71188859,122.6257145,
2340610000,-19.23365497,-86.48519732,-18.75594501,144.8315634,11.54978856,-55.10638368,-16.83151616,121.7008918,
2352608000,-19.31488677,-88.134092,-18.77849683,143.7886754,11.62070148,-56.64128137,-16.93984242,121.2198341,
2364606000,-19.35527633,-89.31094103,-18.76312587,142.7241347,11.67896667,-58.35439684,-17.08495906,120.622782,
2376604000,-19.43170512,-90.56626673,-18.7715843,141.7751393,11.72497124,-60.23110907,-17.21999284,120.2132652,
2388602000,-19.49081337,-91.86466966,-18.76675949,140.7080071,11.74694646,-62.05800238,-17.32090342,119.8690799,
2400600000,-19.54345073,-93.03809273,-18.77836777,139.7862959,11.7424635,-63.9188407,-17.35987796,119.4660626,
2412598000,-19.53838921,-94.04283807,-18.77483459,138.6708514,11.72411488,-65.74376633,-17.36877455,119.4600671,
2424596000,-19.50899793,-94.77711126,-18.78654778,137.5937532,11.66690078,-67.51729134,-17.33352752,119.5881508,
2436594000,-19.46753578,-95.50535586,-18.78027041,136.5067035,11.60662511,-69.29588801,-17.35650251,119.6003682,
2448592000,-19.42544005,-96.70530756,-18.78557603,135.4859792,11.5316258,-70.90869552,-17.36647446,119.1506069,
2460590000,-19.34084004,-98.19319965,-18.77290391,134.509664,11.43449374,-72.37860788,-17.27638706,118.4708245,
2472588000,-19.26997009,-99.73112422,-18.76892482,133.5712884,11.34238455,-73.56206266,-17.16400412,118.0180623,
2484586000,-19.24332457,-101.6030154,-18.74576787,132.4389996,11.24929579,-74.59642066,-17.09334478,117.6797688,
2496584000,-19.20385738,-103.3952212,-18.75046993,131.5084935,11.16115243,-75.43670053,-17.07536817,117.1074968,
2508582000,-19.19793217,-105.6459836,-18.72977771,130.5850732,11.08459245,-76.15523861,-17.11478702,115.960188,
2520580000,-19.17928736,-107.4189169,-18.73348046,129.4813915,11.03477054,-76.78754608,-17.08361039,114.6819368,
2532578000,-19.22083918,-109.1587046,-18.72053625,128.5064942,11.01896011,-77.37553094,-17.08598569,113.6222497,
2544576000,-19.30310352,-110.968612,-18.70789843,127.4738609,11.03294124,-77.94261902,-17.13707485,112.6801684,
2556574000,-19.40373582,-112.8171491,-18.66884636,126.3742045,11.07195645,-78.525441,-17.25588228,111.6012473,
2568572000,-19.44863996,-114.6617835,-18.67042361,125.4908017,11.13333381,-79.16980449,-17.35389283,110.4330344,
2580570000,-19.53353316,-116.3216619,-18.64419887,124.2817028,11.20779639,-80.04252075,-17.44828931,109.8058232,
2592568000,-19.60350581,-118.1153316,-18.62300406,123.3112692,11.2961471,-80.9983936,-17.54416139,109.3547402,
2604566000,-19.64850758,-119.3778762,-18.59906746,122.2375175,11.38469187,-82.09795389,-17.71092191,109.4821602,
2616564000,-19.79837509,-121.3181615,-18.58519307,121.3796978,11.48783098,-83.32149132,-17.86759341,108.5613065,
2628562000,-19.80835877,-122.7552911,-18.57388111,120.2262461,11.60330229,-84.73759771,-18.05031884,108.2110919,
2640560000,-19.87881432,-124.1925437,-18.56005512,119.2054896,11.6688456,-86.23367385,-18.14534785,107.5860799,
2652558000,-19.92921915,-125.4648432,-18.54709854,118.2074358,11.73718917,-87.8912403,-18.24400576,106.9904498,
2664556000,-19.92962312,-126.756932,-18.52903938,117.1623225,11.78354559,-89.56560661,-18.27424766,106.3288063,
2676554000,-19.91956246,-128.0828997,-18.52182703,116.0631227,11.81648504,-91.38791437,-18.2574948,105.5461769,
2688552000,-19.881239,-129.2474883,-18.50205253,114.9891456,11.82850927,-93.15465669,-18.22385744,104.8448015,
2700550000,-19.86158967,-130.7579695,-18.48793814,113.9084139,11.8122607,-94.92403548,-18.15145115,104.2653797,
2712548000,-19.81916965,-132.0808403,-18.46394596,112.8728818,11.77375206,-96.67419697,-18.07247508,103.6452431,
2724546000,-19.76612847,-133.8179448,-18.43885052,111.8277733,11.719137,-98.28964776,-18.0002393,102.8376865,
2736544000,-19.72708677,-135.5874375,-18.42896631,110.7879131,11.64203739,-99.83323136,-17.95214343,101.750931,
2748542000,-19.73960689,-137.6290408,-18.40656898,109.6170071,11.56208509,-101.2864346,-17.88486262,100.5571608,
2760540000,-19.73034316,-139.663344,-18.38466205,108.6496345,11.47083123,-102.5351164,-17.86446481,99.00954951,
2772538000,-19.75982727,-141.8853141,-18.34980056,107.4869139,11.39839011,-103.5999646,-17.83874851,97.66908783,
2784536000,-19.79624537,-144.1175323,-18.32963476,106.4469966,11.33357922,-104.502255,-17.86529078,96.17191905,
2796534000,-19.87620631,-146.0708593,-18.31834984,105.2211129,11.29019973,-105.270775,-17.90974699,94.80354328,
2808532000,-19.95550523,-148.2683887,-18.28900796,104.115702,11.27148712,-105.8734871,-18.00704114,93.66191492,
2820530000,-20.06096215,-150.3045543,-18.2569632,103.1580114,11.25595903,-106.5370735,-18.11123132,92.40538693,
2832528000,-20.15919781,-151.8457662,-18.24443182,101.775141,11.27995463,-107.277895,-18.21761467,91.2575073,
2844526000,-20.26795724,-153.3542087,-18.22189044,100.6538259,11.31204813,-108.0366877,-18.29777409,90.18508473,
2856524000,-20.33604011,-154.9091707,-18.17811435,99.54217448,11.37676762,-108.8403024,-18.39102837,89.37368545,
2868522000,-20.45604623,-156.2321577,-18.16980255,98.35609211,11.4425074,-109.7916043,-18.42235412,88.85292995,
2880520000,-20.53268821,-157.4864437,-18.14065595,97.15323014,11.5231337,-110.7901036,-18.49363156,88.402307,
2892518000,-20.6134003,-158.8409733,-18.1183644,96.07161016,11.60591779,-111.9514354,-18.55035237,87.99324565,
2904516000,-20.65594464,-160.3897522,-18.10471533,94.86986409,11.68645563,-113.2529731,-18.59370951,87.41156722,
2916514000,-20.65060814,-161.8026616,-18.08985261,93.69335799,11.76717046,-114.6823017,-18.63648753,86.74497354,
2928512000,-20.65988008,-163.3316494,-18.06766539,92.63453181,11.83360015,-116.3171625,-18.65993846,85.65674949,
2940510000,-20.6594556,-164.9524959,-18.04714214,91.42243733,11.88700844,-117.9572334,-18.63934849,84.54122916,
2952508000,-20.62293189,-166.7796841,-18.02582264,90.15500708,11.92279582,-119.6865993,-18.57034294,83.11140148,
2964506000,-20.61375907,-168.706052,-18.01166428,89.0619841,11.93723669,-121.4208702,-18.56674857,81.80038138,
2976504000,-20.66037335,-170.9700316,-18.00075722,87.8310578,11.92267857,-123.2525556,-18.52005656,80.11608297,
2988502000,-20.67735335,-173.2005147,-17.97895721,86.6694276,11.90654008,-124.9225977,-18.49021304,78.44685481,
3000500000,-20.75234721,-175.2753041,-17.95441834,85.4661022,11.83168877,-126.3831434,-18.43701908,76.80427908,
3012498000,-20.79967213,-177.7349679,-17.9400026,84.15128647,11.79990068,-127.9132434,-18.4100557,75.03056017,
3024496000,-20.85576952,-179.9560309,-17.91266865,82.90842038,11.73269963,-129.2663809,-18.3838967,73.51027414,
3036494000,-20.99744179,177.7397491,-17.91532527,81.66519281,11.67135957,-130.4765281,-18.40110575,71.74188581,
3048492000,-21.09665092,175.539355,-17.90153242,80.51485855,11.60905472,-131.45265,-18.48138364,69.97786694,
3060490000,-21.26645723,173.4195711,-17.9083794,79.24964189,11.55025513,-132.570746,-18.52918615,68.34110165,
3072488000,-21.43572594,171.2005132,-17.88455179,77.97258805,11.5260061,-133.4044571,-18.56648588,66.69940054,
3084486000,-21.58438552,169.1782896,-17.86307451,76.86043388,11.50698596,-134.2501665,-18.60724158,65.4642324,
3096484000,-21.72725601,167.3546892,-17.85842768,75.5350551,11.51366753,-135.0291714,-18.61371812,64.17723292,
3108482000,-21.86197271,165.5562608,-17.85693022,74.25087441,11.53855834,-135.8458748,-18.59770874,63.14603683,
3120480000,-22.01844452,163.787991,-17.83047015,73.05700153,11.57858195,-136.7356753,-18.61038196,62.22804829,
3132478000,-22.09330991,162.0158251,-17.82870977,71.90039743,11.63569714,-137.7319705,-18.61779176,61.33211399,
3144476000,-22.18814719,160.6049619,-17.81459491,70.63204569,11.70421012,-138.772652,-18.63609362,60.2956252,
3156474000,-22.27809926,158.9481249,-17.81514104,69.53433414,11.79343163,-139.8302787,-18.6419355,59.50064193,
3168472000,-22.29798411,157.0684038,-17.8211414,68.10074507,11.8541912,-141.2284236,-18.64014366,57.93150993,
3180470000,-22.36346473,154.9913088,-17.81828948,66.99615676,11.93113286,-142.5654581,-18.63319826,56.68425703,
3192468000,-22.43034991,152.7561219,-17.80704268,65.77177371,11.99353576,-144.1324362,-18.59569448,55.2043816,
3204466000,-22.50602423,150.488257,-17.80798416,64.62334066,12.03675309,-145.7118386,-18.57671491,53.50794738,
3216464000,-22.61603593,148.0005978,-17.8118603,63.33855916,12.0810616,-147.4797148,-18.49818814,51.1532048,
3228462000,-22.71142446,145.2391029,-17.80536015,62.11930827,12.0844127,-149.1987875,-18.45004842,49.02920254,
3240460000,-22.85247647,142.0248952,-17.823116,60.9225289,12.07397839,-150.9440631,-18.41440838,46.70674201,
3252458000,-22.94086928,139.379849,-17.81215357,59.67210022,12.05713028,-152.635334,-18.35378982,44.68543867,
3264456000,-23.14556926,136.363339,-17.8306901,58.42236991,12.01734208,-154.3042273,-18.32505833,42.65048678,
3276454000,-23.32920782,133.6731564,-17.81764319,57.2534058,11.97068491,-155.7853236,-18.34054222,40.89763846,
3288452000,-23.50189338,130.9181305,-17.81353621,56.15143218,11.91308997,-157.1526733,-18.3824743,39.2224253,
3300450000,-23.75175497,128.8172716,-17.84053194,54.93765715,11.85562097,-158.3929422,-18.37226512,37.59496553,
3312448000,-23.91554988,126.252606,-17.84127709,53.770153,11.79853253,-159.520856,-18.41675977,35.58727151,
3324446000,-24.1905659,124.0335312,-17.8336584,52.55636594,11.75011634,-160.4984643,-18.43451569,33.98147008,
3336444000,-24.30853993,121.732019,-17.84143507,51.44074982,11.7244869,-161.4935752,-18.39400862,32.89711127,
3348442000,-24.5267388,119.3691764,-17.84899193,50.20088429,11.7215608,-162.357209,-18.38563981,31.70691752,
3360440000,-24.75489349,117.6698306,-17.84779747,48.89188353,11.7145541,-163.2000091,-18.43833495,30.29717891,
3372438000,-24.82012539,115.5886258,-17.85552858,47.97862151,11.74246591,-164.0444778,-18.45997719,28.79146623,
3384436000,-24.98273263,113.064839,-17.85701918,46.66324353,11.77952478,-164.9779939,-18.39358846,26.74395512,
3396434000,-25.19979016,110.5417994,-17.85195911,45.47152809,11.83031873,-166.0118382,-18.3044308,25.36762929,
3408432000,-25.26547798,107.1855642,-17.84454371,44.30420239,11.90384926,-167.1049874,-18.19047293,23.93767307,
3420430000,-25.42400414,103.8814745,-17.85534196,43.33591885,11.97955571,-168.3280939,-18.10715329,22.64540424,
3432428000,-25.58312448,100.590085,-17.8696548,41.973879,12.04596141,-169.7260917,-18.05290685,20.87959799,
3444426000,-25.77638863,97.08085216,-17.86513744,40.86767892,12.10894266,-171.1377319,-17.97316682,19.54684792,
3456424000,-25.98790165,93.73375918,-17.86874525,39.74766382,12.16727402,-172.7731415,-17.92222129,17.54486903,
3468422000,-26.12554138,90.40796901,-17.86613156,38.57895952,12.21273273,-174.4787902,-17.91428317,15.7464752,
3480420000,-26.31346206,86.87673194,-17.8651808,37.47983136,12.23367468,-176.1633046,-17.9059995,13.97936088,
3492418000,-26.54713425,83.40466988,-17.86319801,36.40092625,12.24151376,-177.8450754,-17.89929913,11.8998265,
3504416000,-26.76210063,79.26723069,-17.86604881,35.23313441,12.21495865,-179.6100554,-17.89116004,9.821617566,
3516414000,-26.98938693,75.03104847,-17.85602312,34.01762825,12.17907326,178.6968356,-17.87997227,7.594485086,
3528412000,-27.2753207,71.05783306,-17.8570994,32.9061082,12.13125336,177.1242489,-17.8943792,5.947699944,
3540410000,-27.57134705,66.66214736,-17.85656397,31.83695163,12.07165713,175.5437611,-17.85787782,4.255522666,
3552408000,-27.92233513,62.8245696,-17.87451123,30.80468593,12.01048092,174.2356947,-17.79392024,2.705481267,
3564406000,-28.14241845,58.40887859,-17.85024129,29.58712563,11.93289022,172.9695041,-17.75440236,1.341410891,
3576404000,-28.48594384,54.27091047,-17.85616125,28.44719049,11.86986063,171.8845706,-17.69529836,-0.166029703,
3588402000,-28.8029187,50.40967303,-17.84728312,27.47409148,11.80934927,170.895706,-17.72509809,-1.664012564,
3600400000,-28.91553686,46.31848559,-17.85756408,26.28498818,11.78883316,170.001226,-17.63664435,-2.848405851,
3612398000,-28.95392665,42.2977875,-17.82719549,25.22046726,11.77216242,169.2015568,-17.52615949,-4.055661014,
3624396000,-29.02810181,37.37642219,-17.84330901,24.0343167,11.7780313,168.3703321,-17.44121212,-5.311645005,
3636394000,-28.88102549,33.83707141,-17.81793459,22.65782913,11.80883816,167.5854983,-17.35055681,-6.465933293,
3648392000,-28.70482737,30.09461611,-17.80109897,21.72424149,11.85127542,166.7772676,-17.24029103,-7.626498634,
3660390000,-28.58372392,25.38562538,-17.80302318,20.64003636,11.92311936,165.7921137,-17.18141818,-9.153533028,
3672388000,-28.55884305,20.8461178,-17.79584098,19.40580898,11.99618589,164.7741737,-17.03987054,-11.05546125,
3684386000,-28.56056292,16.7270164,-17.80790493,18.32853842,12.07592392,163.5092933,-16.93436251,-12.61497887,
3696384000,-28.38602546,11.79167147,-17.806274,17.26771364,12.16501369,162.1573384,-16.85018277,-14.13301021,
3708382000,-28.45546728,5.858735709,-17.78674959,16.02878178,12.2501845,160.5998794,-16.77103743,-15.83033966,
3720380000,-28.31678747,1.424484538,-17.79802503,14.88044392,12.31946089,158.8931113,-16.7483179,-17.40507604,
3732378000,-28.25017303,-4.188868572,-17.76283783,13.71891153,12.3757805,157.0808695,-16.70463585,-18.88669313,
3744376000,-28.2813023,-9.962805398,-17.76605281,12.47971361,12.4081414,155.2641228,-16.74865551,-20.40550321,
3756374000,-28.06993871,-15.08355576,-17.74976034,11.23708799,12.39774406,153.4018451,-16.8353784,-21.63886635,
3768372000,-27.95373016,-19.82629351,-17.73084414,10.20043494,12.37569643,151.5304062,-16.86779491,-23.18987479,
3780370000,-27.82139767,-23.88067965,-17.71039454,9.042990419,12.32530929,149.7255303,-16.92378549,-25.05023276,
3792368000,-27.572565,-27.50356928,-17.7139909,7.833077296,12.25774572,147.9937436,-16.92401517,-26.69098735,
3804366000,-27.41470626,-31.80515865,-17.69559602,6.704238404,12.1793804,146.5174194,-16.86427885,-28.18595914,
3816364000,-27.28710411,-35.83826555,-17.69603937,5.633688802,12.08276809,145.0044846,-16.84005043,-29.54979148,
3828362000,-27.09222262,-38.61848316,-17.67008358,4.289534565,11.98916762,143.7116574,-16.73025355,-30.77627741,
3840360000,-26.87731613,-42.14480515,-17.66284021,3.012486797,11.8876073,142.6091538,-16.62328433,-31.6542377,
3852358000,-26.78155361,-45.804786,-17.65674551,2.102151002,11.80919496,141.6134346,-16.46978387,-32.72808798,
3864356000,-26.56321062,-49.37821878,-17.67082184,0.7692750035,11.74137528,140.782261,-16.35064161,-33.55644888,
3876354000,-26.24977024,-52.93522825,-17.63147155,-0.4233326878,11.70065319,140.0534515,-16.23398038,-34.48562141,
3888352000,-26.02503795,-56.52483394,-17.6400127,-1.575604023,11.67870092,139.4433379,-16.05904414,-35.81901935,
3900350000,-25.72604484,-59.69767779,-17.63054531,-2.972239099,11.69994265,138.8491305,-15.92863968,-36.96587763,
3912348000,-25.34420854,-62.97581728,-17.63218449,-4.215585117,11.74594517,138.1971115,-15.83933169,-37.99954819,
3924346000,-25.14306446,-66.65041252,-17.65453504,-5.480449259,11.8104581,137.5592142,-15.74979893,-39.25642992,
3936344000,-24.69290881,-69.06372383,-17.61310981,-6.604975015,11.90176042,136.7987325,-15.73029304,-40.76278431,
3948342000,-24.42778882,-71.3179002,-17.6137524,-7.834172637,12.01234972,135.7757315,-15.72502237,-42.34975337,
3960340000,-24.23180665,-74.05513034,-17.64915019,-8.953715937,12.12690692,134.5975455,-15.77154109,-44.10449221,
3972338000,-23.92742352,-77.17381924,-17.60588062,-10.27157601,12.25609755,133.0107035,-15.809429,-46.16851473,
3984336000,-23.72609219,-79.64980238,-17.61908271,-11.50091659,12.34528052,131.4889364,-15.80872977,-47.76100569,
3996334000,-23.58025811,-82.81907032,-17.6195997,-12.74935996,12.44119705,129.6142116,-15.78043578,-49.31976737,
4008332000,-23.29945325,-85.19212327,-17.62844529,-13.78099959,12.49513053,127.7162952,-15.71177196,-50.56405872,
4020330000,-23.12212125,-87.42697284,-17.6149163,-15.10865972,12.52364749,125.6986876,-15.64848193,-51.53001193,
4032328000,-22.94174623,-90.21952481,-17.63307198,-16.33150004,12.52842802,123.5987123,-15.64038826,-51.76341288,
4044326000,-22.75891705,-92.35316561,-17.6431871,-17.57022893,12.50250485,121.4707157,-15.65333561,-51.89257422,
4056324000,-22.50000045,-94.52642915,-17.64103615,-18.83459376,12.43856427,119.5477024,-15.68787991,-51.97703775,
4068322000,-22.38977707,-96.71643544,-17.6229727,-20.24425119,12.36299051,117.6950164,-15.73317821,-52.43857694,
4080320000,-22.13317876,-98.6984295,-17.62102462,-21.44308182,12.26256844,115.9261062,-15.76683897,-53.11566169,
4092318000,-21.87946831,-100.3794243,-17.64503928,-22.72506184,12.14768495,114.3373884,-15.74299469,-53.762785,
4104316000,-21.70382218,-101.8709383,-17.62481332,-24.15655816,12.00898445,113.0392665,-15.70724707,-54.7958545,
4116314000,-21.50492546,-104.0215513,-17.6375867,-25.34170466,11.88303796,112.0045271,-15.65349733,-56.35791328,
4128312000,-21.30285526,-105.9073607,-17.62851802,-26.40634838,11.77207373,111.1605624,-15.56452675,-57.92064262,
4140310000,-21.14874574,-107.8121506,-17.6241603,-27.70870249,11.67022398,110.560564,-15.49007883,-59.36439193,
4152308000,-20.91423683,-109.8982861,-17.62276897,-28.94126919,11.58997948,110.0783498,-15.37898943,-61.1894267,
4164306000,-20.74195932,-112.5131128,-17.65584634,-30.24437831,11.53237566,109.6952389,-15.27984818,-63.21749163,
4176304000,-20.62907308,-114.223062,-17.64024074,-31.2977385,11.5022322,109.3711448,-15.09535761,-65.24132089,
4188302000,-20.57051654,-116.4442155,-17.6620793,-32.31533742,11.54305399,108.9920319,-14.91061019,-66.85928433,
4200300000,-20.43352266,-118.5373131,-17.65963877,-33.53958803,11.61722033,108.5245872,-14.75768126,-68.28090091,
4212298000,-20.3341071,-121.3706329,-17.68263337,-35.04818161,11.71825589,107.9182525,-14.64032185,-69.08180583,
4224296000,-20.30128303,-123.6831448,-17.72669675,-36.19750422,11.8665588,107.086787,-14.61979049,-69.52389692,
4236294000,-20.2166594,-125.8867521,-17.72165231,-37.25701488,12.00473197,106.1205943,-14.677493,-69.93864895,
4248292000,-20.24597617,-128.2883127,-17.77746108,-38.64333364,12.13369874,104.7529861,-14.81036544,-70.11051494,
4260290000,-20.18688269,-130.6042366,-17.77444583,-40.04778496,12.29133021,103.1134486,-15.03228871,-70.30984331,
4272288000,-20.16376508,-131.728138,-17.80012766,-40.88629232,12.41615477,101.3299535,-15.26022964,-71.08940579,
4284286000,-19.98151948,-132.5041248,-17.82639821,-42.18377782,12.5272157,99.30483993,-15.4219136,-72.03459757,
4296284000,-19.94428312,-134.2636232,-17.83105092,-43.55196266,12.59270277,97.26724882,-15.52355548,-73.11171304,
4308282000,-19.8261162,-135.6946869,-17.81859904,-44.71644055,12.62635409,95.0834828,-15.46967348,-74.18444224,
4320280000,-19.63754674,-137.1076952,-17.83842984,-45.8988151,12.61708873,92.81051598,-15.37000509,-74.61603282,
4332278000,-19.51173601,-139.00277,-17.85815928,-47.1681036,12.58232254,90.56962098,-15.22847932,-74.90919834,
4344276000,-19.36790948,-140.7488122,-17.87275729,-48.34586604,12.4994148,88.29898419,-15.08730416,-74.93319567,
4356274000,-19.12173399,-142.5673957,-17.87996818,-49.04924742,12.42049879,86.09327259,-15.02968336,-75.39757136,
4368272000,-18.97489,-144.1586679,-17.87778428,-50.60337039,12.26528227,84.17437917,-14.93322474,-75.75915712,
4380270000,-18.70901915,-146.0509498,-17.92045915,-51.59405882,12.13167952,82.45118533,-14.83250004,-76.74878788,
4392268000,-18.51443147,-147.7874067,-17.93187648,-52.834269,11.97989286,81.09580023,-14.74331463,-77.6314608,
4404266000,-18.41428208,-149.9393292,-17.92813524,-54.05219362,11.80762797,79.86586235,-14.61306837,-78.48258024,
4416264000,-18.27582137,-151.7181326,-17.92443651,-55.16211189,11.67638691,79.09710696,-14.58239523,-79.38373869,
4428262000,-18.15705417,-153.908901,-17.95849744,-56.49954356,11.54795981,78.55534038,-14.53722082,-80.10720617,
4440260000,-18.09310972,-156.1807721,-17.94468972,-57.53699927,11.45289767,78.26781018,-14.56818859,-81.02381416,
4452258000,-18.03489177,-158.0821699,-17.96371616,-58.63387903,11.40102772,78.17875067,-14.67386233,-82.18911668,
4464256000,-17.95572369,-159.9278022,-17.96893681,-59.90609883,11.37906381,78.20882663,-14.79761049,-83.54033622,
4476254000,-17.93525729,-161.9935475,-17.98785309,-60.76791604,11.38799603,78.09334022,-14.9125548,-85.43882852,
4488252000,-17.92689687,-163.830853,-17.99356062,-62.01223172,11.42518169,77.99103838,-14.97420607,-87.34605897,
4500250000,-17.93725485,-165.7212456,-18.02030396,-62.99811524,11.50672832,77.70047067,-14.98486292,-89.13168149,
4512248000,-17.95849466,-166.9634924,-18.03832249,-63.96274714,11.63521218,77.12638572,-14.97183853,-90.13548104,
4524246000,-17.91763962,-168.5950676,-18.05971173,-65.24875026,11.78513838,76.20665519,-14.91500726,-90.6203051,
4536244000,-17.92955907,-169.6494423,-18.09137931,-66.27700762,11.94926819,75.00404792,-14.92599306,-90.52764106,
4548242000,-17.89196643,-170.625616,-18.10961747,-67.32483868,12.12697826,73.55451174,-14.97366249,-90.04416885,
4560240000,-17.8870509,-171.1898056,-18.16959928,-68.35673243,12.29835833,71.80527115,-15.05261718,-89.66240506,
4572238000,-17.81876534,-172.0072949,-18.16626477,-69.58800684,12.44967737,69.85041266,-15.11769796,-89.2896493,
4584236000,-17.72283757,-172.2533286,-18.23241808,-70.45122491,12.58745542,67.73432312,-15.16830439,-89.51876484,
4596234000,-17.60889514,-172.9173854,-18.24481808,-71.73711435,12.67354547,65.48556066,-15.17218472,-89.66322647,
4608232000,-17.41883879,-173.640375,-18.26333871,-72.74564255,12.71635711,63.28550832,-15.09958181,-90.04921091,
4620230000,-17.28274895,-174.8179967,-18.283755,-74.06810569,12.71124974,60.87753872,-14.94285449,-90.50122058,
4632228000,-17.11850309,-175.8652843,-18.31321288,-75.0398911,12.63515405,58.70603494,-14.82612101,-91.25479996,
4644226000,-16.94348421,-177.7098842,-18.32399513,-76.23927213,12.53079933,56.39907566,-14.66662441,-91.77336113,
4656224000,-16.81827088,-179.8210081,-18.33012198,-77.21238701,12.37331942,54.2512799,-14.56838171,-92.46838964,
4668222000,-16.70661463,178.0459339,-18.35551735,-78.25861425,12.19761961,52.23433293,-14.50151786,-93.33759388,
4680220000,-16.64487097,175.6712218,-18.37065683,-79.16740278,12.02102948,50.1144919,-14.45076939,-94.76970231,
4692218000,-16.62597473,173.4769564,-18.38541496,-80.43403018,11.86413195,48.5997451,-14.41477169,-96.17958299,
4704216000,-16.63113847,170.8585118,-18.37798016,-81.44187242,11.71000514,47.48401597,-14.37861625,-97.5527673,
4716214000,-16.62952759,168.6980936,-18.37489891,-82.61877041,11.57293757,46.81074868,-14.37302684,-98.84851176,
4728212000,-16.69598604,166.3755423,-18.39776671,-83.39347274,11.43975814,46.50993391,-14.41171583,-99.9309036,
4740210000,-16.75813402,164.3886794,-18.38593013,-84.24405506,11.34209776,46.42503685,-14.55965832,-100.7568368,
4752208000,-16.87683197,162.6146813,-18.36298694,-85.00038122,11.25862158,46.58175103,-14.73602029,-101.47207,
4764206000,-17.0150882,160.7802599,-18.35600035,-85.76456346,11.23766512,46.81636109,-14.94561532,-102.1914505,
4776204000,-17.15381664,159.3279369,-18.35765329,-86.67861966,11.23988505,46.9803635,-15.11417809,-103.0651239,
4788202000,-17.25921658,158.1076467,-18.37447616,-87.51770135,11.26791332,46.97220361,-15.24791997,-103.739662,
4800200000,-17.32220636,156.9111992,-18.38476091,-88.44342448,11.33770061,46.66503354,-15.30774242,-104.1648338,
4812198000,-17.30091935,156.3982989,-18.36561605,-89.41208271,11.43303113,45.79050822,-15.40469985,-104.0281054,
4824196000,-17.22833373,155.7435116,-18.37954218,-90.3344381,11.58914011,44.67810992,-15.47747019,-103.827628,
4836194000,-17.0610294,155.64891,-18.34175278,-91.48908165,11.80531578,43.41011784,-15.48257126,-103.4329502,
4848192000,-16.95707065,155.4318568,-18.37695931,-92.3190314,12.00244395,41.79746868,-15.48522746,-103.3895642,
4860190000,-16.81301181,154.674815,-18.3670799,-93.53649018,12.20058324,40.12814821,-15.30595686,-102.9682177,
4872188000,-16.66508472,154.1119712,-18.38100813,-94.26919526,12.38675951,38.2304762,-15.15517967,-102.4623974,
4884186000,-16.49846754,153.0691144,-18.40809359,-95.30360601,12.53427113,36.1525802,-15.0290953,-102.2216336,
4896184000,-16.29829669,151.6276851,-18.39795447,-96.24235459,12.63666119,33.96349322,-14.93084658,-102.1868011,
4908182000,-16.12306451,149.5945381,-18.37408565,-97.58352506,12.69780662,31.60896808,-14.8397143,-102.6248298,
4920180000,-15.94596125,147.700487,-18.39243024,-98.55999525,12.70026084,29.29397204,-14.80658399,-103.7163505,
4932178000,-15.78477059,145.5580253,-18.35654216,-99.71927453,12.62832125,27.05284951,-14.75014683,-104.8270771,
4944176000,-15.61002604,143.2295938,-18.36475342,-100.6333129,12.50902915,24.93494529,-14.71895197,-106.0634061,
4956174000,-15.62415974,141.3611506,-18.37089167,-102.0227638,12.337954,22.44775145,-14.65384581,-107.5934103,
4968172000,-15.67101914,138.9066642,-18.33336957,-103.0682447,12.191531,20.24276515,-14.63762946,-108.4598682,
4980170000,-15.70083046,136.4900345,-18.37722961,-104.1285563,12.02992112,18.55253115,-14.6968435,-109.1439249,
4992168000,-15.78418719,134.1385597,-18.34557788,-105.1870319,11.86298687,17.06292288,-14.69009322,-109.7510766,
5004166000,-15.83538207,132.4030477,-18.40629057,-106.5413893,11.6857102,15.77742748,-14.68532034,-110.74763,
5016164000,-16.00016959,130.365298,-18.37224375,-107.3378356,11.55572642,15.07336122,-14.74566988,-110.7141127,
5028162000,-16.12863197,128.9358782,-18.32405193,-108.2907532,11.4162634,14.40974965,-14.95080747,-111.2292858,
5040160000,-16.31659791,127.9467523,-18.28924837,-109.6086431,11.30403424,14.21183042,-15.1769991,-111.5468365,
5052158000,-16.45538923,127.3819517,-18.2599755,-110.6248513,11.21961401,14.14145025,-15.45240409,-111.7599714,
5064156000,-16.58516104,126.8566863,-18.24943224,-111.8468439,11.15340447,14.40003607,-15.69546068,-112.4594292,
5076154000,-16.77666425,126.8097139,-18.16334386,-112.5690573,11.11739172,14.50594127,-15.7978287,-112.3901565,
5088152000,-16.8992841,126.2524169,-18.18768377,-113.8965256,11.11555081,14.47190278,-15.80939848,-112.8105103,
5100150000,-16.90656075,126.0141132,-18.17863748,-115.117905,11.1577958,14.14875879,-15.75115197,-112.5533398,
5112148000,-16.91949658,125.8918319,-18.13481179,-115.919687,11.27089238,13.45770564,-15.6922243,-111.4910323,
5124146000,-16.80204388,125.6210288,-18.11029746,-117.2438702,11.42704546,12.8195425,-15.57069154,-110.6033032,
5136144000,-16.69119332,125.161612,-18.10883114,-118.0611867,11.61875926,11.89099745,-15.42951068,-109.9786332,
5148142000,-16.44120753,124.3573573,-18.06182625,-119.049266,11.80917589,10.89090907,-15.26167022,-109.676546,
5160140000,-16.29455497,123.0138949,-18.06170019,-120.2098104,12.01027814,9.578651973,-15.09959144,-109.6562946,
5172138000,-16.07324686,121.7738304,-18.06920338,-121.1990039,12.19473718,8.081046485,-14.94537912,-109.9955201,
5184136000,-15.83175457,119.8314192,-18.00386503,-122.0502,12.35717366,6.352664517,-14.71827442,-110.285714,
5196134000,-15.66971352,117.5058789,-17.97826618,-123.1120817,12.47842944,4.308241883,-14.60318841,-111.3939495,
5208132000,-15.56027424,115.0400433,-17.94078553,-124.1781719,12.54507971,2.016357679,-14.52339532,-112.3657802,
5220130000,-15.45548292,112.5205469,-17.89402455,-124.9266101,12.57546259,-0.4364654092,-14.49424508,-113.5841037,
5232128000,-15.48203079,109.3702857,-17.8711542,-125.9903445,12.54994358,-3.111116724,-14.52272397,-115.5405294,
5244126000,-15.56058369,106.8166039,-17.81377637,-127.0795534,12.48814074,-5.670638752,-14.57586745,-117.1301285,
5256124000,-15.72604295,103.9782964,-17.74803815,-128.2970674,12.39315119,-8.155200967,-14.68669536,-118.3991043,
5268122000,-15.92339249,101.7443067,-17.78089032,-128.8378381,12.28836316,-10.2980174,-14.78276028,-118.8110392,
5280120000,-16.10056035,99.29272212,-17.71917038,-129.7795149,12.09766736,-12.26017296,-14.92894459,-119.8562416,
5292118000,-16.49491302,97.62459051,-17.60985003,-131.2922394,11.92178473,-13.89586562,-15.07171364,-120.0708244,
5304116000,-16.71574841,97.06612999,-17.61514387,-132.6089696,11.7639903,-15.30103191,-15.24769533,-119.9973649,
5316114000,-16.94633562,96.58454374,-17.54761825,-133.9490235,11.58501749,-16.21509075,-15.39277408,-119.2050403,
5328112000,-17.09450799,96.10210372,-17.63169034,-134.9817211,11.4621225,-16.79162772,-15.61182132,-117.8857415,
5340110000,-17.24203712,95.81174714,-17.62890916,-136.0268447,11.32349084,-17.42452486,-15.74427693,-116.691401,
5352108000,-17.38223452,96.3989059,-17.59496174,-137.3871198,11.22370467,-17.71970471,-15.82169444,-115.8686714,
5364106000,-17.45874384,96.66201209,-17.57123255,-138.5544506,11.14829654,-17.97489339,-15.82304984,-115.0451219,
5376104000,-17.39156325,96.95325971,-17.5577926,-139.7362325,11.1130022,-18.25509943,-15.81995734,-114.08851,
5388102000,-17.321663,98.01140573,-17.51620154,-140.7968623,11.1082503,-18.46549352,-15.738409,-113.7511995,
5400100000,-17.35349387,98.27519698,-17.52462984,-142.0763334,11.1307219,-18.6535288,-15.57012669,-113.3099079,
5412098000,-17.1673425,98.33092197,-17.48836164,-143.1736481,11.19871822,-18.99373438,-15.43422565,-113.4022121,
5424096000,-16.91993046,97.98896228,-17.46476398,-144.2032316,11.27047177,-19.36955183,-15.27000619,-113.503003,
5436094000,-16.68432349,97.18915248,-17.44413548,-145.139304,11.40317362,-19.8602556,-15.10763106,-113.7931732,
5448092000,-16.4647428,95.84692443,-17.43453189,-146.4791926,11.55577309,-20.60306988,-14.90886519,-114.6658628,
5460090000,-16.22196181,93.68795788,-17.39783987,-147.5261648,11.72920366,-21.5705831,-14.73427099,-115.7487408,
5472088000,-15.95701285,91.24166325,-17.32435182,-148.7950049,11.91540854,-22.75498852,-14.60625356,-117.5694134,
5484086000,-15.84869951,88.51554809,-17.31721706,-149.9328122,12.08449051,-24.34324767,-14.47475579,-118.6647422,
5496084000,-15.75855945,85.21945715,-17.30326791,-151.2073591,12.24145748,-26.1287902,-14.51810297,-120.0824808,
5508082000,-15.78276232,82.0909768,-17.25332471,-152.2932328,12.37593606,-28.36999664,-14.48208264,-121.9460435,
5520080000,-15.91823977,78.43893414,-17.18604678,-153.7118649,12.46753889,-30.74784301,-14.59112449,-123.5978112,
5532078000,-16.17811642,75.23423555,-17.1921835,-155.2875425,12.51130936,-33.29732369,-14.7888655,-124.5847255,
5544076000,-16.34639268,72.95858807,-17.17010554,-156.1114176,12.46994162,-35.67240664,-14.94384217,-124.6944163,
5556074000,-16.77522583,70.8704905,-17.14303254,-157.720534,12.41388174,-38.06386919,-15.1713316,-125.2365398,
5568072000,-17.20010872,68.86132357,-17.07578348,-159.1402179,12.32043443,-40.37246558,-15.38300201,-125.5811375,
5580070000,-17.60159771,68.42385082,-17.09429924,-160.5033832,12.18917813,-42.39582317,-15.578693,-124.3755207,
5592068000,-18.00418061,68.40227634,-17.08388608,-162.1988773,12.07953731,-44.16093196,-15.70597263,-123.6016446,
5604066000,-18.21710208,68.06933952,-17.09570854,-162.8198368,11.90933558,-45.51173247,-15.59795915,-122.0444918,
5616064000,-18.50470115,68.89526943,-17.06787829,-164.2436212,11.78058214,-46.8776501,-15.63951036,-121.1777988,
5628062000,-18.65662895,70.07982498,-17.08855769,-165.7381316,11.62810105,-47.98085687,-15.62290856,-119.7132795,
5640060000,-18.63416348,71.187439,-17.06800101,-166.8381212,11.52227858,-48.90226942,-15.53559927,-118.7738726,
5652058000,-18.72643674,71.81206092,-17.06874942,-167.8783968,11.40124413,-49.56761725,-15.34738158,-117.3106215,
5664056000,-18.68445723,73.77767224,-17.02860696,-168.9036997,11.31663726,-50.30437544,-15.25725696,-116.7658807,
5676054000,-18.42578504,74.11138478,-17.0247501,-170.3962931,11.24056374,-50.73710676,-15.20243973,-115.7352007,
5688052000,-18.18855058,73.78351608,-17.01313533,-171.4762265,11.19408438,-51.21409746,-15.15769076,-116.1526998,
5700050000,-17.98097407,73.52677619,-17.04499318,-172.6869806,11.17305591,-51.30040637,-15.07642964,-116.3586367,
5712048000,-17.58478059,73.35237237,-16.98902611,-173.7500796,11.18742254,-51.58409858,-15.00232724,-117.0966746,
5724046000,-17.30589941,72.13209744,-16.94975636,-174.8036806,11.21616259,-51.89252042,-14.87897684,-118.0844867,
5736044000,-17.0855546,69.07032195,-16.98969057,-176.8123892,11.25757756,-52.14987438,-14.96474631,-118.4561316,
5748042000,-16.83358001,66.94487999,-16.90907015,-177.796192,11.35210279,-52.49597707,-14.87091838,-120.959822,
5760040000,-16.67103725,64.05648746,-16.88776558,-179.0172031,11.47767992,-53.06744854,-14.93173193,-122.798608,
5772038000,-16.58960985,60.86103597,-16.86607328,179.502382,11.60884703,-53.98691398,-14.90300335,-125.3318792,
5784036000,-16.64450325,56.93117906,-16.89840138,178.0898502,11.83647025,-55.29063797,-14.99784077,-127.4896336,
5796034000,-16.72713051,53.29008808,-16.83650007,176.4339194,12.02534631,-56.85739213,-15.08031252,-129.7190766,
5808032000,-17.0635545,49.45931446,-16.84212244,174.7105535,12.20679758,-58.82186284,-15.23209956,-131.4177962,
5820030000,-17.42757876,46.61710178,-16.86881609,173.2650521,12.35483898,-61.06502851,-15.44571146,-132.1385582,
5832028000,-17.90734175,44.53080598,-16.86476748,171.6923466,12.43418517,-63.30655766,-15.6823434,-132.2138287,
5844026000,-18.34684047,43.5171467,-16.92049535,170.2635822,12.46949167,-65.69143687,-15.95691722,-130.7492788,
5856024000,-18.84309842,42.7969204,-16.91771671,168.9591489,12.46709438,-67.89019443,-16.08974634,-130.5248102,
5868022000,-19.26155754,43.48096486,-16.93235068,167.4450258,12.41153186,-69.99535663,-16.2021701,-129.0283802,
5880020000,-19.70286213,44.77956043,-16.93160242,166.1947011,12.32875877,-72.03434476,-16.18690712,-127.4641779,
5892018000,-19.83619683,46.3348151,-16.95476961,165.2754187,12.2408918,-73.96024223,-16.00840565,-126.9963238,
5904016000,-19.93214,48.45421878,-16.96970075,163.8019871,12.13028285,-75.8112149,-16.00909439,-126.5839905,
5916014000,-19.76740971,50.2781819,-16.99696651,162.5518289,12.00013839,-77.08188321,-15.8219439,-126.2208248,
5928012000,-19.90004203,51.2951337,-16.9579852,161.8371918,11.84704525,-78.73662256,-15.7943518,-126.0678833,
5940010000,-19.55021795,53.05238531,-16.9214506,160.1422228,11.73794926,-79.87676036,-15.68673781,-124.5316198,
5952008000,-19.26008095,53.09950855,-16.94531114,158.9653265,11.61477821,-80.93244034,-15.3926694,-124.1884253,
5964006000,-18.9273239,52.77707549,-16.97667229,157.6203051,11.49307349,-81.73337475,-15.24700482,-123.9387275,
5976004000,-18.67858968,52.18225722,-16.99950131,156.1593316,11.38371028,-82.31833049,-15.08884412,-123.7523813,
5988002000,-18.42281058,51.53315161,-16.95079542,155.5102732,11.31293101,-83.13476476,-15.16521099,-124.3010259,
6000000000,-18.09086108,49.89227382,-16.88953952,154.0917989,11.23949796,-83.68106844,-15.10827828,-124.8922018,
