,canFreq_Mhz,numBins,idx,deltaIdx,deltaFreq_Hz
0,90.29991388320923,2,2295426,,
1,99.99766230583191,1,2541943,246517.0,9697748.42262268
2,101.87130331993103,1,2589571,47628.0,1873641.014099121
3,102.49986290931702,9,2605549,15978.0,628559.5893859863
4,103.33684086799622,1,2626825,21276.0,836977.9586791992
5,104.19175744056702,1,2648557,21732.0,854916.5725708008
6,104.61921572685242,1,2659423,10866.0,427458.2862854004
7,104.68026995658875,1,2660975,1552.0,61054.229736328125
8,104.74132418632507,1,2662527,1552.0,61054.229736328125
9,105.29093027114868,1,2676498,13971.0,549606.0848236084
10,122.8715980052948,2,3123399,446901.0,17580667.73414612
11,124.9999988079071,1,3177503,54104.0,2128400.8026123047
12,127.99897313117981,1,3253737,76234.0,2998974.323272705
13,127.99940586090088,1,3253748,11.0,432.72972106933594
14,128.00609350204468,1,3253918,170.0,6687.641143798828
15,129.99999403953552,1,3304603,50685.0,1993900.5374908447
16,130.87568163871765,1,3326863,22260.0,875687.5991821289
17,134.99998927116394,2,3431703,104840.0,4124307.632446289
18,136.89192295074463,1,3479796,48093.0,1891933.6795806885
19,136.9530165195465,1,3481349,1553.0,61093.56880187988
20,137.19727277755737,1,3487558,6209.0,244256.25801086426
21,137.50258326530457,1,3495319,7761.0,305310.4877471924
22,139.1513228416443,1,3537230,41911.0,1648739.5763397217
23,139.34526443481445,1,3542160,4930.0,193941.59317016602
24,139.42720770835876,1,3544243,2083.0,81943.27354431152
25,139.474139213562,1,3545436,1193.0,46931.50520324707
26,139.49758529663086,1,3546032,596.0,23446.083068847656
27,139.83145594596863,1,3554519,8487.0,333870.64933776855
28,139.99998450279236,1,3558803,4284.0,168528.55682373047
29,140.06033062934875,1,3560337,1534.0,60346.126556396484
30,140.34172296524048,1,3567490,7153.0,281392.33589172363
31,140.4336977005005,1,3569828,2338.0,91974.73526000977
32,140.6700074672699,1,3575835,6007.0,236309.76676940918
33,140.69345355033875,1,3576431,596.0,23446.083068847656
34,140.7637917995453,1,3578219,1788.0,70338.24920654297
35,140.95139980316162,1,3582988,4769.0,187608.003616333
36,140.97484588623047,1,3583584,596.0,23446.083068847656
37,140.99829196929932,1,3584180,596.0,23446.083068847656
38,141.02173805236816,1,3584776,596.0,23446.083068847656
39,141.045184135437,1,3585372,596.0,23446.083068847656
40,141.06863021850586,1,3585968,596.0,23446.083068847656
41,141.0920763015747,1,3586564,596.0,23446.083068847656
42,141.11552238464355,1,3587160,596.0,23446.083068847656
43,141.16241455078125,1,3588352,1192.0,46892.16613769531
44,141.16646647453308,1,3588455,103.0,4051.9237518310547
45,141.1858606338501,1,3588948,493.0,19394.1593170166
46,141.2275207042694,2,3590007,1059.0,41660.07041931152
47,141.2562382221222,1,3590737,730.0,28717.517852783203
48,141.27968430519104,1,3591333,596.0,23446.083068847656
49,141.3031303882599,1,3591929,596.0,23446.083068847656
50,141.32657647132874,1,3592525,596.0,23446.083068847656
51,141.35002255439758,1,3593121,596.0,23446.083068847656
52,141.37346863746643,1,3593717,596.0,23446.083068847656
53,141.38003826141357,2,3593884,167.0,6569.623947143555
54,141.39691472053528,1,3594313,429.0,16876.4591217041
55,141.41072273254395,1,3594664,351.0,13808.012008666992
56,141.42036080360413,1,3594909,245.0,9638.071060180664
57,141.44380688667297,1,3595505,596.0,23446.083068847656
58,141.46725296974182,1,3596101,596.0,23446.083068847656
59,141.49069905281067,1,3596697,596.0,23446.083068847656
60,141.51414513587952,2,3597293,596.0,23446.083068847656
61,141.53759121894836,2,3597889,596.0,23446.083068847656
62,141.56107664108276,1,3598486,597.0,23485.422134399414
63,141.5845227241516,1,3599082,596.0,23446.083068847656
64,141.60796880722046,1,3599678,596.0,23446.083068847656
65,141.6314148902893,1,3600274,596.0,23446.083068847656
66,141.65486097335815,1,3600870,596.0,23446.083068847656
67,141.678307056427,1,3601466,596.0,23446.083068847656
68,141.70175313949585,1,3602062,596.0,23446.083068847656
69,141.7251992225647,1,3602658,596.0,23446.083068847656
70,141.74864530563354,1,3603254,596.0,23446.083068847656
71,141.7720913887024,1,3603850,596.0,23446.083068847656
72,141.79553747177124,1,3604446,596.0,23446.083068847656
73,141.8189835548401,1,3605042,596.0,23446.083068847656
74,141.83818101882935,1,3605530,488.0,19197.463989257812
75,141.84242963790894,2,3605638,108.0,4248.619079589844
76,141.86587572097778,2,3606234,596.0,23446.083068847656
77,141.88936114311218,1,3606831,597.0,23485.422134399414
78,141.89923524856567,1,3607082,251.0,9874.105453491211
79,141.91280722618103,1,3607427,345.0,13571.977615356445
80,141.93625330924988,1,3608023,596.0,23446.083068847656
81,141.95969939231873,1,3608619,596.0,23446.083068847656
82,141.98314547538757,1,3609215,596.0,23446.083068847656
83,142.00659155845642,1,3609811,596.0,23446.083068847656
84,142.03003764152527,1,3610407,596.0,23446.083068847656
85,142.05348372459412,1,3611003,596.0,23446.083068847656
86,142.07692980766296,1,3611599,596.0,23446.083068847656
87,142.0824372768402,1,3611739,140.0,5507.469177246094
88,142.1003758907318,1,3612195,456.0,17938.613891601562
89,142.12382197380066,1,3612791,596.0,23446.083068847656
90,142.1472680568695,2,3613387,596.0,23446.083068847656
91,142.15423107147217,2,3613564,177.0,6963.014602661133
92,142.17071413993835,2,3613983,419.0,16483.068466186523
93,142.1941602230072,2,3614579,596.0,23446.083068847656
94,142.21760630607605,2,3615175,596.0,23446.083068847656
95,142.24109172821045,1,3615772,597.0,23485.422134399414
96,142.2645378112793,1,3616368,596.0,23446.083068847656
97,142.28798389434814,1,3616964,596.0,23446.083068847656
98,142.311429977417,1,3617560,596.0,23446.083068847656
99,142.33487606048584,1,3618156,596.0,23446.083068847656
100,142.3583221435547,1,3618752,596.0,23446.083068847656
101,142.38176822662354,1,3619348,596.0,23446.083068847656
102,142.40521430969238,1,3619944,596.0,23446.083068847656
103,142.42866039276123,1,3620540,596.0,23446.083068847656
104,142.45210647583008,1,3621136,596.0,23446.083068847656
105,142.47555255889893,1,3621732,596.0,23446.083068847656
106,142.49899864196777,2,3622328,596.0,23446.083068847656
107,142.52244472503662,2,3622924,596.0,23446.083068847656
108,142.54589080810547,2,3623520,596.0,23446.083068847656
109,142.56933689117432,2,3624116,596.0,23446.083068847656
110,142.59282231330872,1,3624713,597.0,23485.422134399414
111,142.61626839637756,1,3625309,596.0,23446.083068847656
112,142.6397144794464,1,3625905,596.0,23446.083068847656
113,142.66316056251526,1,3626501,596.0,23446.083068847656
114,142.6866066455841,1,3627097,596.0,23446.083068847656
115,142.69309759140015,1,3627262,165.0,6490.945816040039
116,142.71005272865295,1,3627693,431.0,16955.137252807617
117,142.7334988117218,1,3628289,596.0,23446.083068847656
118,142.75694489479065,1,3628885,596.0,23446.083068847656
119,142.7803909778595,2,3629481,596.0,23446.083068847656
120,142.80383706092834,2,3630077,596.0,23446.083068847656
121,142.8272831439972,2,3630673,596.0,23446.083068847656
122,142.82932877540588,1,3630725,52.0,2045.6314086914062
123,142.85072922706604,2,3631269,544.0,21400.45166015625
124,142.8741753101349,2,3631865,596.0,23446.083068847656
125,142.89762139320374,2,3632461,596.0,23446.083068847656
126,142.92110681533813,1,3633058,597.0,23485.422134399414
127,142.92842388153076,2,3633244,186.0,7317.066192626953
128,142.94455289840698,1,3633654,410.0,16129.016876220703
129,142.96799898147583,1,3634250,596.0,23446.083068847656
130,142.99144506454468,1,3634846,596.0,23446.083068847656
131,143.01489114761353,1,3635442,596.0,23446.083068847656
132,143.03833723068237,1,3636038,596.0,23446.083068847656
133,143.06178331375122,1,3636634,596.0,23446.083068847656
134,143.08522939682007,1,3637230,596.0,23446.083068847656
135,143.10867547988892,1,3637826,596.0,23446.083068847656
136,143.13212156295776,2,3638422,596.0,23446.083068847656
137,143.1555676460266,2,3639018,596.0,23446.083068847656
138,143.17901372909546,2,3639614,596.0,23446.083068847656
139,143.2024598121643,2,3640210,596.0,23446.083068847656
140,143.2259452342987,1,3640807,597.0,23485.422134399414
141,143.2426643371582,1,3641232,425.0,16719.10285949707
142,143.24939131736755,1,3641403,171.0,6726.980209350586
143,143.2728374004364,1,3641999,596.0,23446.083068847656
144,143.29628348350525,1,3642595,596.0,23446.083068847656
145,143.30371856689453,1,3642784,189.0,7435.083389282227
146,143.3197295665741,1,3643191,407.0,16010.99967956543
147,143.34317564964294,1,3643787,596.0,23446.083068847656
148,143.3648121356964,1,3644337,550.0,21636.486053466797
149,143.3666217327118,1,3644383,46.0,1809.5970153808594
150,143.39006781578064,1,3644979,596.0,23446.083068847656
151,143.4135138988495,1,3645575,596.0,23446.083068847656
152,143.43695998191833,1,3646171,596.0,23446.083068847656
153,143.46040606498718,1,3646767,596.0,23446.083068847656
154,143.48385214805603,2,3647363,596.0,23446.083068847656
155,143.50729823112488,2,3647959,596.0,23446.083068847656
156,143.53078365325928,1,3648556,597.0,23485.422134399414
157,143.55419039726257,2,3649151,595.0,23406.7440032959
158,143.57767581939697,1,3649748,597.0,23485.422134399414
159,143.60112190246582,1,3650344,596.0,23446.083068847656
160,143.62456798553467,1,3650940,596.0,23446.083068847656
161,143.64801406860352,1,3651536,596.0,23446.083068847656
162,143.67146015167236,1,3652132,596.0,23446.083068847656
163,143.6949062347412,1,3652728,596.0,23446.083068847656
164,143.71835231781006,1,3653324,596.0,23446.083068847656
165,143.7417984008789,1,3653920,596.0,23446.083068847656
166,143.76524448394775,2,3654516,596.0,23446.083068847656
167,143.7886905670166,1,3655112,596.0,23446.083068847656
168,143.81213665008545,2,3655708,596.0,23446.083068847656
169,143.8355827331543,2,3656304,596.0,23446.083068847656
170,143.8590681552887,1,3656901,597.0,23485.422134399414
171,143.88251423835754,1,3657497,596.0,23446.083068847656
172,143.9059603214264,1,3658093,596.0,23446.083068847656
173,143.92940640449524,1,3658689,596.0,23446.083068847656
174,143.9528524875641,1,3659285,596.0,23446.083068847656
175,143.97629857063293,1,3659881,596.0,23446.083068847656
176,143.99624347686768,1,3660388,507.0,19944.90623474121
177,143.99974465370178,1,3660477,89.0,3501.1768341064453
178,144.0003740787506,1,3660493,16.0,629.425048828125
179,144.00686502456665,1,3660658,165.0,6490.945816040039
180,144.02319073677063,1,3661073,415.0,16325.712203979492
181,144.07008290290833,2,3662265,1192.0,46892.16613769531
182,144.09352898597717,2,3662861,596.0,23446.083068847656
183,144.11697506904602,2,3663457,596.0,23446.083068847656
184,144.18735265731812,1,3665246,1789.0,70377.58827209473
185,144.21079874038696,1,3665842,596.0,23446.083068847656
186,144.2342448234558,1,3666438,596.0,23446.083068847656
187,144.25769090652466,1,3667034,596.0,23446.083068847656
188,144.2811369895935,1,3667630,596.0,23446.083068847656
189,144.30458307266235,1,3668226,596.0,23446.083068847656
190,144.3280291557312,1,3668822,596.0,23446.083068847656
191,144.35147523880005,1,3669418,596.0,23446.083068847656
192,144.3749213218689,1,3670014,596.0,23446.083068847656
193,144.39836740493774,1,3670610,596.0,23446.083068847656
194,144.4218134880066,1,3671206,596.0,23446.083068847656
195,144.44525957107544,1,3671802,596.0,23446.083068847656
196,144.4921910762787,1,3672995,1193.0,46931.50520324707
197,144.51563715934753,1,3673591,596.0,23446.083068847656
198,144.53908324241638,1,3674187,596.0,23446.083068847656
199,144.56252932548523,1,3674783,596.0,23446.083068847656
200,144.58597540855408,1,3675379,596.0,23446.083068847656
201,144.60942149162292,1,3675975,596.0,23446.083068847656
202,144.63286757469177,1,3676571,596.0,23446.083068847656
203,144.65631365776062,1,3677167,596.0,23446.083068847656
204,144.67975974082947,1,3677763,596.0,23446.083068847656
205,144.70320582389832,1,3678359,596.0,23446.083068847656
206,144.70824122428894,1,3678487,128.0,5035.400390625
207,144.72665190696716,1,3678955,468.0,18410.682678222656
208,144.750097990036,1,3679551,596.0,23446.083068847656
209,144.7969901561737,2,3680743,1192.0,46892.16613769531
210,144.8673677444458,1,3682532,1789.0,70377.58827209473
211,144.89081382751465,1,3683128,596.0,23446.083068847656
212,144.9142599105835,1,3683724,596.0,23446.083068847656
213,144.93770599365234,1,3684320,596.0,23446.083068847656
214,144.9611520767212,1,3684916,596.0,23446.083068847656
215,144.98459815979004,1,3685512,596.0,23446.083068847656
216,144.99997973442078,2,3685903,391.0,15381.574630737305
217,145.0080442428589,1,3686108,205.0,8064.508438110352
218,145.03149032592773,1,3686704,596.0,23446.083068847656
219,145.05493640899658,1,3687300,596.0,23446.083068847656
220,145.07838249206543,1,3687896,596.0,23446.083068847656
221,145.10182857513428,1,3688492,596.0,23446.083068847656
222,145.14876008033752,1,3689685,1193.0,46931.50520324707
223,145.257807970047,1,3692457,2772.0,109047.88970947266
224,145.61772108078003,1,3701606,9149.0,359913.1107330322
225,145.80737471580505,1,3706427,4821.0,189653.6350250244
226,145.9225594997406,1,3709355,2928.0,115184.78393554688
227,145.9905767440796,1,3711084,1729.0,68017.24433898926
228,146.03978991508484,1,3712335,1251.0,49213.17100524902
229,146.05163097381592,1,3712636,301.0,11841.058731079102
230,146.1127245426178,1,3714189,1553.0,61093.56880187988
231,146.17377877235413,1,3715741,1552.0,61054.229736328125
232,146.18050575256348,1,3715912,171.0,6726.980209350586
233,146.22739791870117,1,3717104,1192.0,46892.16613769531
234,146.25084400177002,1,3717700,596.0,23446.083068847656
235,146.27429008483887,1,3718296,596.0,23446.083068847656
236,146.32118225097656,1,3719488,1192.0,46892.16613769531
237,146.3446283340454,1,3720084,596.0,23446.083068847656
238,146.36807441711426,1,3720680,596.0,23446.083068847656
239,146.3915205001831,1,3721276,596.0,23446.083068847656
240,146.4384126663208,1,3722468,1192.0,46892.16613769531
241,146.4618980884552,1,3723065,597.0,23485.422134399414
242,146.5087902545929,1,3724257,1192.0,46892.16613769531
243,146.53223633766174,1,3724853,596.0,23446.083068847656
244,146.5556824207306,1,3725449,596.0,23446.083068847656
245,146.57912850379944,1,3726045,596.0,23446.083068847656
246,146.6025745868683,1,3726641,596.0,23446.083068847656
247,146.62602066993713,1,3727237,596.0,23446.083068847656
248,146.64946675300598,1,3727833,596.0,23446.083068847656
249,146.66229128837585,2,3728159,326.0,12824.535369873047
250,146.67291283607483,1,3728429,270.0,10621.54769897461
251,146.69635891914368,1,3729025,596.0,23446.083068847656
252,146.71980500221252,1,3729621,596.0,23446.083068847656
253,146.72334551811218,1,3729711,90.0,3540.515899658203
254,146.74325108528137,2,3730217,506.0,19905.567169189453
255,146.79018259048462,1,3731410,1193.0,46931.50520324707
256,146.81362867355347,1,3732006,596.0,23446.083068847656
257,146.83707475662231,1,3732602,596.0,23446.083068847656
258,146.86052083969116,1,3733198,596.0,23446.083068847656
259,146.88396692276,1,3733794,596.0,23446.083068847656
260,146.90654754638672,1,3734368,574.0,22580.623626708984
261,146.90741300582886,1,3734390,22.0,865.4594421386719
262,146.9308590888977,1,3734986,596.0,23446.083068847656
263,146.95430517196655,1,3735582,596.0,23446.083068847656
264,146.9777512550354,1,3736178,596.0,23446.083068847656
265,147.00119733810425,1,3736774,596.0,23446.083068847656
266,147.0246434211731,1,3737370,596.0,23446.083068847656
267,147.16535925865173,1,3740947,3577.0,140715.8374786377
268,148.1278681755066,1,3765414,24467.0,962508.9168548584
269,150.00052571296692,1,3813017,47603.0,1872657.5374603271
270,153.2809317111969,1,3896405,83388.0,3280405.9982299805
271,153.4791612625122,1,3901444,5039.0,198229.55131530762
272,153.6847472190857,1,3906670,5226.0,205585.95657348633
273,154.23431396484375,2,3920640,13970.0,549566.7457580566
274,154.4422209262848,1,3925925,5285.0,207906.96144104004
275,154.47857022285461,1,3926849,924.0,36349.29656982422
276,154.54135537147522,1,3928445,1596.0,62785.14862060547
277,155.88309288024902,1,3962552,34107.0,1341737.5087738037
278,155.94414710998535,1,3964104,1552.0,61054.229736328125
279,156.37160539627075,1,3974970,10866.0,427458.2862854004
280,156.43265962600708,1,3976522,1552.0,61054.229736328125
281,157.59288668632507,1,4006015,29493.0,1160227.0603179932
282,157.89819717407227,2,4013776,7761.0,305310.4877471924
283,157.90496349334717,1,4013948,172.0,6766.319274902344
284,157.92872428894043,2,4014552,604.0,23760.79559326172
285,157.95185565948486,1,4015140,588.0,23131.370544433594
286,157.95929074287415,1,4015329,189.0,7435.083389282227
287,157.9753017425537,1,4015736,407.0,16010.99967956543
288,157.99874782562256,1,4016332,596.0,23446.083068847656
289,158.02034497261047,1,4016881,549.0,21597.14698791504
290,158.0221939086914,1,4016928,47.0,1848.9360809326172
291,158.04563999176025,1,4017524,596.0,23446.083068847656
292,158.0690860748291,1,4018120,596.0,23446.083068847656
293,158.0813992023468,2,4018433,313.0,12313.127517700195
294,158.09253215789795,1,4018716,283.0,11132.955551147461
295,158.11192631721497,2,4019209,493.0,19394.1593170166
296,158.1159782409668,1,4019312,103.0,4051.9237518310547
297,158.13942432403564,2,4019908,596.0,23446.083068847656
298,158.14245343208313,2,4019985,77.0,3029.1080474853516
299,158.1628704071045,2,4020504,519.0,20416.975021362305
300,158.1729805469513,2,4020761,257.0,10110.139846801758
301,158.18631649017334,2,4021100,339.0,13335.943222045898
302,158.20350766181946,2,4021537,437.0,17191.171646118164
303,158.2097625732422,2,4021696,159.0,6254.911422729492
304,158.23320865631104,2,4022292,596.0,23446.083068847656
305,158.25669407844543,1,4022889,597.0,23485.422134399414
306,158.26460123062134,1,4023090,201.0,7907.15217590332
307,158.28014016151428,1,4023485,395.0,15538.930892944336
308,158.30358624458313,1,4024081,596.0,23446.083068847656
309,158.3132243156433,1,4024326,245.0,9638.071060180664
310,158.32565546035767,2,4024642,316.0,12431.144714355469
311,158.32703232765198,1,4024677,35.0,1376.8672943115234
312,158.35047841072083,1,4025273,596.0,23446.083068847656
313,158.37392449378967,1,4025869,596.0,23446.083068847656
314,158.39737057685852,1,4026465,596.0,23446.083068847656
315,158.42081665992737,1,4027061,596.0,23446.083068847656
316,158.44426274299622,1,4027657,596.0,23446.083068847656
317,158.44776391983032,3,4027746,89.0,3501.1768341064453
318,158.46770882606506,2,4028253,507.0,19944.90623474121
319,158.47833037376404,1,4028523,270.0,10621.54769897461
320,158.4911549091339,1,4028849,326.0,12824.535369873047
321,158.5088574886322,1,4029299,450.0,17702.579498291016
322,158.51460099220276,2,4029445,146.0,5743.503570556641
323,158.53808641433716,1,4030042,597.0,23485.422134399414
324,158.561532497406,1,4030638,596.0,23446.083068847656
325,158.58497858047485,1,4031234,596.0,23446.083068847656
326,158.6084246635437,1,4031830,596.0,23446.083068847656
327,158.63187074661255,1,4032426,596.0,23446.083068847656
328,158.6553168296814,1,4033022,596.0,23446.083068847656
329,158.67876291275024,1,4033618,596.0,23446.083068847656
330,158.69205951690674,1,4033956,338.0,13296.60415649414
331,158.7022089958191,1,4034214,258.0,10149.478912353516
332,158.72565507888794,1,4034810,596.0,23446.083068847656
333,158.7491011619568,1,4035406,596.0,23446.083068847656
334,158.84288549423218,1,4037790,2384.0,93784.33227539062
335,158.91326308250427,1,4039579,1789.0,70377.58827209473
336,158.93670916557312,1,4040175,596.0,23446.083068847656
337,158.96015524864197,1,4040771,596.0,23446.083068847656
338,158.96684288978577,1,4040941,170.0,6687.641143798828
339,159.0304934978485,1,4042559,1618.0,63650.60806274414
340,159.05842423439026,2,4043269,710.0,27930.736541748047
341,159.0773856639862,1,4043751,482.0,18961.429595947266
342,159.1194784641266,2,4044821,1070.0,42092.80014038086
343,159.1500449180603,1,4045598,777.0,30566.45393371582
344,159.21810150146484,1,4047328,1730.0,68056.58340454102
345,159.26499366760254,1,4048520,1192.0,46892.16613769531
346,159.30268049240112,2,4049478,958.0,37686.824798583984
347,159.33324694633484,1,4050255,777.0,30566.45393371582
348,159.35877799987793,1,4050904,649.0,25531.05354309082
349,159.363774061203,1,4051031,127.0,4996.061325073242
350,159.57746386528015,2,4056463,5432.0,213689.80407714844
351,159.60803031921387,1,4057240,777.0,30566.45393371582
352,159.63855743408203,1,4058016,776.0,30527.114868164062
353,159.6690845489502,2,4058792,776.0,30527.114868164062
354,159.68706250190735,1,4059249,457.0,17977.95295715332
355,159.73013877868652,2,4060344,1095.0,43076.276779174805
356,159.76070523262024,1,4061121,777.0,30566.45393371582
357,159.8828136920929,1,4064225,3104.0,122108.45947265625
358,159.92156267166138,1,4065210,985.0,38748.979568481445
359,159.96845483779907,1,4066402,1192.0,46892.16613769531
360,159.9743950366974,2,4066553,151.0,5940.19889831543
361,159.99870657920837,2,4067171,618.0,24311.542510986328
362,160.00000476837158,1,4067204,33.0,1298.1891632080078
363,160.00763654708862,1,4067398,194.0,7631.778717041016
364,160.03548860549927,1,4068106,708.0,27852.05841064453
365,160.21865129470825,2,4072762,4656.0,183162.68920898438
366,160.24921774864197,1,4073539,777.0,30566.45393371582
367,160.27329325675964,1,4074151,612.0,24075.50811767578
368,160.27974486351013,1,4074315,164.0,6451.606750488281
369,160.2967393398285,1,4074747,432.0,16994.476318359375
370,160.34079909324646,2,4075867,1120.0,44059.75341796875
371,160.39052367210388,1,4077131,1264.0,49724.578857421875
372,160.46090126037598,1,4078920,1789.0,70377.58827209473
373,160.48434734344482,1,4079516,596.0,23446.083068847656
374,160.49347400665283,1,4079748,232.0,9126.663208007812
375,160.50779342651367,1,4080112,364.0,14319.419860839844
376,160.524001121521,1,4080524,412.0,16207.695007324219
377,160.53123950958252,1,4080708,184.0,7238.3880615234375
378,160.55468559265137,1,4081304,596.0,23446.083068847656
379,160.57813167572021,1,4081900,596.0,23446.083068847656
380,160.60157775878906,1,4082496,596.0,23446.083068847656
381,160.6250238418579,1,4083092,596.0,23446.083068847656
382,160.64610958099365,2,4083628,536.0,21085.739135742188
383,160.64846992492676,1,4083688,60.0,2360.3439331054688
384,160.6719160079956,2,4084284,596.0,23446.083068847656
385,160.69536209106445,2,4084880,596.0,23446.083068847656
386,160.70716381072998,2,4085180,300.0,11801.719665527344
387,160.7188081741333,2,4085476,296.0,11644.363403320312
388,160.7377302646637,1,4085957,481.0,18922.090530395508
389,160.74225425720215,2,4086072,115.0,4523.992538452148
390,160.765700340271,2,4086668,596.0,23446.083068847656
391,160.76825737953186,1,4086733,65.0,2557.039260864258
392,160.78914642333984,2,4087264,531.0,20889.0438079834
393,160.79878449440002,2,4087509,245.0,9638.071060180664
394,160.79984664916992,2,4087536,27.0,1062.154769897461
395,160.8125925064087,2,4087860,324.0,12745.857238769531
396,160.83603858947754,2,4088456,596.0,23446.083068847656
397,160.85952401161194,3,4089053,597.0,23485.422134399414
398,160.8829700946808,1,4089649,596.0,23446.083068847656
399,160.89036583900452,2,4089837,188.0,7395.744323730469
400,160.90641617774963,2,4090245,408.0,16050.338745117188
401,160.92089295387268,2,4090613,368.0,14476.776123046875
402,160.92986226081848,1,4090841,228.0,8969.306945800781
403,160.95142006874084,2,4091389,548.0,21557.80792236328
404,160.95330834388733,1,4091437,48.0,1888.275146484375
405,160.97675442695618,1,4092033,596.0,23446.083068847656
406,161.00020051002502,1,4092629,596.0,23446.083068847656
407,161.01247429847717,3,4092941,312.0,12273.788452148438
408,161.02364659309387,2,4093225,284.0,11172.294616699219
409,161.04709267616272,2,4093821,596.0,23446.083068847656
410,161.07053875923157,2,4094417,596.0,23446.083068847656
411,161.07356786727905,2,4094494,77.0,3029.1080474853516
412,161.09398484230042,2,4095013,519.0,20416.975021362305
413,161.11743092536926,2,4095609,596.0,23446.083068847656
414,161.13462209701538,2,4096046,437.0,17191.171646118164
415,161.1408770084381,2,4096205,159.0,6254.911422729492
416,161.16432309150696,2,4096801,596.0,23446.083068847656
417,161.1651885509491,1,4096823,22.0,865.4594421386719
418,161.1877691745758,2,4097397,574.0,22580.623626708984
419,161.1956763267517,2,4097598,201.0,7907.15217590332
420,161.2112545967102,1,4097994,396.0,15578.269958496094
421,161.23470067977905,1,4098590,596.0,23446.083068847656
422,161.2581467628479,1,4099186,596.0,23446.083068847656
423,161.28159284591675,1,4099782,596.0,23446.083068847656
424,161.3050389289856,1,4100378,596.0,23446.083068847656
425,161.31782412528992,2,4100703,325.0,12785.196304321289
426,161.32848501205444,1,4100974,271.0,10660.886764526367
427,161.3519310951233,2,4101570,596.0,23446.083068847656
428,161.37537717819214,2,4102166,596.0,23446.083068847656
429,161.398823261261,2,4102762,596.0,23446.083068847656
430,161.42226934432983,2,4103358,596.0,23446.083068847656
431,161.44571542739868,2,4103954,596.0,23446.083068847656
432,161.46916151046753,2,4104550,596.0,23446.083068847656
433,161.49264693260193,1,4105147,597.0,23485.422134399414
434,161.51609301567078,1,4105743,596.0,23446.083068847656
435,161.53155326843262,1,4106136,393.0,15460.25276184082
436,161.53953909873962,1,4106339,203.0,7985.830307006836
437,161.56208038330078,2,4106912,573.0,22541.284561157227
438,161.56298518180847,1,4106935,23.0,904.7985076904297
439,161.58643126487732,1,4107531,596.0,23446.083068847656
440,161.59260749816895,2,4107688,157.0,6176.233291625977
441,161.60987734794617,1,4108127,439.0,17269.84977722168
442,161.63332343101501,1,4108723,596.0,23446.083068847656
443,161.65370106697083,1,4109241,518.0,20377.635955810547
444,161.65676951408386,1,4109319,78.0,3068.4471130371094
445,161.6802155971527,1,4109915,596.0,23446.083068847656
446,161.70366168022156,1,4110511,596.0,23446.083068847656
447,161.71475529670715,1,4110793,282.0,11093.616485595703
448,161.7271077632904,2,4111107,314.0,12352.466583251953
449,161.75055384635925,2,4111703,596.0,23446.083068847656
450,161.7739999294281,1,4112299,596.0,23446.083068847656
451,161.7974853515625,1,4112896,597.0,23485.422134399414
452,161.8063759803772,1,4113122,226.0,8890.628814697266
453,161.82093143463135,1,4113492,370.0,14555.45425415039
454,161.8443775177002,1,4114088,596.0,23446.083068847656
455,161.86739087104797,3,4114673,585.0,23013.35334777832
456,161.8912696838379,1,4115280,607.0,23878.812789916992
457,161.91471576690674,1,4115876,596.0,23446.083068847656
458,161.9381618499756,1,4116472,596.0,23446.083068847656
459,161.98505401611328,1,4117664,1192.0,46892.16613769531
460,162.00850009918213,1,4118260,596.0,23446.083068847656
461,162.17274069786072,1,4122435,4175.0,164240.59867858887
462,162.35594272613525,1,4127092,4657.0,183202.02827453613
463,162.42494344711304,1,4128846,1754.0,69000.7209777832
464,162.5391447544098,1,4131749,2903.0,114201.30729675293
465,162.78340101242065,1,4137958,6209.0,244256.25801086426
466,163.94362807273865,1,4167451,29493.0,1160227.0603179932
467,164.00468230247498,1,4169003,1552.0,61054.229736328125
468,164.24893856048584,1,4175212,6209.0,244256.25801086426
469,164.43214058876038,1,4179869,4657.0,183202.02827453613
470,164.46266770362854,2,4180645,776.0,30527.114868164062
471,164.4931948184967,2,4181421,776.0,30527.114868164062
472,164.55424904823303,2,4182973,1552.0,61054.229736328125
473,164.67639684677124,2,4186078,3105.0,122147.79853820801
474,164.8290717601776,1,4189959,3881.0,152674.91340637207
475,165.0428009033203,1,4195392,5433.0,213729.1431427002
476,165.10385513305664,1,4196944,1552.0,61054.229736328125
477,165.1343822479248,2,4197720,776.0,30527.114868164062
478,165.17411470413208,1,4198730,1010.0,39732.45620727539
479,165.28705716133118,1,4201601,2871.0,112942.45719909668
480,165.3481113910675,2,4203153,1552.0,61054.229736328125
481,165.4555070400238,1,4205883,2730.0,107395.64895629883
482,165.4702591896057,1,4206258,375.0,14752.14958190918
483,165.47895312309265,1,4206479,221.0,8693.933486938477
484,165.5023992061615,1,4207075,596.0,23446.083068847656
485,165.5492913722992,1,4208267,1192.0,46892.16613769531
486,165.59236764907837,2,4209362,1095.0,43076.276779174805
487,165.5961835384369,1,4209459,97.0,3815.889358520508
488,165.6534218788147,2,4210914,1455.0,57238.34037780762
489,165.6839883327484,1,4211691,777.0,30566.45393371582
490,165.69000720977783,1,4211844,153.0,6018.877029418945
491,165.71345329284668,1,4212440,596.0,23446.083068847656
492,165.71451544761658,1,4212467,27.0,1062.154769897461
493,165.73689937591553,1,4213036,569.0,22383.928298950195
494,165.74504256248474,1,4213243,207.0,8143.186569213867
495,165.76034545898438,1,4213632,389.0,15302.896499633789
496,165.78379154205322,1,4214228,596.0,23446.083068847656
497,165.80609679222107,1,4214795,567.0,22305.25016784668
498,165.80723762512207,1,4214824,29.0,1140.8329010009766
499,165.83068370819092,1,4215420,596.0,23446.083068847656
500,165.83662390708923,1,4215571,151.0,5940.19889831543
501,165.85412979125977,1,4216016,445.0,17505.884170532227
502,165.8775758743286,1,4216612,596.0,23446.083068847656
503,165.89767813682556,2,4217123,511.0,20102.262496948242
504,165.9244680404663,1,4217804,681.0,26789.90364074707
505,165.94791412353516,1,4218400,596.0,23446.083068847656
506,165.95877170562744,1,4218676,276.0,10857.582092285156
507,165.971360206604,2,4218996,320.0,12588.5009765625
508,165.9948456287384,1,4219593,597.0,23485.422134399414
509,166.0417377948761,1,4220785,1192.0,46892.16613769531
510,166.05035305023193,1,4221004,219.0,8615.255355834961
511,166.06518387794495,1,4221381,377.0,14830.827713012695
512,166.0808801651001,2,4221780,399.0,15696.287155151367
513,166.0886299610138,1,4221977,197.0,7749.795913696289
514,166.11140727996826,2,4222556,579.0,22777.318954467773
515,166.11207604408264,1,4222573,17.0,668.7641143798828
516,166.1355221271515,1,4223169,596.0,23446.083068847656
517,166.15896821022034,1,4223765,596.0,23446.083068847656
518,166.18241429328918,1,4224361,596.0,23446.083068847656
519,166.2030279636383,1,4224885,524.0,20613.670349121094
520,166.20586037635803,1,4224957,72.0,2832.4127197265625
521,166.22930645942688,1,4225553,596.0,23446.083068847656
522,166.23355507850647,1,4225661,108.0,4248.619079589844
523,166.25275254249573,1,4226149,488.0,19197.463989257812
524,166.27619862556458,1,4226745,596.0,23446.083068847656
525,166.2946093082428,1,4227213,468.0,18410.682678222656
526,166.29964470863342,1,4227341,128.0,5035.400390625
527,166.32313013076782,1,4227938,597.0,23485.422134399414
528,166.32513642311096,2,4227989,51.0,2006.2923431396484
529,166.34657621383667,1,4228534,545.0,21439.790725708008
530,166.35566353797913,2,4228765,231.0,9087.324142456055
531,166.37002229690552,1,4229130,365.0,14358.758926391602
532,166.39346837997437,1,4229726,596.0,23446.083068847656
533,166.416757106781,2,4230318,592.0,23288.726806640625
534,166.44036054611206,1,4230918,600.0,23603.439331054688
535,166.4638066291809,1,4231514,596.0,23446.083068847656
536,166.47781133651733,1,4231870,356.0,14004.707336425781
537,166.48725271224976,1,4232110,240.0,9441.375732421875
538,166.5106987953186,1,4232706,596.0,23446.083068847656
539,166.53414487838745,1,4233302,596.0,23446.083068847656
540,166.53886556625366,1,4233422,120.0,4720.6878662109375
541,166.5575909614563,1,4233898,476.0,18725.39520263672
542,166.56939268112183,2,4234198,300.0,11801.719665527344
543,166.58103704452515,1,4234494,296.0,11644.363403320312
544,166.59991979599,2,4234974,480.0,18882.75146484375
545,166.604483127594,2,4235090,116.0,4563.331604003906
546,166.62792921066284,2,4235686,596.0,23446.083068847656
547,166.63044691085815,2,4235750,64.0,2517.7001953125
548,166.6513752937317,2,4236282,532.0,20928.382873535156
549,166.66274428367615,3,4236571,289.0,11368.989944458008
550,166.6684091091156,1,4236715,144.0,5664.825439453125
551,166.67482137680054,2,4236878,163.0,6412.267684936523
552,166.69154047966003,1,4237303,425.0,16719.10285949707
553,166.69826745986938,2,4237474,171.0,6726.980209350586
554,166.72175288200378,1,4238071,597.0,23485.422134399414
555,166.74519896507263,1,4238667,596.0,23446.083068847656
556,166.76864504814148,1,4239263,596.0,23446.083068847656
557,166.79209113121033,1,4239859,596.0,23446.083068847656
558,166.8136489391327,1,4240407,548.0,21557.80792236328
559,166.81553721427917,1,4240455,48.0,1888.275146484375
560,166.83898329734802,1,4241051,596.0,23446.083068847656
561,166.86242938041687,1,4241647,596.0,23446.083068847656
562,166.88587546348572,1,4242243,596.0,23446.083068847656
563,166.90932154655457,1,4242839,596.0,23446.083068847656
564,166.9327676296234,1,4243435,596.0,23446.083068847656
565,166.95621371269226,2,4244031,596.0,23446.083068847656
566,166.9796597957611,2,4244627,596.0,23446.083068847656
567,167.00310587882996,2,4245223,596.0,23446.083068847656
568,167.0265519618988,2,4245819,596.0,23446.083068847656
569,167.0500373840332,1,4246416,597.0,23485.422134399414
570,167.05790519714355,2,4246616,200.0,7867.8131103515625
571,167.07348346710205,1,4247012,396.0,15578.269958496094
572,167.08843231201172,2,4247392,380.0,14948.844909667969
573,167.0969295501709,1,4247608,216.0,8497.238159179688
574,167.11895942687988,2,4248168,560.0,22029.876708984375
575,167.12037563323975,1,4248204,36.0,1416.2063598632812
576,167.1438217163086,1,4248800,596.0,23446.083068847656
577,167.16726779937744,1,4249396,596.0,23446.083068847656
578,167.18005299568176,1,4249721,325.0,12785.196304321289
579,167.1907138824463,1,4249992,271.0,10660.886764526367
580,167.21415996551514,1,4250588,596.0,23446.083068847656
581,167.23760604858398,1,4251184,596.0,23446.083068847656
582,167.26105213165283,1,4251780,596.0,23446.083068847656
583,167.30216145515442,2,4252825,1045.0,41109.323501586914
584,167.3632550239563,1,4254378,1553.0,61093.56880187988
585,167.7300524711609,1,4263702,9324.0,366797.44720458984
586,167.75349855422974,1,4264298,596.0,23446.083068847656
587,167.7907133102417,1,4265244,946.0,37214.75601196289
588,167.82383680343628,1,4266086,842.0,33123.49319458008
589,167.97387599945068,2,4269900,3814.0,150039.1960144043
590,167.98799872398376,1,4270259,359.0,14122.724533081055
591,168.00042986869812,1,4270575,316.0,12431.144714355469
592,168.0114448070526,4,4270855,280.0,11014.938354492188
593,168.03489089012146,1,4271451,596.0,23446.083068847656
594,168.08178305625916,1,4272643,1192.0,46892.16613769531
595,168.105229139328,1,4273239,596.0,23446.083068847656
596,168.12867522239685,1,4273835,596.0,23446.083068847656
597,168.17556738853455,1,4275027,1192.0,46892.16613769531
598,168.1990134716034,1,4275623,596.0,23446.083068847656
599,168.22245955467224,1,4276219,596.0,23446.083068847656
600,168.29283714294434,1,4278008,1789.0,70377.58827209473
601,168.31628322601318,1,4278604,596.0,23446.083068847656
602,168.36317539215088,1,4279796,1192.0,46892.16613769531
603,168.38662147521973,1,4280392,596.0,23446.083068847656
604,168.41006755828857,1,4280988,596.0,23446.083068847656
605,168.43351364135742,1,4281584,596.0,23446.083068847656
606,168.49295496940613,1,4283095,1511.0,59441.328048706055
607,168.50385189056396,1,4283372,277.0,10896.921157836914
608,168.5234820842743,1,4283871,499.0,19630.19371032715
609,168.62112164497375,1,4286353,2482.0,97639.56069946289
610,168.6445677280426,1,4286949,596.0,23446.083068847656
611,168.6456298828125,1,4286976,27.0,1062.154769897461
612,168.6914598941803,1,4288141,1165.0,45830.01136779785
613,168.71490597724915,1,4288737,596.0,23446.083068847656
614,168.738352060318,1,4289333,596.0,23446.083068847656
615,168.76179814338684,1,4289929,596.0,23446.083068847656
616,168.76773834228516,1,4290080,151.0,5940.19889831543
617,168.7852442264557,1,4290525,445.0,17505.884170532227
618,168.82879257202148,2,4291632,1107.0,43548.3455657959
619,168.83213639259338,1,4291717,85.0,3343.820571899414
620,168.85558247566223,1,4292313,596.0,23446.083068847656
621,168.92596006393433,1,4294102,1789.0,70377.58827209473
622,168.94940614700317,1,4294698,596.0,23446.083068847656
623,168.97285223007202,1,4295294,596.0,23446.083068847656
624,168.99629831314087,1,4295890,596.0,23446.083068847656
625,169.01974439620972,1,4296486,596.0,23446.083068847656
626,169.04319047927856,1,4297082,596.0,23446.083068847656
627,169.0666365623474,1,4297678,596.0,23446.083068847656
628,169.09008264541626,1,4298274,596.0,23446.083068847656
629,169.1135287284851,1,4298870,596.0,23446.083068847656
630,169.13697481155396,1,4299466,596.0,23446.083068847656
631,169.1604208946228,1,4300062,596.0,23446.083068847656
632,169.18386697769165,1,4300658,596.0,23446.083068847656
633,169.2307984828949,1,4301851,1193.0,46931.50520324707
634,169.25424456596375,1,4302447,596.0,23446.083068847656
635,169.2776906490326,1,4303043,596.0,23446.083068847656
636,169.30113673210144,1,4303639,596.0,23446.083068847656
637,169.3245828151703,1,4304235,596.0,23446.083068847656
638,169.34802889823914,1,4304831,596.0,23446.083068847656
639,169.37147498130798,1,4305427,596.0,23446.083068847656
640,169.3783986568451,1,4305603,176.0,6923.675537109375
641,169.39492106437683,1,4306023,420.0,16522.40753173828
642,169.41836714744568,1,4306619,596.0,23446.083068847656
643,169.44181323051453,1,4307215,596.0,23446.083068847656
644,169.46525931358337,1,4307811,596.0,23446.083068847656
645,169.48870539665222,1,4308407,596.0,23446.083068847656
646,169.51215147972107,1,4309003,596.0,23446.083068847656
647,169.53559756278992,2,4309599,596.0,23446.083068847656
648,169.55908298492432,1,4310196,597.0,23485.422134399414
649,169.58252906799316,1,4310792,596.0,23446.083068847656
650,169.605975151062,1,4311388,596.0,23446.083068847656
651,169.62942123413086,1,4311984,596.0,23446.083068847656
652,169.6528673171997,1,4312580,596.0,23446.083068847656
653,169.67631340026855,1,4313176,596.0,23446.083068847656
654,169.6997594833374,1,4313772,596.0,23446.083068847656
655,169.72320556640625,1,4314368,596.0,23446.083068847656
656,169.7466516494751,1,4314964,596.0,23446.083068847656
657,169.77009773254395,1,4315560,596.0,23446.083068847656
658,169.7935438156128,1,4316156,596.0,23446.083068847656
659,169.81698989868164,1,4316752,596.0,23446.083068847656
660,169.8404359817505,1,4317348,596.0,23446.083068847656
661,169.88736748695374,1,4318541,1193.0,46931.50520324707
662,169.91081357002258,1,4319137,596.0,23446.083068847656
663,169.93425965309143,1,4319733,596.0,23446.083068847656
664,169.95770573616028,1,4320329,596.0,23446.083068847656
665,169.98115181922913,1,4320925,596.0,23446.083068847656
666,169.9986970424652,1,4321371,446.0,17545.223236083984
667,170.00459790229797,1,4321521,150.0,5900.859832763672
668,170.02804398536682,1,4322117,596.0,23446.083068847656
669,170.05149006843567,1,4322713,596.0,23446.083068847656
670,170.07493615150452,1,4323309,596.0,23446.083068847656
671,170.09838223457336,1,4323905,596.0,23446.083068847656
672,170.1218283176422,1,4324501,596.0,23446.083068847656
673,170.14527440071106,1,4325097,596.0,23446.083068847656
674,170.1687204837799,2,4325693,596.0,23446.083068847656
675,170.239098072052,1,4327482,1789.0,70377.58827209473
676,170.26254415512085,1,4328078,596.0,23446.083068847656
677,170.2859902381897,1,4328674,596.0,23446.083068847656
678,170.30943632125854,1,4329270,596.0,23446.083068847656
679,170.3328824043274,1,4329866,596.0,23446.083068847656
680,170.35632848739624,1,4330462,596.0,23446.083068847656
681,170.3797745704651,1,4331058,596.0,23446.083068847656
682,170.40322065353394,1,4331654,596.0,23446.083068847656
683,170.42666673660278,1,4332250,596.0,23446.083068847656
684,170.45011281967163,1,4332846,596.0,23446.083068847656
685,170.47355890274048,1,4333442,596.0,23446.083068847656
686,170.56915283203125,1,4335872,2430.0,95593.92929077148
687,170.59082865715027,1,4336423,551.0,21675.825119018555
688,170.61427474021912,1,4337019,596.0,23446.083068847656
689,170.63772082328796,1,4337615,596.0,23446.083068847656
690,170.6611669063568,1,4338211,596.0,23446.083068847656
691,170.68461298942566,1,4338807,596.0,23446.083068847656
692,170.7080590724945,1,4339403,596.0,23446.083068847656
693,170.73150515556335,1,4339999,596.0,23446.083068847656
694,170.7549512386322,1,4340595,596.0,23446.083068847656
695,170.77839732170105,1,4341191,596.0,23446.083068847656
696,170.78288197517395,1,4341305,114.0,4484.653472900391
697,170.8487355709076,1,4342979,1674.0,65853.59573364258
698,170.87218165397644,1,4343575,596.0,23446.083068847656
699,170.98945140838623,1,4346556,2981.0,117269.75440979004
700,171.01289749145508,1,4347152,596.0,23446.083068847656
701,171.05978965759277,1,4348344,1192.0,46892.16613769531
702,171.08323574066162,1,4348940,596.0,23446.083068847656
703,171.10668182373047,1,4349536,596.0,23446.083068847656
704,171.13012790679932,1,4350132,596.0,23446.083068847656
705,171.15357398986816,2,4350728,596.0,23446.083068847656
706,171.177020072937,1,4351324,596.0,23446.083068847656
707,171.22395157814026,1,4352517,1193.0,46931.50520324707
708,171.2473976612091,1,4353113,596.0,23446.083068847656
709,171.27084374427795,1,4353709,596.0,23446.083068847656
710,171.2942898273468,1,4354305,596.0,23446.083068847656
711,171.31773591041565,1,4354901,596.0,23446.083068847656
712,171.3411819934845,1,4355497,596.0,23446.083068847656
713,171.36462807655334,1,4356093,596.0,23446.083068847656
714,171.3880741596222,1,4356689,596.0,23446.083068847656
715,171.41152024269104,1,4357285,596.0,23446.083068847656
716,171.4349663257599,1,4357881,596.0,23446.083068847656
717,171.45841240882874,2,4358477,596.0,23446.083068847656
718,171.48185849189758,2,4359073,596.0,23446.083068847656
719,171.50530457496643,2,4359669,596.0,23446.083068847656
720,171.52875065803528,2,4360265,596.0,23446.083068847656
721,171.55223608016968,1,4360862,597.0,23485.422134399414
722,171.57564282417297,2,4361457,595.0,23406.7440032959
723,171.59912824630737,1,4362054,597.0,23485.422134399414
724,171.62257432937622,1,4362650,596.0,23446.083068847656
725,171.64602041244507,1,4363246,596.0,23446.083068847656
726,171.66946649551392,1,4363842,596.0,23446.083068847656
727,171.69291257858276,1,4364438,596.0,23446.083068847656
728,171.7163586616516,1,4365034,596.0,23446.083068847656
729,171.73980474472046,1,4365630,596.0,23446.083068847656
730,171.7632508277893,2,4366226,596.0,23446.083068847656
731,171.78669691085815,2,4366822,596.0,23446.083068847656
732,171.810142993927,2,4367418,596.0,23446.083068847656
733,171.83358907699585,2,4368014,596.0,23446.083068847656
734,171.8570351600647,2,4368610,596.0,23446.083068847656
735,171.88048124313354,2,4369206,596.0,23446.083068847656
736,171.90396666526794,1,4369803,597.0,23485.422134399414
737,171.92737340927124,2,4370398,595.0,23406.7440032959
738,171.95085883140564,1,4370995,597.0,23485.422134399414
739,171.9743049144745,1,4371591,596.0,23446.083068847656
740,171.99775099754333,1,4372187,596.0,23446.083068847656
741,172.00416326522827,1,4372350,163.0,6412.267684936523
742,172.02119708061218,1,4372783,433.0,17033.815383911133
743,172.03469038009644,2,4373126,343.0,13493.29948425293
744,172.04464316368103,1,4373379,253.0,9952.783584594727
745,172.06808924674988,2,4373975,596.0,23446.083068847656
746,172.09153532981873,2,4374571,596.0,23446.083068847656
747,172.09578394889832,1,4374679,108.0,4248.619079589844
748,172.11498141288757,2,4375167,488.0,19197.463989257812
749,172.12631106376648,1,4375455,288.0,11329.65087890625
750,172.13842749595642,2,4375763,308.0,12116.432189941406
751,172.16187357902527,2,4376359,596.0,23446.083068847656
752,172.18531966209412,2,4376955,596.0,23446.083068847656
753,172.1873652935028,1,4377007,52.0,2045.6314086914062
754,172.20876574516296,2,4377551,544.0,21400.45166015625
755,172.2322118282318,2,4378147,596.0,23446.083068847656
756,172.25565791130066,2,4378743,596.0,23446.083068847656
757,172.2791039943695,2,4379339,596.0,23446.083068847656
758,172.3025894165039,1,4379936,597.0,23485.422134399414
759,172.30951309204102,1,4380112,176.0,6923.675537109375
760,172.32603549957275,1,4380532,420.0,16522.40753173828
761,172.3494815826416,1,4381128,596.0,23446.083068847656
762,172.37292766571045,2,4381724,596.0,23446.083068847656
763,172.3963737487793,2,4382320,596.0,23446.083068847656
764,172.41981983184814,2,4382916,596.0,23446.083068847656
765,172.443265914917,2,4383512,596.0,23446.083068847656
766,172.46671199798584,2,4384108,596.0,23446.083068847656
767,172.4901580810547,2,4384704,596.0,23446.083068847656
768,172.51360416412354,2,4385300,596.0,23446.083068847656
769,172.53705024719238,2,4385896,596.0,23446.083068847656
770,172.55376935005188,1,4386321,425.0,16719.10285949707
771,172.56049633026123,2,4386492,171.0,6726.980209350586
772,172.58394241333008,2,4387088,596.0,23446.083068847656
773,172.60742783546448,1,4387685,597.0,23485.422134399414
774,172.63087391853333,1,4388281,596.0,23446.083068847656
775,172.65432000160217,1,4388877,596.0,23446.083068847656
776,172.67776608467102,1,4389473,596.0,23446.083068847656
777,172.70121216773987,1,4390069,596.0,23446.083068847656
778,172.72465825080872,1,4390665,596.0,23446.083068847656
779,172.74810433387756,1,4391261,596.0,23446.083068847656
780,172.7715504169464,2,4391857,596.0,23446.083068847656
781,172.79499650001526,2,4392453,596.0,23446.083068847656
782,172.79802560806274,1,4392530,77.0,3029.1080474853516
783,172.8184425830841,2,4393049,519.0,20416.975021362305
784,172.8419280052185,1,4393646,597.0,23485.422134399414
785,172.86537408828735,1,4394242,596.0,23446.083068847656
786,172.8888201713562,1,4394838,596.0,23446.083068847656
787,172.91226625442505,1,4395434,596.0,23446.083068847656
788,172.9357123374939,1,4396030,596.0,23446.083068847656
789,172.95915842056274,1,4396626,596.0,23446.083068847656
790,172.9826045036316,1,4397222,596.0,23446.083068847656
791,173.00605058670044,1,4397818,596.0,23446.083068847656
792,173.0294966697693,1,4398414,596.0,23446.083068847656
793,173.05294275283813,1,4399010,596.0,23446.083068847656
794,173.09983491897583,1,4400202,1192.0,46892.16613769531
795,173.24055075645447,1,4403779,3577.0,140715.8374786377
796,173.310889005661,1,4405567,1788.0,70338.24920654297
797,173.33433508872986,1,4406163,596.0,23446.083068847656
798,173.38122725486755,1,4407355,1192.0,46892.16613769531
799,173.469740152359,1,4409605,2250.0,88512.89749145508
800,173.61572742462158,1,4413316,3711.0,145987.27226257324
801,173.944011926651,1,4421661,8345.0,328284.50202941895
802,174.01435017585754,1,4423449,1788.0,70338.24920654297
803,174.0377962589264,1,4424045,596.0,23446.083068847656
804,174.08472776412964,1,4425238,1193.0,46931.50520324707
805,174.1081738471985,1,4425834,596.0,23446.083068847656
806,174.13161993026733,1,4426430,596.0,23446.083068847656
807,174.15506601333618,1,4427026,596.0,23446.083068847656
808,174.17851209640503,1,4427622,596.0,23446.083068847656
809,174.20195817947388,1,4428218,596.0,23446.083068847656
810,174.22540426254272,1,4428814,596.0,23446.083068847656
811,174.24885034561157,1,4429410,596.0,23446.083068847656
812,174.43641901016235,1,4434178,4768.0,187568.66455078125
813,174.577134847641,1,4437755,3577.0,140715.8374786377
814,174.60058093070984,1,4438351,596.0,23446.083068847656
815,174.6240270137787,1,4438947,596.0,23446.083068847656
816,174.64747309684753,1,4439543,596.0,23446.083068847656
817,174.67091917991638,1,4440139,596.0,23446.083068847656
818,174.69436526298523,1,4440735,596.0,23446.083068847656
819,174.99865293502808,1,4448470,7735.0,304287.6720428467
820,175.65577268600464,1,4465174,16704.0,657119.7509765625
821,175.70266485214233,1,4466366,1192.0,46892.16613769531
822,175.72611093521118,1,4466962,596.0,23446.083068847656
823,175.74955701828003,1,4467558,596.0,23446.083068847656
824,175.77300310134888,2,4468154,596.0,23446.083068847656
825,175.79644918441772,2,4468750,596.0,23446.083068847656
826,175.81989526748657,2,4469346,596.0,23446.083068847656
827,175.84334135055542,2,4469942,596.0,23446.083068847656
828,175.86682677268982,1,4470539,597.0,23485.422134399414
829,175.89027285575867,1,4471135,596.0,23446.083068847656
830,175.91371893882751,1,4471731,596.0,23446.083068847656
831,175.93716502189636,1,4472327,596.0,23446.083068847656
832,175.9606111049652,1,4472923,596.0,23446.083068847656
833,175.98405718803406,1,4473519,596.0,23446.083068847656
834,176.0075032711029,1,4474115,596.0,23446.083068847656
835,179.99691724777222,1,4575526,101411.0,3989413.9766693115
836,180.0133216381073,1,4575943,417.0,16404.390335083008
837,186.30938172340393,4,4735989,160046.0,6296060.085296631
838,189.9966323375702,1,4829719,93730.0,3687250.6141662598
839,190.00001549720764,1,4829805,86.0,3383.159637451172
840,192.00048565864563,2,4880657,50852.0,2000470.1614379883
841,192.00178384780884,1,4880690,33.0,1298.1891632080078
842,192.00894355773926,3,4880872,182.0,7159.709930419922
843,192.09344387054443,2,4883020,2148.0,84500.31280517578
844,192.23415970802307,1,4886597,3577.0,140715.8374786377
845,192.30449795722961,1,4888385,1788.0,70338.24920654297
846,192.30945467948914,3,4888511,126.0,4956.722259521484
847,192.32794404029846,1,4888981,470.0,18489.360809326172
848,192.3513901233673,1,4889577,596.0,23446.083068847656
849,192.37483620643616,1,4890173,596.0,23446.083068847656
850,192.398282289505,1,4890769,596.0,23446.083068847656
851,192.49879360198975,5,4893324,2555.0,100511.31248474121
852,207.99830675125122,1,5287322,393998.0,15499513.149261475
853,208.33418369293213,2,5295860,8538.0,335876.9416809082
854,214.99833941459656,1,5465263,169403.0,6664155.721664429
855,219.99829530715942,1,5592362,127099.0,4999955.892562866
856,223.9981734752655,1,5694039,101677.0,3999878.168106079
857,224.9982511997223,1,5719461,25422.0,1000077.7244567871
858,225.0009262561798,2,5719529,68.0,2675.0564575195312
859,240.00059723854065,3,6100821,381292.0,14999670.98236084
860,240.00224947929382,1,6100863,42.0,1652.2407531738281
861,250.00086307525635,1,6355028,254165.0,9998613.595962524
862,275.00001311302185,1,6990507,635479.0,24999150.037765503
863,285.0000035762787,1,7244707,254200.0,9999990.463256836
864,289.9999988079071,1,7371807,127100.0,4999995.231628418
865,294.9999940395355,1,7498907,127100.0,4999995.231628418
